{
  "schema_version": 1,
  "case_identity": "worker-fix-smoke",
  "timestamp_utc": "2026-07-20T19:12:42.798521+00:00",
  "strategy": "ddp",
  "world_size": 1,
  "local_batch_size": 1,
  "global_batch_size": 1,
  "seq_len": 1024,
  "global_tokens_per_step": 1024,
  "warmup_steps": 1,
  "measure_steps": 1,
  "repeat": 0,
  "parameter_count": 530541312,
  "precision": "bf16",
  "workers_per_rank": 4,
  "workers_per_node": 4,
  "prefetch_factor": 2,
  "step_time_ms_mean": 92.659401999299,
  "step_time_ms_p50": 92.659401999299,
  "step_time_ms_p95": 92.659401999299,
  "throughput_tokens_per_sec": 11051.22608073541,
  "data_wait_ms_mean": 0.19932699979108293,
  "data_wait_ms_p95": 0.19932699979108293,
  "data_stall_percent": 0.21511794323105052,
  "peak_memory_allocated_mb": 8854.47119140625,
  "peak_memory_reserved_mb": 8972.0,
  "system_peak_memory_allocated_mb": 8854.47119140625,
  "system_peak_memory_reserved_mb": 8972.0,
  "gpu_memory_total_mb": 24217.3125,
  "system_gpu_memory_total_mb": 24217.3125,
  "memory_utilization_percent": 36.56256734270679,
  "system_memory_utilization_percent": 36.56256734270679,
  "last_loss": 10.553329467773438,
  "torch_version": "2.5.1+cu118",
  "cuda_version": "11.8",
  "gpu_name": "NVIDIA GeForce RTX 4090"
}
