{
  "schema_version": 1,
  "case_identity": "single-worker-smoke",
  "timestamp_utc": "2026-07-20T19:28:05.440483+00:00",
  "strategy": "single",
  "world_size": 1,
  "local_batch_size": 1,
  "global_batch_size": 1,
  "seq_len": 1024,
  "global_tokens_per_step": 1024,
  "warmup_steps": 1,
  "measure_steps": 1,
  "repeat": 0,
  "parameter_count": 530541312,
  "precision": "bf16",
  "workers_per_rank": 4,
  "workers_per_node": 4,
  "prefetch_factor": 2,
  "step_time_ms_mean": 89.98626399989007,
  "step_time_ms_p50": 89.98626399989007,
  "step_time_ms_p95": 89.98626399989007,
  "throughput_tokens_per_sec": 11379.514544589283,
  "data_wait_ms_mean": 0.6332930006465176,
  "data_wait_ms_p95": 0.6332930006465176,
  "data_stall_percent": 0.7037662999847302,
  "peak_memory_allocated_mb": 8122.3623046875,
  "peak_memory_reserved_mb": 8506.0,
  "system_peak_memory_allocated_mb": 8122.3623046875,
  "system_peak_memory_reserved_mb": 8506.0,
  "gpu_memory_total_mb": 24217.3125,
  "system_gpu_memory_total_mb": 24217.3125,
  "memory_utilization_percent": 33.539486698565334,
  "system_memory_utilization_percent": 33.539486698565334,
  "last_loss": 10.553329467773438,
  "torch_version": "2.5.1+cu118",
  "cuda_version": "11.8",
  "gpu_name": "NVIDIA GeForce RTX 4090"
}
