{
  "schema_version": 1,
  "case_identity": "a8edcee50f7f04f3503027048d284fd4773a35238c241b679c2ef527dc3fc730",
  "timestamp_utc": "2026-07-20T19:56:53.490759+00:00",
  "strategy": "fsdp",
  "world_size": 4,
  "local_batch_size": 112,
  "global_batch_size": 448,
  "seq_len": 512,
  "global_tokens_per_step": 229376,
  "warmup_steps": 3,
  "measure_steps": 5,
  "repeat": 0,
  "parameter_count": 293494272,
  "precision": "bf16",
  "workers_per_rank": 4,
  "workers_per_node": 16,
  "prefetch_factor": 2,
  "step_time_ms_mean": 618.5046590006095,
  "step_time_ms_p50": 617.8355000010924,
  "step_time_ms_p95": 620.4466670009424,
  "throughput_tokens_per_sec": 370857.46618349256,
  "data_wait_ms_mean": 0.4653670002880972,
  "data_wait_ms_p95": 0.6735533999744803,
  "data_stall_percent": 0.07524066205742819,
  "peak_memory_allocated_mb": 20874.8203125,
  "peak_memory_reserved_mb": 22826.0,
  "system_peak_memory_allocated_mb": 83482.16064453125,
  "system_peak_memory_reserved_mb": 91166.0,
  "gpu_memory_total_mb": 24217.3125,
  "system_gpu_memory_total_mb": 96869.25,
  "memory_utilization_percent": 86.19792271541279,
  "system_memory_utilization_percent": 86.18024878331488,
  "last_loss": 10.951221466064453,
  "torch_version": "2.5.1+cu118",
  "cuda_version": "11.8",
  "gpu_name": "NVIDIA GeForce RTX 4090"
}
