{
  "schema_version": 1,
  "case_identity": "f688768e6f2b1e5dde678494d801ded5f5622f0d834dbe231e3054edc6096445",
  "timestamp_utc": "2026-07-20T19:56:33.009103+00:00",
  "strategy": "fsdp",
  "world_size": 4,
  "local_batch_size": 96,
  "global_batch_size": 384,
  "seq_len": 512,
  "global_tokens_per_step": 196608,
  "warmup_steps": 3,
  "measure_steps": 5,
  "repeat": 0,
  "parameter_count": 293494272,
  "precision": "bf16",
  "workers_per_rank": 4,
  "workers_per_node": 16,
  "prefetch_factor": 2,
  "step_time_ms_mean": 538.6031667996576,
  "step_time_ms_p50": 538.5757040003227,
  "step_time_ms_p95": 539.7194661996764,
  "throughput_tokens_per_sec": 365034.2360320335,
  "data_wait_ms_mean": 0.4497453996009426,
  "data_wait_ms_p95": 0.5421967998699984,
  "data_stall_percent": 0.08350218255739163,
  "peak_memory_allocated_mb": 18055.99462890625,
  "peak_memory_reserved_mb": 19822.0,
  "system_peak_memory_allocated_mb": 72202.45703125,
  "system_peak_memory_reserved_mb": 78770.0,
  "gpu_memory_total_mb": 24217.3125,
  "system_gpu_memory_total_mb": 96869.25,
  "memory_utilization_percent": 74.55820966470267,
  "system_memory_utilization_percent": 74.53599262020714,
  "last_loss": 10.957752227783203,
  "torch_version": "2.5.1+cu118",
  "cuda_version": "11.8",
  "gpu_name": "NVIDIA GeForce RTX 4090"
}
