{
  "schema_version": 1,
  "case_identity": "b3781e6fc42b90f686327b768c71908547f633a05d9978d8ed69660e74c7fc99",
  "timestamp_utc": "2026-07-20T19:30:22.182947+00:00",
  "strategy": "ddp",
  "world_size": 1,
  "local_batch_size": 4,
  "global_batch_size": 4,
  "seq_len": 1024,
  "global_tokens_per_step": 4096,
  "warmup_steps": 10,
  "measure_steps": 30,
  "repeat": 1,
  "parameter_count": 530541312,
  "precision": "bf16",
  "workers_per_rank": 4,
  "workers_per_node": 4,
  "prefetch_factor": 2,
  "step_time_ms_mean": 105.75470789996568,
  "step_time_ms_p50": 105.54055750026237,
  "step_time_ms_p95": 108.20761875011156,
  "throughput_tokens_per_sec": 38735.41888438978,
  "data_wait_ms_mean": 0.1320492666309292,
  "data_wait_ms_p95": 0.16353095011254473,
  "data_stall_percent": 0.1248637240394402,
  "peak_memory_allocated_mb": 10269.435546875,
  "peak_memory_reserved_mb": 10538.0,
  "system_peak_memory_allocated_mb": 10269.435546875,
  "system_peak_memory_reserved_mb": 10538.0,
  "gpu_memory_total_mb": 24217.3125,
  "system_gpu_memory_total_mb": 24217.3125,
  "memory_utilization_percent": 42.40534760772898,
  "system_memory_utilization_percent": 42.40534760772898,
  "last_loss": 10.493971824645996,
  "torch_version": "2.5.1+cu118",
  "cuda_version": "11.8",
  "gpu_name": "NVIDIA GeForce RTX 4090"
}
