{
  "schema_version": 1,
  "case_identity": "529c977632aa3615ddf17ce8b54e7a9ea0fd1a11393b12a20c1a8e1983a0c0e4",
  "timestamp_utc": "2026-07-20T19:31:42.687732+00:00",
  "strategy": "ddp",
  "world_size": 4,
  "local_batch_size": 4,
  "global_batch_size": 16,
  "seq_len": 1024,
  "global_tokens_per_step": 16384,
  "warmup_steps": 10,
  "measure_steps": 30,
  "repeat": 1,
  "parameter_count": 530541312,
  "precision": "bf16",
  "workers_per_rank": 4,
  "workers_per_node": 16,
  "prefetch_factor": 2,
  "step_time_ms_mean": 272.94527310004923,
  "step_time_ms_p50": 270.0865195001825,
  "step_time_ms_p95": 290.11916900026335,
  "throughput_tokens_per_sec": 60068.23859881019,
  "data_wait_ms_mean": 0.4791343333333013,
  "data_wait_ms_p95": 0.9322709501702775,
  "data_stall_percent": 0.1755422718596312,
  "peak_memory_allocated_mb": 10269.435546875,
  "peak_memory_reserved_mb": 10538.0,
  "system_peak_memory_allocated_mb": 41077.7421875,
  "system_peak_memory_reserved_mb": 42152.0,
  "gpu_memory_total_mb": 24217.3125,
  "system_gpu_memory_total_mb": 96869.25,
  "memory_utilization_percent": 42.40534760772898,
  "system_memory_utilization_percent": 42.40534760772898,
  "last_loss": 10.443830490112305,
  "torch_version": "2.5.1+cu118",
  "cuda_version": "11.8",
  "gpu_name": "NVIDIA GeForce RTX 4090"
}
