{
  "schema_version": 1,
  "case_identity": "f56ca7e77c1238c79e1a31e5012a89e1b73460328be25bc2d338bf2de050f804",
  "timestamp_utc": "2026-07-20T19:29:05.092491+00:00",
  "strategy": "single",
  "world_size": 1,
  "local_batch_size": 4,
  "global_batch_size": 4,
  "seq_len": 1024,
  "global_tokens_per_step": 4096,
  "warmup_steps": 10,
  "measure_steps": 30,
  "repeat": 0,
  "parameter_count": 530541312,
  "precision": "bf16",
  "workers_per_rank": 4,
  "workers_per_node": 4,
  "prefetch_factor": 2,
  "step_time_ms_mean": 102.82979490008681,
  "step_time_ms_p50": 102.93971649980449,
  "step_time_ms_p95": 105.14535354968757,
  "throughput_tokens_per_sec": 39843.112641411804,
  "data_wait_ms_mean": 0.1905765667591671,
  "data_wait_ms_p95": 0.2934195002580964,
  "data_stall_percent": 0.18533204986389232,
  "peak_memory_allocated_mb": 8294.447265625,
  "peak_memory_reserved_mb": 9246.0,
  "system_peak_memory_allocated_mb": 8294.447265625,
  "system_peak_memory_reserved_mb": 9246.0,
  "gpu_memory_total_mb": 24217.3125,
  "system_gpu_memory_total_mb": 24217.3125,
  "memory_utilization_percent": 34.25007323015301,
  "system_memory_utilization_percent": 34.25007323015301,
  "last_loss": 10.493971824645996,
  "torch_version": "2.5.1+cu118",
  "cuda_version": "11.8",
  "gpu_name": "NVIDIA GeForce RTX 4090"
}
