{
  "schema_version": 1,
  "case_identity": "d7c63cbbebcafcab2f811489bc7d60a5c7c018ee9ccb0433101427f322ae5f2e",
  "timestamp_utc": "2026-07-20T19:30:41.887939+00:00",
  "strategy": "ddp",
  "world_size": 1,
  "local_batch_size": 4,
  "global_batch_size": 4,
  "seq_len": 1024,
  "global_tokens_per_step": 4096,
  "warmup_steps": 10,
  "measure_steps": 30,
  "repeat": 2,
  "parameter_count": 530541312,
  "precision": "bf16",
  "workers_per_rank": 4,
  "workers_per_node": 4,
  "prefetch_factor": 2,
  "step_time_ms_mean": 107.03735436657855,
  "step_time_ms_p50": 106.82275650015072,
  "step_time_ms_p95": 109.09547274945908,
  "throughput_tokens_per_sec": 38274.83121955505,
  "data_wait_ms_mean": 0.15896019998156893,
  "data_wait_ms_p95": 0.2984879501127578,
  "data_stall_percent": 0.14850908911403626,
  "peak_memory_allocated_mb": 10269.435546875,
  "peak_memory_reserved_mb": 10538.0,
  "system_peak_memory_allocated_mb": 10269.435546875,
  "system_peak_memory_reserved_mb": 10538.0,
  "gpu_memory_total_mb": 24217.3125,
  "system_gpu_memory_total_mb": 24217.3125,
  "memory_utilization_percent": 42.40534760772898,
  "system_memory_utilization_percent": 42.40534760772898,
  "last_loss": 10.493971824645996,
  "torch_version": "2.5.1+cu118",
  "cuda_version": "11.8",
  "gpu_name": "NVIDIA GeForce RTX 4090"
}
