{
  "schema_version": 1,
  "case_identity": "6d350580661ff3eb58b4e4693c1c18ed1a5d416dfd667264cf6a2589f9ed1606",
  "timestamp_utc": "2026-07-20T19:31:11.700534+00:00",
  "strategy": "ddp",
  "world_size": 4,
  "local_batch_size": 4,
  "global_batch_size": 16,
  "seq_len": 1024,
  "global_tokens_per_step": 16384,
  "warmup_steps": 10,
  "measure_steps": 30,
  "repeat": 0,
  "parameter_count": 530541312,
  "precision": "bf16",
  "workers_per_rank": 4,
  "workers_per_node": 16,
  "prefetch_factor": 2,
  "step_time_ms_mean": 265.0842787666382,
  "step_time_ms_p50": 263.7206274998789,
  "step_time_ms_p95": 272.8062521001448,
  "throughput_tokens_per_sec": 61819.322876254264,
  "data_wait_ms_mean": 0.31580293331595993,
  "data_wait_ms_p95": 0.5500348504028804,
  "data_stall_percent": 0.11913302998778395,
  "peak_memory_allocated_mb": 10269.435546875,
  "peak_memory_reserved_mb": 10538.0,
  "system_peak_memory_allocated_mb": 41077.7421875,
  "system_peak_memory_reserved_mb": 42152.0,
  "gpu_memory_total_mb": 24217.3125,
  "system_gpu_memory_total_mb": 96869.25,
  "memory_utilization_percent": 42.40534760772898,
  "system_memory_utilization_percent": 42.40534760772898,
  "last_loss": 10.443830490112305,
  "torch_version": "2.5.1+cu118",
  "cuda_version": "11.8",
  "gpu_name": "NVIDIA GeForce RTX 4090"
}
