{
  "schema_version": 1,
  "case_identity": "ce9ad9c3d5faa5b0b602613980bc66694f253c36083df4a5ac8cdacc9fa79eb5",
  "timestamp_utc": "2026-07-20T19:32:31.140844+00:00",
  "strategy": "fsdp",
  "world_size": 1,
  "local_batch_size": 4,
  "global_batch_size": 4,
  "seq_len": 1024,
  "global_tokens_per_step": 4096,
  "warmup_steps": 10,
  "measure_steps": 30,
  "repeat": 0,
  "parameter_count": 530541312,
  "precision": "bf16",
  "workers_per_rank": 4,
  "workers_per_node": 4,
  "prefetch_factor": 2,
  "step_time_ms_mean": 109.89775066676278,
  "step_time_ms_p50": 109.18952949987215,
  "step_time_ms_p95": 113.67290765037978,
  "throughput_tokens_per_sec": 37281.11996496045,
  "data_wait_ms_mean": 0.17573130016899086,
  "data_wait_ms_p95": 0.2640675000293413,
  "data_stall_percent": 0.15990436483259035,
  "peak_memory_allocated_mb": 8408.990234375,
  "peak_memory_reserved_mb": 10650.0,
  "system_peak_memory_allocated_mb": 8408.990234375,
  "system_peak_memory_reserved_mb": 10650.0,
  "gpu_memory_total_mb": 24217.3125,
  "system_gpu_memory_total_mb": 24217.3125,
  "memory_utilization_percent": 34.72305291668925,
  "system_memory_utilization_percent": 34.72305291668925,
  "last_loss": 10.514108657836914,
  "torch_version": "2.5.1+cu118",
  "cuda_version": "11.8",
  "gpu_name": "NVIDIA GeForce RTX 4090"
}
