{
  "schema_version": 1,
  "case_identity": "8d0a793b28a974e8a62957226c472128a79f5f275ece5a0cb946dbe1004f4c6f",
  "timestamp_utc": "2026-07-20T19:34:38.547627+00:00",
  "strategy": "fsdp",
  "world_size": 4,
  "local_batch_size": 4,
  "global_batch_size": 16,
  "seq_len": 1024,
  "global_tokens_per_step": 16384,
  "warmup_steps": 10,
  "measure_steps": 30,
  "repeat": 2,
  "parameter_count": 530541312,
  "precision": "bf16",
  "workers_per_rank": 4,
  "workers_per_node": 16,
  "prefetch_factor": 2,
  "step_time_ms_mean": 253.40953556663712,
  "step_time_ms_p50": 252.9783324998789,
  "step_time_ms_p95": 256.1759213499954,
  "throughput_tokens_per_sec": 64656.165143382954,
  "data_wait_ms_mean": 0.3189299999879343,
  "data_wait_ms_p95": 0.9998824002650506,
  "data_stall_percent": 0.12585556390953875,
  "peak_memory_allocated_mb": 3672.634765625,
  "peak_memory_reserved_mb": 6018.0,
  "system_peak_memory_allocated_mb": 14674.8056640625,
  "system_peak_memory_reserved_mb": 23764.0,
  "gpu_memory_total_mb": 24217.3125,
  "system_gpu_memory_total_mb": 96869.25,
  "memory_utilization_percent": 15.16532755492584,
  "system_memory_utilization_percent": 15.149085663471638,
  "last_loss": 10.44423770904541,
  "torch_version": "2.5.1+cu118",
  "cuda_version": "11.8",
  "gpu_name": "NVIDIA GeForce RTX 4090"
}
