{
  "schema_version": 1,
  "case_identity": "6032b8d05b8efb3cbf11b6bf3ecea1e76b9e4a078fcdae99e61f3110dcbf2299",
  "timestamp_utc": "2026-07-20T19:29:23.992627+00:00",
  "strategy": "single",
  "world_size": 1,
  "local_batch_size": 4,
  "global_batch_size": 4,
  "seq_len": 1024,
  "global_tokens_per_step": 4096,
  "warmup_steps": 10,
  "measure_steps": 30,
  "repeat": 1,
  "parameter_count": 530541312,
  "precision": "bf16",
  "workers_per_rank": 4,
  "workers_per_node": 4,
  "prefetch_factor": 2,
  "step_time_ms_mean": 102.4962921332796,
  "step_time_ms_p50": 102.50575500003833,
  "step_time_ms_p95": 103.38493074987127,
  "throughput_tokens_per_sec": 39965.18765028705,
  "data_wait_ms_mean": 0.1558341332990191,
  "data_wait_ms_p95": 0.3217193502223378,
  "data_stall_percent": 0.15203880067815762,
  "peak_memory_allocated_mb": 8294.447265625,
  "peak_memory_reserved_mb": 9246.0,
  "system_peak_memory_allocated_mb": 8294.447265625,
  "system_peak_memory_reserved_mb": 9246.0,
  "gpu_memory_total_mb": 24217.3125,
  "system_gpu_memory_total_mb": 24217.3125,
  "memory_utilization_percent": 34.25007323015301,
  "system_memory_utilization_percent": 34.25007323015301,
  "last_loss": 10.493971824645996,
  "torch_version": "2.5.1+cu118",
  "cuda_version": "11.8",
  "gpu_name": "NVIDIA GeForce RTX 4090"
}
