{
  "schema_version": 1,
  "case_identity": "f0611eda44ba24a5f7e9911a073119f5db703f7900d723134273a15efd4e03e8",
  "timestamp_utc": "2026-07-20T19:33:11.497562+00:00",
  "strategy": "fsdp",
  "world_size": 1,
  "local_batch_size": 4,
  "global_batch_size": 4,
  "seq_len": 1024,
  "global_tokens_per_step": 4096,
  "warmup_steps": 10,
  "measure_steps": 30,
  "repeat": 2,
  "parameter_count": 530541312,
  "precision": "bf16",
  "workers_per_rank": 4,
  "workers_per_node": 4,
  "prefetch_factor": 2,
  "step_time_ms_mean": 113.57193833334047,
  "step_time_ms_p50": 113.92554150006617,
  "step_time_ms_p95": 115.98680510046506,
  "throughput_tokens_per_sec": 36073.515691501765,
  "data_wait_ms_mean": 0.1537293333664517,
  "data_wait_ms_p95": 0.28089845045542455,
  "data_stall_percent": 0.13535855390197435,
  "peak_memory_allocated_mb": 8408.990234375,
  "peak_memory_reserved_mb": 10650.0,
  "system_peak_memory_allocated_mb": 8408.990234375,
  "system_peak_memory_reserved_mb": 10650.0,
  "gpu_memory_total_mb": 24217.3125,
  "system_gpu_memory_total_mb": 24217.3125,
  "memory_utilization_percent": 34.72305291668925,
  "system_memory_utilization_percent": 34.72305291668925,
  "last_loss": 10.514108657836914,
  "torch_version": "2.5.1+cu118",
  "cuda_version": "11.8",
  "gpu_name": "NVIDIA GeForce RTX 4090"
}
