{
  "schema_version": 1,
  "case_identity": "d45ca329c6dfeb86dc220494f9657ccf1ee9da27323a73ff499ac834539eeec6",
  "timestamp_utc": "2026-07-20T19:38:57.586325+00:00",
  "strategy": "ddp",
  "world_size": 1,
  "local_batch_size": 16,
  "global_batch_size": 16,
  "seq_len": 1024,
  "global_tokens_per_step": 16384,
  "warmup_steps": 3,
  "measure_steps": 5,
  "repeat": 0,
  "parameter_count": 530541312,
  "precision": "bf16",
  "workers_per_rank": 4,
  "workers_per_node": 4,
  "prefetch_factor": 2,
  "step_time_ms_mean": 265.03844159997243,
  "step_time_ms_p50": 264.5247479995305,
  "step_time_ms_p95": 266.4453539997339,
  "throughput_tokens_per_sec": 61818.1856578718,
  "data_wait_ms_mean": 0.12497699990490219,
  "data_wait_ms_p95": 0.14078420026635285,
  "data_stall_percent": 0.047154291713476175,
  "peak_memory_allocated_mb": 15376.30859375,
  "peak_memory_reserved_mb": 15974.0,
  "system_peak_memory_allocated_mb": 15376.30859375,
  "system_peak_memory_reserved_mb": 15974.0,
  "gpu_memory_total_mb": 24217.3125,
  "system_gpu_memory_total_mb": 24217.3125,
  "memory_utilization_percent": 63.493042812863735,
  "system_memory_utilization_percent": 63.493042812863735,
  "last_loss": 10.527177810668945,
  "torch_version": "2.5.1+cu118",
  "cuda_version": "11.8",
  "gpu_name": "NVIDIA GeForce RTX 4090"
}
