{
  "schema_version": 1,
  "case_identity": "cc665dc5c903baa1fca1f8df2afacd8075ae82a8d6928b0ead35199e6fe31664",
  "timestamp_utc": "2026-07-20T19:47:06.583180+00:00",
  "strategy": "fsdp",
  "world_size": 4,
  "local_batch_size": 1,
  "global_batch_size": 4,
  "seq_len": 1024,
  "global_tokens_per_step": 4096,
  "warmup_steps": 3,
  "measure_steps": 5,
  "repeat": 0,
  "parameter_count": 530541312,
  "precision": "bf16",
  "workers_per_rank": 4,
  "workers_per_node": 16,
  "prefetch_factor": 2,
  "step_time_ms_mean": 248.86883499966643,
  "step_time_ms_p50": 248.87480799952755,
  "step_time_ms_p95": 249.68104699964897,
  "throughput_tokens_per_sec": 16458.631021968165,
  "data_wait_ms_mean": 0.22703720023855567,
  "data_wait_ms_p95": 0.2639281996380305,
  "data_stall_percent": 0.09122765421345745,
  "peak_memory_allocated_mb": 2450.740234375,
  "peak_memory_reserved_mb": 6014.0,
  "system_peak_memory_allocated_mb": 9783.27294921875,
  "system_peak_memory_reserved_mb": 23440.0,
  "gpu_memory_total_mb": 24217.3125,
  "system_gpu_memory_total_mb": 96869.25,
  "memory_utilization_percent": 10.11978614214521,
  "system_memory_utilization_percent": 10.099461851122776,
  "last_loss": 10.529650688171387,
  "torch_version": "2.5.1+cu118",
  "cuda_version": "11.8",
  "gpu_name": "NVIDIA GeForce RTX 4090"
}
