{
  "schema_version": 1,
  "case_identity": "16129dfe1424b9a9c1f481812ee3b151c8f0af170b004e4849d4b76a3a624daf",
  "timestamp_utc": "2026-07-20T19:35:14.598078+00:00",
  "strategy": "single",
  "world_size": 1,
  "local_batch_size": 2,
  "global_batch_size": 2,
  "seq_len": 1024,
  "global_tokens_per_step": 2048,
  "warmup_steps": 3,
  "measure_steps": 5,
  "repeat": 0,
  "parameter_count": 530541312,
  "precision": "bf16",
  "workers_per_rank": 4,
  "workers_per_node": 4,
  "prefetch_factor": 2,
  "step_time_ms_mean": 85.7251236000593,
  "step_time_ms_p50": 85.81983100066282,
  "step_time_ms_p95": 86.35272880001139,
  "throughput_tokens_per_sec": 23891.3562442544,
  "data_wait_ms_mean": 0.207315200168523,
  "data_wait_ms_p95": 0.36421560052986024,
  "data_stall_percent": 0.2418371551562039,
  "peak_memory_allocated_mb": 8156.5087890625,
  "peak_memory_reserved_mb": 8842.0,
  "system_peak_memory_allocated_mb": 8156.5087890625,
  "system_peak_memory_reserved_mb": 8842.0,
  "gpu_memory_total_mb": 24217.3125,
  "system_gpu_memory_total_mb": 24217.3125,
  "memory_utilization_percent": 33.680487003099536,
  "system_memory_utilization_percent": 33.680487003099536,
  "last_loss": 10.535133361816406,
  "torch_version": "2.5.1+cu118",
  "cuda_version": "11.8",
  "gpu_name": "NVIDIA GeForce RTX 4090"
}
