{
  "schema_version": 1,
  "case_identity": "44dcc4767c43cd5ba6e8b98fbc4fffeedbecd8441a41012a092d909af473191f",
  "timestamp_utc": "2026-07-20T19:35:30.372436+00:00",
  "strategy": "single",
  "world_size": 1,
  "local_batch_size": 4,
  "global_batch_size": 4,
  "seq_len": 1024,
  "global_tokens_per_step": 4096,
  "warmup_steps": 3,
  "measure_steps": 5,
  "repeat": 0,
  "parameter_count": 530541312,
  "precision": "bf16",
  "workers_per_rank": 4,
  "workers_per_node": 4,
  "prefetch_factor": 2,
  "step_time_ms_mean": 102.6927449998766,
  "step_time_ms_p50": 102.96704600023077,
  "step_time_ms_p95": 104.20015619984042,
  "throughput_tokens_per_sec": 39892.10094271389,
  "data_wait_ms_mean": 0.13934899980085902,
  "data_wait_ms_p95": 0.1905331997477333,
  "data_stall_percent": 0.13569507738937786,
  "peak_memory_allocated_mb": 8294.447265625,
  "peak_memory_reserved_mb": 9246.0,
  "system_peak_memory_allocated_mb": 8294.447265625,
  "system_peak_memory_reserved_mb": 9246.0,
  "gpu_memory_total_mb": 24217.3125,
  "system_gpu_memory_total_mb": 24217.3125,
  "memory_utilization_percent": 34.25007323015301,
  "system_memory_utilization_percent": 34.25007323015301,
  "last_loss": 10.52657699584961,
  "torch_version": "2.5.1+cu118",
  "cuda_version": "11.8",
  "gpu_name": "NVIDIA GeForce RTX 4090"
}
