{
  "schema_version": 1,
  "case_identity": "0bfbfe6508925192cdee99dbd57df8985437c0eb0651a0667e083c505956bb21",
  "timestamp_utc": "2026-07-20T19:36:23.297484+00:00",
  "strategy": "single",
  "world_size": 1,
  "local_batch_size": 32,
  "global_batch_size": 32,
  "seq_len": 1024,
  "global_tokens_per_step": 32768,
  "warmup_steps": 3,
  "measure_steps": 5,
  "repeat": 0,
  "parameter_count": 530541312,
  "precision": "bf16",
  "workers_per_rank": 4,
  "workers_per_node": 4,
  "prefetch_factor": 2,
  "step_time_ms_mean": 482.67036019988154,
  "step_time_ms_p50": 482.3205689999668,
  "step_time_ms_p95": 484.31837579992134,
  "throughput_tokens_per_sec": 67889.3567875151,
  "data_wait_ms_mean": 0.14224080005078577,
  "data_wait_ms_p95": 0.1734442004817538,
  "data_stall_percent": 0.02946955350477323,
  "peak_memory_allocated_mb": 20504.74462890625,
  "peak_memory_reserved_mb": 21062.0,
  "system_peak_memory_allocated_mb": 20504.74462890625,
  "system_peak_memory_reserved_mb": 21062.0,
  "gpu_memory_total_mb": 24217.3125,
  "system_gpu_memory_total_mb": 24217.3125,
  "memory_utilization_percent": 84.66977757712071,
  "system_memory_utilization_percent": 84.66977757712071,
  "last_loss": 10.526314735412598,
  "torch_version": "2.5.1+cu118",
  "cuda_version": "11.8",
  "gpu_name": "NVIDIA GeForce RTX 4090"
}
