{
  "schema_version": 1,
  "case_identity": "17a3e1a1a258f1f7ceafb034ce25cd571f00a6fc56ea671b48e39b58759460fe",
  "timestamp_utc": "2026-07-20T19:41:28.680831+00:00",
  "strategy": "ddp",
  "world_size": 4,
  "local_batch_size": 4,
  "global_batch_size": 16,
  "seq_len": 1024,
  "global_tokens_per_step": 16384,
  "warmup_steps": 3,
  "measure_steps": 5,
  "repeat": 0,
  "parameter_count": 530541312,
  "precision": "bf16",
  "workers_per_rank": 4,
  "workers_per_node": 16,
  "prefetch_factor": 2,
  "step_time_ms_mean": 264.33306180006184,
  "step_time_ms_p50": 263.3348270001079,
  "step_time_ms_p95": 267.42689540005813,
  "throughput_tokens_per_sec": 61987.72437089606,
  "data_wait_ms_mean": 0.2657697999893571,
  "data_wait_ms_p95": 0.28921520006406354,
  "data_stall_percent": 0.10054353329073229,
  "peak_memory_allocated_mb": 10269.435546875,
  "peak_memory_reserved_mb": 10538.0,
  "system_peak_memory_allocated_mb": 41077.7421875,
  "system_peak_memory_reserved_mb": 42152.0,
  "gpu_memory_total_mb": 24217.3125,
  "system_gpu_memory_total_mb": 96869.25,
  "memory_utilization_percent": 42.40534760772898,
  "system_memory_utilization_percent": 42.40534760772898,
  "last_loss": 10.52815055847168,
  "torch_version": "2.5.1+cu118",
  "cuda_version": "11.8",
  "gpu_name": "NVIDIA GeForce RTX 4090"
}
