{
  "schema_version": 1,
  "case_identity": "d0d216c7c04fc027651b82e430c6d16bac98bfea7a7e1a860b91a77c18fd473e",
  "timestamp_utc": "2026-07-20T19:44:06.098374+00:00",
  "strategy": "fsdp",
  "world_size": 1,
  "local_batch_size": 1,
  "global_batch_size": 1,
  "seq_len": 1024,
  "global_tokens_per_step": 1024,
  "warmup_steps": 3,
  "measure_steps": 5,
  "repeat": 0,
  "parameter_count": 530541312,
  "precision": "bf16",
  "workers_per_rank": 4,
  "workers_per_node": 4,
  "prefetch_factor": 2,
  "step_time_ms_mean": 111.27891860014643,
  "step_time_ms_p50": 112.47974599973531,
  "step_time_ms_p95": 113.06284040019818,
  "throughput_tokens_per_sec": 9205.738231399935,
  "data_wait_ms_mean": 0.125061400103732,
  "data_wait_ms_p95": 0.19264220045442926,
  "data_stall_percent": 0.11238552789420031,
  "peak_memory_allocated_mb": 8238.15478515625,
  "peak_memory_reserved_mb": 9206.0,
  "system_peak_memory_allocated_mb": 8238.15478515625,
  "system_peak_memory_reserved_mb": 9206.0,
  "gpu_memory_total_mb": 24217.3125,
  "system_gpu_memory_total_mb": 24217.3125,
  "memory_utilization_percent": 34.01762596554118,
  "system_memory_utilization_percent": 34.01762596554118,
  "last_loss": 10.538756370544434,
  "torch_version": "2.5.1+cu118",
  "cuda_version": "11.8",
  "gpu_name": "NVIDIA GeForce RTX 4090"
}
