{
  "schema_version": 1,
  "case_identity": "665b4f7ffc06b9506a27df1064c5a4010253e739f91668e14ea595be443ab0d2",
  "timestamp_utc": "2026-07-20T19:41:07.274826+00:00",
  "strategy": "ddp",
  "world_size": 4,
  "local_batch_size": 2,
  "global_batch_size": 8,
  "seq_len": 1024,
  "global_tokens_per_step": 8192,
  "warmup_steps": 3,
  "measure_steps": 5,
  "repeat": 0,
  "parameter_count": 530541312,
  "precision": "bf16",
  "workers_per_rank": 4,
  "workers_per_node": 16,
  "prefetch_factor": 2,
  "step_time_ms_mean": 260.2365169997938,
  "step_time_ms_p50": 259.62592199994106,
  "step_time_ms_p95": 263.1494881998151,
  "throughput_tokens_per_sec": 31482.072354698917,
  "data_wait_ms_mean": 0.15364680002676323,
  "data_wait_ms_p95": 0.1719362002404523,
  "data_stall_percent": 0.05904121442990453,
  "peak_memory_allocated_mb": 9356.4140625,
  "peak_memory_reserved_mb": 9584.0,
  "system_peak_memory_allocated_mb": 37425.65625,
  "system_peak_memory_reserved_mb": 38336.0,
  "gpu_memory_total_mb": 24217.3125,
  "system_gpu_memory_total_mb": 96869.25,
  "memory_utilization_percent": 38.635228671637286,
  "system_memory_utilization_percent": 38.635228671637286,
  "last_loss": 10.517083168029785,
  "torch_version": "2.5.1+cu118",
  "cuda_version": "11.8",
  "gpu_name": "NVIDIA GeForce RTX 4090"
}
