{
  "schema_version": 1,
  "case_identity": "ba4677b908624b9d665e8b559dadfe3e1f03a6c4818ebf9f4ce32e93775019c1",
  "timestamp_utc": "2026-07-20T19:45:33.808275+00:00",
  "strategy": "fsdp",
  "world_size": 1,
  "local_batch_size": 32,
  "global_batch_size": 32,
  "seq_len": 1024,
  "global_tokens_per_step": 32768,
  "warmup_steps": 3,
  "measure_steps": 5,
  "repeat": 0,
  "parameter_count": 530541312,
  "precision": "bf16",
  "workers_per_rank": 4,
  "workers_per_node": 4,
  "prefetch_factor": 2,
  "step_time_ms_mean": 567.9674916000295,
  "step_time_ms_p50": 590.5121519999739,
  "step_time_ms_p95": 610.4593445999853,
  "throughput_tokens_per_sec": 58032.648512565494,
  "data_wait_ms_mean": 0.13579319984273752,
  "data_wait_ms_p95": 0.14907700006006053,
  "data_stall_percent": 0.023908621857950448,
  "peak_memory_allocated_mb": 20587.3251953125,
  "peak_memory_reserved_mb": 23604.0,
  "system_peak_memory_allocated_mb": 20587.3251953125,
  "system_peak_memory_reserved_mb": 23604.0,
  "gpu_memory_total_mb": 24217.3125,
  "system_gpu_memory_total_mb": 24217.3125,
  "memory_utilization_percent": 85.01077563958636,
  "system_memory_utilization_percent": 85.01077563958636,
  "last_loss": 10.526208877563477,
  "torch_version": "2.5.1+cu118",
  "cuda_version": "11.8",
  "gpu_name": "NVIDIA GeForce RTX 4090"
}
