{
  "schema_version": 1,
  "case_identity": "46ac1b58cfcf7188a938965fc61a01f87ed240b8587147bd4ff1ebf7b9ea08cd",
  "timestamp_utc": "2026-07-20T19:35:46.544907+00:00",
  "strategy": "single",
  "world_size": 1,
  "local_batch_size": 8,
  "global_batch_size": 8,
  "seq_len": 1024,
  "global_tokens_per_step": 8192,
  "warmup_steps": 3,
  "measure_steps": 5,
  "repeat": 0,
  "parameter_count": 530541312,
  "precision": "bf16",
  "workers_per_rank": 4,
  "workers_per_node": 4,
  "prefetch_factor": 2,
  "step_time_ms_mean": 153.8577264002015,
  "step_time_ms_p50": 153.9015250000375,
  "step_time_ms_p95": 154.71114040028624,
  "throughput_tokens_per_sec": 53244.81701771632,
  "data_wait_ms_mean": 0.16870800027390942,
  "data_wait_ms_p95": 0.21231900027487427,
  "data_stall_percent": 0.10965195198262626,
  "peak_memory_allocated_mb": 9932.26806640625,
  "peak_memory_reserved_mb": 10444.0,
  "system_peak_memory_allocated_mb": 9932.26806640625,
  "system_peak_memory_reserved_mb": 10444.0,
  "gpu_memory_total_mb": 24217.3125,
  "system_gpu_memory_total_mb": 24217.3125,
  "memory_utilization_percent": 41.01308956725173,
  "system_memory_utilization_percent": 41.01308956725173,
  "last_loss": 10.519537925720215,
  "torch_version": "2.5.1+cu118",
  "cuda_version": "11.8",
  "gpu_name": "NVIDIA GeForce RTX 4090"
}
