{
  "schema_version": 1,
  "case_identity": "6e1b492265879881bc56938177a74f63dabed1123719f9b8a9a164ad99b01844",
  "timestamp_utc": "2026-07-20T19:36:03.836144+00:00",
  "strategy": "single",
  "world_size": 1,
  "local_batch_size": 16,
  "global_batch_size": 16,
  "seq_len": 1024,
  "global_tokens_per_step": 16384,
  "warmup_steps": 3,
  "measure_steps": 5,
  "repeat": 0,
  "parameter_count": 530541312,
  "precision": "bf16",
  "workers_per_rank": 4,
  "workers_per_node": 4,
  "prefetch_factor": 2,
  "step_time_ms_mean": 260.16595540004346,
  "step_time_ms_p50": 259.84998299918516,
  "step_time_ms_p95": 261.25999679989036,
  "throughput_tokens_per_sec": 62975.77078608604,
  "data_wait_ms_mean": 0.12848100013798103,
  "data_wait_ms_p95": 0.14983600012783427,
  "data_stall_percent": 0.049384247812294495,
  "peak_memory_allocated_mb": 13447.01025390625,
  "peak_memory_reserved_mb": 13962.0,
  "system_peak_memory_allocated_mb": 13447.01025390625,
  "system_peak_memory_reserved_mb": 13962.0,
  "gpu_memory_total_mb": 24217.3125,
  "system_gpu_memory_total_mb": 24217.3125,
  "memory_utilization_percent": 55.526434875489386,
  "system_memory_utilization_percent": 55.526434875489386,
  "last_loss": 10.527177810668945,
  "torch_version": "2.5.1+cu118",
  "cuda_version": "11.8",
  "gpu_name": "NVIDIA GeForce RTX 4090"
}
