{
  "schema_version": 1,
  "case_identity": "fc1f0472e6812945e82eb8bd10bf4da8d31c22e72a78cb0199765bb50855e40d",
  "timestamp_utc": "2026-07-20T19:45:13.324889+00:00",
  "strategy": "fsdp",
  "world_size": 1,
  "local_batch_size": 16,
  "global_batch_size": 16,
  "seq_len": 1024,
  "global_tokens_per_step": 16384,
  "warmup_steps": 3,
  "measure_steps": 5,
  "repeat": 0,
  "parameter_count": 530541312,
  "precision": "bf16",
  "workers_per_rank": 4,
  "workers_per_node": 4,
  "prefetch_factor": 2,
  "step_time_ms_mean": 228.08109920024435,
  "step_time_ms_p50": 227.74194100020395,
  "step_time_ms_p95": 229.1308106003271,
  "throughput_tokens_per_sec": 71835.0745600229,
  "data_wait_ms_mean": 0.16556460032006726,
  "data_wait_ms_p95": 0.23640520048502367,
  "data_stall_percent": 0.07259023255351353,
  "peak_memory_allocated_mb": 13524.8408203125,
  "peak_memory_reserved_mb": 17234.0,
  "system_peak_memory_allocated_mb": 13524.8408203125,
  "system_peak_memory_reserved_mb": 17234.0,
  "gpu_memory_total_mb": 24217.3125,
  "system_gpu_memory_total_mb": 24217.3125,
  "memory_utilization_percent": 55.84781887053941,
  "system_memory_utilization_percent": 55.84781887053941,
  "last_loss": 10.525812149047852,
  "torch_version": "2.5.1+cu118",
  "cuda_version": "11.8",
  "gpu_name": "NVIDIA GeForce RTX 4090"
}
