{
  "schema_version": 1,
  "case_identity": "265c51eafa1b25e0e04df6b9e3b21a5d031a4dcf0172d21b7dc6b3536bb19da7",
  "timestamp_utc": "2026-07-20T19:38:22.597000+00:00",
  "strategy": "ddp",
  "world_size": 1,
  "local_batch_size": 4,
  "global_batch_size": 4,
  "seq_len": 1024,
  "global_tokens_per_step": 4096,
  "warmup_steps": 3,
  "measure_steps": 5,
  "repeat": 0,
  "parameter_count": 530541312,
  "precision": "bf16",
  "workers_per_rank": 4,
  "workers_per_node": 4,
  "prefetch_factor": 2,
  "step_time_ms_mean": 107.0954184000584,
  "step_time_ms_p50": 107.0529840008021,
  "step_time_ms_p95": 107.98515179976675,
  "throughput_tokens_per_sec": 38247.61026567389,
  "data_wait_ms_mean": 0.12197340001876,
  "data_wait_ms_p95": 0.14136719964881195,
  "data_stall_percent": 0.11389226713987373,
  "peak_memory_allocated_mb": 10269.435546875,
  "peak_memory_reserved_mb": 10538.0,
  "system_peak_memory_allocated_mb": 10269.435546875,
  "system_peak_memory_reserved_mb": 10538.0,
  "gpu_memory_total_mb": 24217.3125,
  "system_gpu_memory_total_mb": 24217.3125,
  "memory_utilization_percent": 42.40534760772898,
  "system_memory_utilization_percent": 42.40534760772898,
  "last_loss": 10.52657699584961,
  "torch_version": "2.5.1+cu118",
  "cuda_version": "11.8",
  "gpu_name": "NVIDIA GeForce RTX 4090"
}
