{
  "schema_version": 1,
  "case_identity": "149fcd3dbc2c306c9ba994659f481b250e874bed123e088b3afc3ac08ad234b6",
  "timestamp_utc": "2026-07-20T19:37:49.053711+00:00",
  "strategy": "ddp",
  "world_size": 1,
  "local_batch_size": 1,
  "global_batch_size": 1,
  "seq_len": 1024,
  "global_tokens_per_step": 1024,
  "warmup_steps": 3,
  "measure_steps": 5,
  "repeat": 0,
  "parameter_count": 530541312,
  "precision": "bf16",
  "workers_per_rank": 4,
  "workers_per_node": 4,
  "prefetch_factor": 2,
  "step_time_ms_mean": 89.26835879992723,
  "step_time_ms_p50": 89.33854299993982,
  "step_time_ms_p95": 90.01328799949988,
  "throughput_tokens_per_sec": 11471.670373970826,
  "data_wait_ms_mean": 0.1756079996994231,
  "data_wait_ms_p95": 0.2436363998640445,
  "data_stall_percent": 0.19671919822454073,
  "peak_memory_allocated_mb": 8855.72119140625,
  "peak_memory_reserved_mb": 8972.0,
  "system_peak_memory_allocated_mb": 8855.72119140625,
  "system_peak_memory_reserved_mb": 8972.0,
  "gpu_memory_total_mb": 24217.3125,
  "system_gpu_memory_total_mb": 24217.3125,
  "memory_utilization_percent": 36.56772893939511,
  "system_memory_utilization_percent": 36.56772893939511,
  "last_loss": 10.533315658569336,
  "torch_version": "2.5.1+cu118",
  "cuda_version": "11.8",
  "gpu_name": "NVIDIA GeForce RTX 4090"
}
