{
  "schema_version": 1,
  "case_identity": "eef2c290399328520a8afbe34c942258a1cf86c5365ece2c9a30133299e7f6c0",
  "timestamp_utc": "2026-07-20T19:39:17.980964+00:00",
  "strategy": "ddp",
  "world_size": 1,
  "local_batch_size": 32,
  "global_batch_size": 32,
  "seq_len": 1024,
  "global_tokens_per_step": 32768,
  "warmup_steps": 3,
  "measure_steps": 5,
  "repeat": 0,
  "parameter_count": 530541312,
  "precision": "bf16",
  "workers_per_rank": 4,
  "workers_per_node": 4,
  "prefetch_factor": 2,
  "step_time_ms_mean": 489.3604166001751,
  "step_time_ms_p50": 489.4608610002251,
  "step_time_ms_p95": 490.0943215998268,
  "throughput_tokens_per_sec": 66960.99767922207,
  "data_wait_ms_mean": 0.15766239994263742,
  "data_wait_ms_p95": 0.2205473996582441,
  "data_stall_percent": 0.032218053319063855,
  "peak_memory_allocated_mb": 22436.66796875,
  "peak_memory_reserved_mb": 23098.0,
  "system_peak_memory_allocated_mb": 22436.66796875,
  "system_peak_memory_reserved_mb": 23098.0,
  "gpu_memory_total_mb": 24217.3125,
  "system_gpu_memory_total_mb": 24217.3125,
  "memory_utilization_percent": 92.64722486754053,
  "system_memory_utilization_percent": 92.64722486754053,
  "last_loss": 10.526314735412598,
  "torch_version": "2.5.1+cu118",
  "cuda_version": "11.8",
  "gpu_name": "NVIDIA GeForce RTX 4090"
}
