{
  "schema_version": 1,
  "case_identity": "8eb38435ea97618ec2c0a4bbeafe477089737cd467d1e2567bb9831428655691",
  "timestamp_utc": "2026-07-20T19:40:48.161296+00:00",
  "strategy": "ddp",
  "world_size": 4,
  "local_batch_size": 1,
  "global_batch_size": 4,
  "seq_len": 1024,
  "global_tokens_per_step": 4096,
  "warmup_steps": 3,
  "measure_steps": 5,
  "repeat": 0,
  "parameter_count": 530541312,
  "precision": "bf16",
  "workers_per_rank": 4,
  "workers_per_node": 16,
  "prefetch_factor": 2,
  "step_time_ms_mean": 254.38714699994307,
  "step_time_ms_p50": 254.30817699998443,
  "step_time_ms_p95": 255.20947440018062,
  "throughput_tokens_per_sec": 16101.533301702932,
  "data_wait_ms_mean": 0.23726039999019122,
  "data_wait_ms_p95": 0.27310719997331034,
  "data_stall_percent": 0.0932674479777252,
  "peak_memory_allocated_mb": 8855.72119140625,
  "peak_memory_reserved_mb": 8972.0,
  "system_peak_memory_allocated_mb": 35422.884765625,
  "system_peak_memory_reserved_mb": 35888.0,
  "gpu_memory_total_mb": 24217.3125,
  "system_gpu_memory_total_mb": 96869.25,
  "memory_utilization_percent": 36.56772893939511,
  "system_memory_utilization_percent": 36.56772893939511,
  "last_loss": 10.529412269592285,
  "torch_version": "2.5.1+cu118",
  "cuda_version": "11.8",
  "gpu_name": "NVIDIA GeForce RTX 4090"
}
