{
  "schema_version": 1,
  "case_identity": "ccda057ee72d2841364b9e3060edef231e765d08bd243a6a95fa99039627a4c8",
  "timestamp_utc": "2026-07-20T19:44:55.715671+00:00",
  "strategy": "fsdp",
  "world_size": 1,
  "local_batch_size": 8,
  "global_batch_size": 8,
  "seq_len": 1024,
  "global_tokens_per_step": 8192,
  "warmup_steps": 3,
  "measure_steps": 5,
  "repeat": 0,
  "parameter_count": 530541312,
  "precision": "bf16",
  "workers_per_rank": 4,
  "workers_per_node": 4,
  "prefetch_factor": 2,
  "step_time_ms_mean": 142.75675019998744,
  "step_time_ms_p50": 142.50210800037166,
  "step_time_ms_p95": 144.25237779978488,
  "throughput_tokens_per_sec": 57387.05410291275,
  "data_wait_ms_mean": 0.14495860013994388,
  "data_wait_ms_p95": 0.21183540011406876,
  "data_stall_percent": 0.10154237886255597,
  "peak_memory_allocated_mb": 9998.3486328125,
  "peak_memory_reserved_mb": 13094.0,
  "system_peak_memory_allocated_mb": 9998.3486328125,
  "system_peak_memory_reserved_mb": 13094.0,
  "gpu_memory_total_mb": 24217.3125,
  "system_gpu_memory_total_mb": 24217.3125,
  "memory_utilization_percent": 41.28595455343156,
  "system_memory_utilization_percent": 41.28595455343156,
  "last_loss": 10.518835067749023,
  "torch_version": "2.5.1+cu118",
  "cuda_version": "11.8",
  "gpu_name": "NVIDIA GeForce RTX 4090"
}
