{
  "schema_version": 1,
  "case_identity": "92a23d384b9875af862c1da697642b597bb374d4ce37bc7f1c34053b623a315e",
  "timestamp_utc": "2026-07-20T19:38:39.829122+00:00",
  "strategy": "ddp",
  "world_size": 1,
  "local_batch_size": 8,
  "global_batch_size": 8,
  "seq_len": 1024,
  "global_tokens_per_step": 8192,
  "warmup_steps": 3,
  "measure_steps": 5,
  "repeat": 0,
  "parameter_count": 530541312,
  "precision": "bf16",
  "workers_per_rank": 4,
  "workers_per_node": 4,
  "prefetch_factor": 2,
  "step_time_ms_mean": 157.98149720030779,
  "step_time_ms_p50": 157.8961810000692,
  "step_time_ms_p95": 158.29415200059884,
  "throughput_tokens_per_sec": 51854.25955398797,
  "data_wait_ms_mean": 0.1300452000577934,
  "data_wait_ms_p95": 0.15724820004834328,
  "data_stall_percent": 0.0823167284539066,
  "peak_memory_allocated_mb": 11941.216796875,
  "peak_memory_reserved_mb": 12380.0,
  "system_peak_memory_allocated_mb": 11941.216796875,
  "system_peak_memory_reserved_mb": 12380.0,
  "gpu_memory_total_mb": 24217.3125,
  "system_gpu_memory_total_mb": 24217.3125,
  "memory_utilization_percent": 49.30859605860477,
  "system_memory_utilization_percent": 49.30859605860477,
  "last_loss": 10.519537925720215,
  "torch_version": "2.5.1+cu118",
  "cuda_version": "11.8",
  "gpu_name": "NVIDIA GeForce RTX 4090"
}
