{
  "schema_version": 1,
  "case_identity": "54c44d8a8a0e54302fc1385427f21d882dd3f8d9de7b4f0f99fb713ef1e8930b",
  "timestamp_utc": "2026-07-20T20:09:07.181457+00:00",
  "strategy": "fsdp",
  "world_size": 1,
  "local_batch_size": 64,
  "global_batch_size": 64,
  "seq_len": 512,
  "global_tokens_per_step": 32768,
  "warmup_steps": 5,
  "measure_steps": 20,
  "repeat": 0,
  "parameter_count": 293494272,
  "precision": "bf16",
  "workers_per_rank": 4,
  "workers_per_node": 4,
  "prefetch_factor": 2,
  "step_time_ms_mean": 350.5994579499202,
  "step_time_ms_p50": 351.1395649993574,
  "step_time_ms_p95": 352.85661400075696,
  "throughput_tokens_per_sec": 93465.20423014862,
  "data_wait_ms_mean": 0.19862310000462458,
  "data_wait_ms_p95": 0.32200404921240994,
  "data_stall_percent": 0.056652426437292444,
  "peak_memory_allocated_mb": 14939.5615234375,
  "peak_memory_reserved_mb": 17278.0,
  "system_peak_memory_allocated_mb": 14939.5615234375,
  "system_peak_memory_reserved_mb": 17278.0,
  "gpu_memory_total_mb": 24217.3125,
  "system_gpu_memory_total_mb": 24217.3125,
  "memory_utilization_percent": 61.689593027457114,
  "system_memory_utilization_percent": 61.689593027457114,
  "last_loss": 10.894976615905762,
  "torch_version": "2.5.1+cu118",
  "cuda_version": "11.8",
  "gpu_name": "NVIDIA GeForce RTX 4090"
}
