{
  "schema_version": 1,
  "case_identity": "8d2f5f512c9138b65df6eb8d240a70e82bc7a37d4abfc0604bceb554d5a1cf75",
  "timestamp_utc": "2026-07-20T20:09:28.324282+00:00",
  "strategy": "fsdp",
  "world_size": 1,
  "local_batch_size": 64,
  "global_batch_size": 64,
  "seq_len": 512,
  "global_tokens_per_step": 32768,
  "warmup_steps": 5,
  "measure_steps": 20,
  "repeat": 1,
  "parameter_count": 293494272,
  "precision": "bf16",
  "workers_per_rank": 4,
  "workers_per_node": 4,
  "prefetch_factor": 2,
  "step_time_ms_mean": 351.8370152997704,
  "step_time_ms_p50": 351.65891050110076,
  "step_time_ms_p95": 355.17935020006917,
  "throughput_tokens_per_sec": 93138.48528076151,
  "data_wait_ms_mean": 0.24216924966822262,
  "data_wait_ms_p95": 0.43360445033613365,
  "data_stall_percent": 0.06882995226124539,
  "peak_memory_allocated_mb": 14939.5615234375,
  "peak_memory_reserved_mb": 17278.0,
  "system_peak_memory_allocated_mb": 14939.5615234375,
  "system_peak_memory_reserved_mb": 17278.0,
  "gpu_memory_total_mb": 24217.3125,
  "system_gpu_memory_total_mb": 24217.3125,
  "memory_utilization_percent": 61.689593027457114,
  "system_memory_utilization_percent": 61.689593027457114,
  "last_loss": 10.894976615905762,
  "torch_version": "2.5.1+cu118",
  "cuda_version": "11.8",
  "gpu_name": "NVIDIA GeForce RTX 4090"
}
