Exported Git-trackable test results to /home/ubuntu/mini-train-sys/results
results/BENCHMARK_SUMMARY.md: OK
results/README.md: OK
results/benchmarks/operator_benchmark/resume_summary/README.md: OK
results/benchmarks/operator_benchmark/resume_summary/kernel_benchmark_overview.png: OK
results/benchmarks/operator_benchmark/resume_summary/kernel_benchmark_summary.csv: OK
results/benchmarks/operator_benchmark/resume_summary/kernel_benchmark_summary.json: OK
results/benchmarks/operator_benchmark/resume_summary/torch_attention_backend.json: OK
results/benchmarks/operator_benchmark/rtx4090_24gb/dense/figures/attention_mixtral_dense.png: OK
results/benchmarks/operator_benchmark/rtx4090_24gb/dense/figures/attention_project_formal.png: OK
results/benchmarks/operator_benchmark/rtx4090_24gb/dense/figures/cross_entropy_mixtral_dense.png: OK
results/benchmarks/operator_benchmark/rtx4090_24gb/dense/figures/cross_entropy_project_formal.png: OK
results/benchmarks/operator_benchmark/rtx4090_24gb/dense/figures/fused_linear_cross_entropy_mixtral_dense.png: OK
results/benchmarks/operator_benchmark/rtx4090_24gb/dense/figures/fused_linear_cross_entropy_project_formal.png: OK
results/benchmarks/operator_benchmark/rtx4090_24gb/dense/figures/rmsnorm_mixtral_dense.png: OK
results/benchmarks/operator_benchmark/rtx4090_24gb/dense/figures/rmsnorm_project_formal.png: OK
results/benchmarks/operator_benchmark/rtx4090_24gb/dense/figures/rope_mixtral_dense.png: OK
results/benchmarks/operator_benchmark/rtx4090_24gb/dense/figures/rope_project_formal.png: OK
results/benchmarks/operator_benchmark/rtx4090_24gb/dense/figures/swiglu_mixtral_dense.png: OK
results/benchmarks/operator_benchmark/rtx4090_24gb/dense/figures/swiglu_project_formal.png: OK
results/benchmarks/operator_benchmark/rtx4090_24gb/dense/logs/attention_mixtral_dense_16.log: OK
results/benchmarks/operator_benchmark/rtx4090_24gb/dense/logs/attention_mixtral_dense_256.log: OK
results/benchmarks/operator_benchmark/rtx4090_24gb/dense/logs/attention_mixtral_dense_512.log: OK
results/benchmarks/operator_benchmark/rtx4090_24gb/dense/logs/attention_mixtral_dense_64.log: OK
results/benchmarks/operator_benchmark/rtx4090_24gb/dense/logs/attention_project_formal_2048.log: OK
results/benchmarks/operator_benchmark/rtx4090_24gb/dense/logs/attention_project_formal_32768.log: OK
results/benchmarks/operator_benchmark/rtx4090_24gb/dense/logs/attention_project_formal_512.log: OK
results/benchmarks/operator_benchmark/rtx4090_24gb/dense/logs/attention_project_formal_57344.log: OK
results/benchmarks/operator_benchmark/rtx4090_24gb/dense/logs/attention_project_formal_8192.log: OK
results/benchmarks/operator_benchmark/rtx4090_24gb/dense/logs/cross_entropy_mixtral_dense_16.log: OK
results/benchmarks/operator_benchmark/rtx4090_24gb/dense/logs/cross_entropy_mixtral_dense_256.log: OK
results/benchmarks/operator_benchmark/rtx4090_24gb/dense/logs/cross_entropy_mixtral_dense_512.log: OK
results/benchmarks/operator_benchmark/rtx4090_24gb/dense/logs/cross_entropy_mixtral_dense_64.log: OK
results/benchmarks/operator_benchmark/rtx4090_24gb/dense/logs/cross_entropy_project_formal_2048.log: OK
results/benchmarks/operator_benchmark/rtx4090_24gb/dense/logs/cross_entropy_project_formal_32768.log: OK
results/benchmarks/operator_benchmark/rtx4090_24gb/dense/logs/cross_entropy_project_formal_512.log: OK
results/benchmarks/operator_benchmark/rtx4090_24gb/dense/logs/cross_entropy_project_formal_57344.log: OK
results/benchmarks/operator_benchmark/rtx4090_24gb/dense/logs/cross_entropy_project_formal_8192.log: OK
results/benchmarks/operator_benchmark/rtx4090_24gb/dense/logs/fused_linear_cross_entropy_mixtral_dense_16.log: OK
results/benchmarks/operator_benchmark/rtx4090_24gb/dense/logs/fused_linear_cross_entropy_mixtral_dense_256.log: OK
results/benchmarks/operator_benchmark/rtx4090_24gb/dense/logs/fused_linear_cross_entropy_mixtral_dense_512.log: OK
results/benchmarks/operator_benchmark/rtx4090_24gb/dense/logs/fused_linear_cross_entropy_mixtral_dense_64.log: OK
results/benchmarks/operator_benchmark/rtx4090_24gb/dense/logs/fused_linear_cross_entropy_project_formal_2048.log: OK
results/benchmarks/operator_benchmark/rtx4090_24gb/dense/logs/fused_linear_cross_entropy_project_formal_32768.log: OK
results/benchmarks/operator_benchmark/rtx4090_24gb/dense/logs/fused_linear_cross_entropy_project_formal_512.log: OK
results/benchmarks/operator_benchmark/rtx4090_24gb/dense/logs/fused_linear_cross_entropy_project_formal_57344.log: OK
results/benchmarks/operator_benchmark/rtx4090_24gb/dense/logs/fused_linear_cross_entropy_project_formal_8192.log: OK
results/benchmarks/operator_benchmark/rtx4090_24gb/dense/logs/rmsnorm_mixtral_dense_16.log: OK
results/benchmarks/operator_benchmark/rtx4090_24gb/dense/logs/rmsnorm_mixtral_dense_256.log: OK
results/benchmarks/operator_benchmark/rtx4090_24gb/dense/logs/rmsnorm_mixtral_dense_512.log: OK
results/benchmarks/operator_benchmark/rtx4090_24gb/dense/logs/rmsnorm_mixtral_dense_64.log: OK
results/benchmarks/operator_benchmark/rtx4090_24gb/dense/logs/rmsnorm_project_formal_2048.log: OK
results/benchmarks/operator_benchmark/rtx4090_24gb/dense/logs/rmsnorm_project_formal_32768.log: OK
results/benchmarks/operator_benchmark/rtx4090_24gb/dense/logs/rmsnorm_project_formal_512.log: OK
results/benchmarks/operator_benchmark/rtx4090_24gb/dense/logs/rmsnorm_project_formal_57344.log: OK
results/benchmarks/operator_benchmark/rtx4090_24gb/dense/logs/rmsnorm_project_formal_8192.log: OK
results/benchmarks/operator_benchmark/rtx4090_24gb/dense/logs/rope_mixtral_dense_16.log: OK
results/benchmarks/operator_benchmark/rtx4090_24gb/dense/logs/rope_mixtral_dense_256.log: OK
results/benchmarks/operator_benchmark/rtx4090_24gb/dense/logs/rope_mixtral_dense_512.log: OK
results/benchmarks/operator_benchmark/rtx4090_24gb/dense/logs/rope_mixtral_dense_64.log: OK
results/benchmarks/operator_benchmark/rtx4090_24gb/dense/logs/rope_project_formal_2048.log: OK
results/benchmarks/operator_benchmark/rtx4090_24gb/dense/logs/rope_project_formal_32768.log: OK
results/benchmarks/operator_benchmark/rtx4090_24gb/dense/logs/rope_project_formal_512.log: OK
results/benchmarks/operator_benchmark/rtx4090_24gb/dense/logs/rope_project_formal_57344.log: OK
results/benchmarks/operator_benchmark/rtx4090_24gb/dense/logs/rope_project_formal_8192.log: OK
results/benchmarks/operator_benchmark/rtx4090_24gb/dense/logs/swiglu_mixtral_dense_16.log: OK
results/benchmarks/operator_benchmark/rtx4090_24gb/dense/logs/swiglu_mixtral_dense_256.log: OK
results/benchmarks/operator_benchmark/rtx4090_24gb/dense/logs/swiglu_mixtral_dense_512.log: OK
results/benchmarks/operator_benchmark/rtx4090_24gb/dense/logs/swiglu_mixtral_dense_64.log: OK
results/benchmarks/operator_benchmark/rtx4090_24gb/dense/logs/swiglu_project_formal_2048.log: OK
results/benchmarks/operator_benchmark/rtx4090_24gb/dense/logs/swiglu_project_formal_32768.log: OK
results/benchmarks/operator_benchmark/rtx4090_24gb/dense/logs/swiglu_project_formal_512.log: OK
results/benchmarks/operator_benchmark/rtx4090_24gb/dense/logs/swiglu_project_formal_57344.log: OK
results/benchmarks/operator_benchmark/rtx4090_24gb/dense/logs/swiglu_project_formal_8192.log: OK
results/benchmarks/operator_benchmark/rtx4090_24gb/dense/raw/attention_mixtral_dense_16.json: OK
results/benchmarks/operator_benchmark/rtx4090_24gb/dense/raw/attention_mixtral_dense_256.json: OK
results/benchmarks/operator_benchmark/rtx4090_24gb/dense/raw/attention_mixtral_dense_512.json: OK
results/benchmarks/operator_benchmark/rtx4090_24gb/dense/raw/attention_mixtral_dense_64.json: OK
results/benchmarks/operator_benchmark/rtx4090_24gb/dense/raw/attention_project_formal_2048.json: OK
results/benchmarks/operator_benchmark/rtx4090_24gb/dense/raw/attention_project_formal_32768.json: OK
results/benchmarks/operator_benchmark/rtx4090_24gb/dense/raw/attention_project_formal_512.json: OK
results/benchmarks/operator_benchmark/rtx4090_24gb/dense/raw/attention_project_formal_57344.json: OK
results/benchmarks/operator_benchmark/rtx4090_24gb/dense/raw/attention_project_formal_8192.json: OK
results/benchmarks/operator_benchmark/rtx4090_24gb/dense/raw/cross_entropy_mixtral_dense_16.json: OK
results/benchmarks/operator_benchmark/rtx4090_24gb/dense/raw/cross_entropy_mixtral_dense_256.json: OK
results/benchmarks/operator_benchmark/rtx4090_24gb/dense/raw/cross_entropy_mixtral_dense_512.json: OK
results/benchmarks/operator_benchmark/rtx4090_24gb/dense/raw/cross_entropy_mixtral_dense_64.json: OK
results/benchmarks/operator_benchmark/rtx4090_24gb/dense/raw/cross_entropy_project_formal_2048.json: OK
results/benchmarks/operator_benchmark/rtx4090_24gb/dense/raw/cross_entropy_project_formal_32768.json: OK
results/benchmarks/operator_benchmark/rtx4090_24gb/dense/raw/cross_entropy_project_formal_512.json: OK
results/benchmarks/operator_benchmark/rtx4090_24gb/dense/raw/cross_entropy_project_formal_57344.json: OK
results/benchmarks/operator_benchmark/rtx4090_24gb/dense/raw/cross_entropy_project_formal_8192.json: OK
results/benchmarks/operator_benchmark/rtx4090_24gb/dense/raw/fused_linear_cross_entropy_mixtral_dense_16.json: OK
results/benchmarks/operator_benchmark/rtx4090_24gb/dense/raw/fused_linear_cross_entropy_mixtral_dense_256.json: OK
results/benchmarks/operator_benchmark/rtx4090_24gb/dense/raw/fused_linear_cross_entropy_mixtral_dense_512.json: OK
results/benchmarks/operator_benchmark/rtx4090_24gb/dense/raw/fused_linear_cross_entropy_mixtral_dense_64.json: OK
results/benchmarks/operator_benchmark/rtx4090_24gb/dense/raw/fused_linear_cross_entropy_project_formal_2048.json: OK
results/benchmarks/operator_benchmark/rtx4090_24gb/dense/raw/fused_linear_cross_entropy_project_formal_32768.json: OK
results/benchmarks/operator_benchmark/rtx4090_24gb/dense/raw/fused_linear_cross_entropy_project_formal_512.json: OK
results/benchmarks/operator_benchmark/rtx4090_24gb/dense/raw/fused_linear_cross_entropy_project_formal_57344.json: OK
results/benchmarks/operator_benchmark/rtx4090_24gb/dense/raw/fused_linear_cross_entropy_project_formal_8192.json: OK
results/benchmarks/operator_benchmark/rtx4090_24gb/dense/raw/rmsnorm_mixtral_dense_16.json: OK
results/benchmarks/operator_benchmark/rtx4090_24gb/dense/raw/rmsnorm_mixtral_dense_256.json: OK
results/benchmarks/operator_benchmark/rtx4090_24gb/dense/raw/rmsnorm_mixtral_dense_512.json: OK
results/benchmarks/operator_benchmark/rtx4090_24gb/dense/raw/rmsnorm_mixtral_dense_64.json: OK
results/benchmarks/operator_benchmark/rtx4090_24gb/dense/raw/rmsnorm_project_formal_2048.json: OK
results/benchmarks/operator_benchmark/rtx4090_24gb/dense/raw/rmsnorm_project_formal_32768.json: OK
results/benchmarks/operator_benchmark/rtx4090_24gb/dense/raw/rmsnorm_project_formal_512.json: OK
results/benchmarks/operator_benchmark/rtx4090_24gb/dense/raw/rmsnorm_project_formal_57344.json: OK
results/benchmarks/operator_benchmark/rtx4090_24gb/dense/raw/rmsnorm_project_formal_8192.json: OK
results/benchmarks/operator_benchmark/rtx4090_24gb/dense/raw/rope_mixtral_dense_16.json: OK
results/benchmarks/operator_benchmark/rtx4090_24gb/dense/raw/rope_mixtral_dense_256.json: OK
results/benchmarks/operator_benchmark/rtx4090_24gb/dense/raw/rope_mixtral_dense_512.json: OK
results/benchmarks/operator_benchmark/rtx4090_24gb/dense/raw/rope_mixtral_dense_64.json: OK
results/benchmarks/operator_benchmark/rtx4090_24gb/dense/raw/rope_project_formal_2048.json: OK
results/benchmarks/operator_benchmark/rtx4090_24gb/dense/raw/rope_project_formal_32768.json: OK
results/benchmarks/operator_benchmark/rtx4090_24gb/dense/raw/rope_project_formal_512.json: OK
results/benchmarks/operator_benchmark/rtx4090_24gb/dense/raw/rope_project_formal_57344.json: OK
results/benchmarks/operator_benchmark/rtx4090_24gb/dense/raw/rope_project_formal_8192.json: OK
results/benchmarks/operator_benchmark/rtx4090_24gb/dense/raw/swiglu_mixtral_dense_16.json: OK
results/benchmarks/operator_benchmark/rtx4090_24gb/dense/raw/swiglu_mixtral_dense_256.json: OK
results/benchmarks/operator_benchmark/rtx4090_24gb/dense/raw/swiglu_mixtral_dense_512.json: OK
results/benchmarks/operator_benchmark/rtx4090_24gb/dense/raw/swiglu_mixtral_dense_64.json: OK
results/benchmarks/operator_benchmark/rtx4090_24gb/dense/raw/swiglu_project_formal_2048.json: OK
results/benchmarks/operator_benchmark/rtx4090_24gb/dense/raw/swiglu_project_formal_32768.json: OK
results/benchmarks/operator_benchmark/rtx4090_24gb/dense/raw/swiglu_project_formal_512.json: OK
results/benchmarks/operator_benchmark/rtx4090_24gb/dense/raw/swiglu_project_formal_57344.json: OK
results/benchmarks/operator_benchmark/rtx4090_24gb/dense/raw/swiglu_project_formal_8192.json: OK
results/benchmarks/operator_benchmark/rtx4090_24gb/dense/summary.csv: OK
results/benchmarks/operator_benchmark/rtx4090_24gb/dense/summary.json: OK
results/benchmarks/operator_benchmark/rtx4090_24gb/dense_capacity/fused_linear_cross_entropy_project_formal_57344_triton.json: OK
results/benchmarks/operator_benchmark/rtx4090_24gb/extensions/raw/attention_mixtral_dense_1024.json: OK
results/benchmarks/operator_benchmark/rtx4090_24gb/extensions/raw/cross_entropy_mixtral_dense_1024.json: OK
results/benchmarks/operator_benchmark/rtx4090_24gb/extensions/raw/fused_linear_cross_entropy_mixtral_dense_1024.json: OK
results/benchmarks/operator_benchmark/rtx4090_24gb/extensions/raw/fused_moe_mixtral_7b_512.json: OK
results/benchmarks/operator_benchmark/rtx4090_24gb/extensions/raw/rmsnorm_mixtral_dense_1024.json: OK
results/benchmarks/operator_benchmark/rtx4090_24gb/extensions/raw/rope_mixtral_dense_1024.json: OK
results/benchmarks/operator_benchmark/rtx4090_24gb/extensions/raw/router_postprocess_default_524288.json: OK
results/benchmarks/operator_benchmark/rtx4090_24gb/extensions/raw/router_postprocess_default_57344.json: OK
results/benchmarks/operator_benchmark/rtx4090_24gb/extensions/raw/swiglu_mixtral_dense_1024.json: OK
results/benchmarks/operator_benchmark/rtx4090_24gb/figures/fused_moe_mixtral_7b.png: OK
results/benchmarks/operator_benchmark/rtx4090_24gb/figures/fused_moe_project_formal.png: OK
results/benchmarks/operator_benchmark/rtx4090_24gb/figures/router_postprocess_default.png: OK
results/benchmarks/operator_benchmark/rtx4090_24gb/logs/fused_moe_mixtral_7b_16.log: OK
results/benchmarks/operator_benchmark/rtx4090_24gb/logs/fused_moe_mixtral_7b_256.log: OK
results/benchmarks/operator_benchmark/rtx4090_24gb/logs/fused_moe_mixtral_7b_64.log: OK
results/benchmarks/operator_benchmark/rtx4090_24gb/logs/fused_moe_project_formal_2048.log: OK
results/benchmarks/operator_benchmark/rtx4090_24gb/logs/fused_moe_project_formal_32768.log: OK
results/benchmarks/operator_benchmark/rtx4090_24gb/logs/fused_moe_project_formal_512.log: OK
results/benchmarks/operator_benchmark/rtx4090_24gb/logs/fused_moe_project_formal_57344.log: OK
results/benchmarks/operator_benchmark/rtx4090_24gb/logs/fused_moe_project_formal_8192.log: OK
results/benchmarks/operator_benchmark/rtx4090_24gb/logs/router_postprocess_default_1024.log: OK
results/benchmarks/operator_benchmark/rtx4090_24gb/logs/router_postprocess_default_16384.log: OK
results/benchmarks/operator_benchmark/rtx4090_24gb/logs/router_postprocess_default_262144.log: OK
results/benchmarks/operator_benchmark/rtx4090_24gb/logs/router_postprocess_default_4096.log: OK
results/benchmarks/operator_benchmark/rtx4090_24gb/logs/router_postprocess_default_65536.log: OK
results/benchmarks/operator_benchmark/rtx4090_24gb/moe_r2_relative_gate/figures/fused_moe_mixtral_7b.png: OK
results/benchmarks/operator_benchmark/rtx4090_24gb/moe_r2_relative_gate/figures/fused_moe_project_formal.png: OK
results/benchmarks/operator_benchmark/rtx4090_24gb/moe_r2_relative_gate/figures/router_postprocess_default.png: OK
results/benchmarks/operator_benchmark/rtx4090_24gb/moe_r2_relative_gate/logs/fused_moe_mixtral_7b_16.log: OK
results/benchmarks/operator_benchmark/rtx4090_24gb/moe_r2_relative_gate/logs/fused_moe_mixtral_7b_256.log: OK
results/benchmarks/operator_benchmark/rtx4090_24gb/moe_r2_relative_gate/logs/fused_moe_mixtral_7b_64.log: OK
results/benchmarks/operator_benchmark/rtx4090_24gb/moe_r2_relative_gate/logs/fused_moe_project_formal_2048.log: OK
results/benchmarks/operator_benchmark/rtx4090_24gb/moe_r2_relative_gate/logs/fused_moe_project_formal_32768.log: OK
results/benchmarks/operator_benchmark/rtx4090_24gb/moe_r2_relative_gate/logs/fused_moe_project_formal_512.log: OK
results/benchmarks/operator_benchmark/rtx4090_24gb/moe_r2_relative_gate/logs/fused_moe_project_formal_57344.log: OK
results/benchmarks/operator_benchmark/rtx4090_24gb/moe_r2_relative_gate/logs/fused_moe_project_formal_8192.log: OK
results/benchmarks/operator_benchmark/rtx4090_24gb/moe_r2_relative_gate/logs/router_postprocess_default_1024.log: OK
results/benchmarks/operator_benchmark/rtx4090_24gb/moe_r2_relative_gate/logs/router_postprocess_default_16384.log: OK
results/benchmarks/operator_benchmark/rtx4090_24gb/moe_r2_relative_gate/logs/router_postprocess_default_262144.log: OK
results/benchmarks/operator_benchmark/rtx4090_24gb/moe_r2_relative_gate/logs/router_postprocess_default_4096.log: OK
results/benchmarks/operator_benchmark/rtx4090_24gb/moe_r2_relative_gate/logs/router_postprocess_default_65536.log: OK
results/benchmarks/operator_benchmark/rtx4090_24gb/moe_r2_relative_gate/raw/fused_moe_mixtral_7b_16.json: OK
results/benchmarks/operator_benchmark/rtx4090_24gb/moe_r2_relative_gate/raw/fused_moe_mixtral_7b_256.json: OK
results/benchmarks/operator_benchmark/rtx4090_24gb/moe_r2_relative_gate/raw/fused_moe_mixtral_7b_64.json: OK
results/benchmarks/operator_benchmark/rtx4090_24gb/moe_r2_relative_gate/raw/fused_moe_project_formal_2048.json: OK
results/benchmarks/operator_benchmark/rtx4090_24gb/moe_r2_relative_gate/raw/fused_moe_project_formal_32768.json: OK
results/benchmarks/operator_benchmark/rtx4090_24gb/moe_r2_relative_gate/raw/fused_moe_project_formal_512.json: OK
results/benchmarks/operator_benchmark/rtx4090_24gb/moe_r2_relative_gate/raw/fused_moe_project_formal_57344.json: OK
results/benchmarks/operator_benchmark/rtx4090_24gb/moe_r2_relative_gate/raw/fused_moe_project_formal_8192.json: OK
results/benchmarks/operator_benchmark/rtx4090_24gb/moe_r2_relative_gate/raw/router_postprocess_default_1024.json: OK
results/benchmarks/operator_benchmark/rtx4090_24gb/moe_r2_relative_gate/raw/router_postprocess_default_16384.json: OK
results/benchmarks/operator_benchmark/rtx4090_24gb/moe_r2_relative_gate/raw/router_postprocess_default_262144.json: OK
results/benchmarks/operator_benchmark/rtx4090_24gb/moe_r2_relative_gate/raw/router_postprocess_default_4096.json: OK
results/benchmarks/operator_benchmark/rtx4090_24gb/moe_r2_relative_gate/raw/router_postprocess_default_65536.json: OK
results/benchmarks/operator_benchmark/rtx4090_24gb/moe_r2_relative_gate/summary.csv: OK
results/benchmarks/operator_benchmark/rtx4090_24gb/moe_r2_relative_gate/summary.json: OK
results/benchmarks/operator_benchmark/rtx4090_24gb/raw/fused_moe_mixtral_7b_16.json: OK
results/benchmarks/operator_benchmark/rtx4090_24gb/raw/fused_moe_mixtral_7b_256.json: OK
results/benchmarks/operator_benchmark/rtx4090_24gb/raw/fused_moe_mixtral_7b_64.json: OK
results/benchmarks/operator_benchmark/rtx4090_24gb/raw/fused_moe_project_formal_2048.json: OK
results/benchmarks/operator_benchmark/rtx4090_24gb/raw/fused_moe_project_formal_32768.json: OK
results/benchmarks/operator_benchmark/rtx4090_24gb/raw/fused_moe_project_formal_512.json: OK
results/benchmarks/operator_benchmark/rtx4090_24gb/raw/fused_moe_project_formal_57344.json: OK
results/benchmarks/operator_benchmark/rtx4090_24gb/raw/fused_moe_project_formal_8192.json: OK
results/benchmarks/operator_benchmark/rtx4090_24gb/raw/router_postprocess_default_1024.json: OK
results/benchmarks/operator_benchmark/rtx4090_24gb/raw/router_postprocess_default_16384.json: OK
results/benchmarks/operator_benchmark/rtx4090_24gb/raw/router_postprocess_default_262144.json: OK
results/benchmarks/operator_benchmark/rtx4090_24gb/raw/router_postprocess_default_4096.json: OK
results/benchmarks/operator_benchmark/rtx4090_24gb/raw/router_postprocess_default_65536.json: OK
results/benchmarks/operator_benchmark/rtx4090_24gb/summary.csv: OK
results/benchmarks/operator_benchmark/rtx4090_24gb/summary.json: OK
results/benchmarks/rtx4090_125m_moe/capacity/capacity_summary.json: OK
results/benchmarks/rtx4090_125m_moe/capacity/inventory.json: OK
results/benchmarks/rtx4090_125m_moe/capacity/logs/capacity_ddp_1gpu_b128_r0.log: OK
results/benchmarks/rtx4090_125m_moe/capacity/logs/capacity_ddp_1gpu_b16_r0.log: OK
results/benchmarks/rtx4090_125m_moe/capacity/logs/capacity_ddp_1gpu_b1_r0.log: OK
results/benchmarks/rtx4090_125m_moe/capacity/logs/capacity_ddp_1gpu_b2_r0.log: OK
results/benchmarks/rtx4090_125m_moe/capacity/logs/capacity_ddp_1gpu_b32_r0.log: OK
results/benchmarks/rtx4090_125m_moe/capacity/logs/capacity_ddp_1gpu_b4_r0.log: OK
results/benchmarks/rtx4090_125m_moe/capacity/logs/capacity_ddp_1gpu_b64_r0.log: OK
results/benchmarks/rtx4090_125m_moe/capacity/logs/capacity_ddp_1gpu_b8_r0.log: OK
results/benchmarks/rtx4090_125m_moe/capacity/logs/capacity_ddp_4gpu_b128_r0.log: OK
results/benchmarks/rtx4090_125m_moe/capacity/logs/capacity_ddp_4gpu_b16_r0.log: OK
results/benchmarks/rtx4090_125m_moe/capacity/logs/capacity_ddp_4gpu_b1_r0.log: OK
results/benchmarks/rtx4090_125m_moe/capacity/logs/capacity_ddp_4gpu_b2_r0.log: OK
results/benchmarks/rtx4090_125m_moe/capacity/logs/capacity_ddp_4gpu_b32_r0.log: OK
results/benchmarks/rtx4090_125m_moe/capacity/logs/capacity_ddp_4gpu_b4_r0.log: OK
results/benchmarks/rtx4090_125m_moe/capacity/logs/capacity_ddp_4gpu_b64_r0.log: OK
results/benchmarks/rtx4090_125m_moe/capacity/logs/capacity_ddp_4gpu_b8_r0.log: OK
results/benchmarks/rtx4090_125m_moe/capacity/logs/capacity_fsdp_1gpu_b128_r0.log: OK
results/benchmarks/rtx4090_125m_moe/capacity/logs/capacity_fsdp_1gpu_b16_r0.log: OK
results/benchmarks/rtx4090_125m_moe/capacity/logs/capacity_fsdp_1gpu_b1_r0.log: OK
results/benchmarks/rtx4090_125m_moe/capacity/logs/capacity_fsdp_1gpu_b2_r0.log: OK
results/benchmarks/rtx4090_125m_moe/capacity/logs/capacity_fsdp_1gpu_b32_r0.log: OK
results/benchmarks/rtx4090_125m_moe/capacity/logs/capacity_fsdp_1gpu_b4_r0.log: OK
results/benchmarks/rtx4090_125m_moe/capacity/logs/capacity_fsdp_1gpu_b64_r0.log: OK
results/benchmarks/rtx4090_125m_moe/capacity/logs/capacity_fsdp_1gpu_b8_r0.log: OK
results/benchmarks/rtx4090_125m_moe/capacity/logs/capacity_fsdp_4gpu_b128_r0.log: OK
results/benchmarks/rtx4090_125m_moe/capacity/logs/capacity_fsdp_4gpu_b16_r0.log: OK
results/benchmarks/rtx4090_125m_moe/capacity/logs/capacity_fsdp_4gpu_b1_r0.log: OK
results/benchmarks/rtx4090_125m_moe/capacity/logs/capacity_fsdp_4gpu_b2_r0.log: OK
results/benchmarks/rtx4090_125m_moe/capacity/logs/capacity_fsdp_4gpu_b32_r0.log: OK
results/benchmarks/rtx4090_125m_moe/capacity/logs/capacity_fsdp_4gpu_b4_r0.log: OK
results/benchmarks/rtx4090_125m_moe/capacity/logs/capacity_fsdp_4gpu_b64_r0.log: OK
results/benchmarks/rtx4090_125m_moe/capacity/logs/capacity_fsdp_4gpu_b8_r0.log: OK
results/benchmarks/rtx4090_125m_moe/capacity/logs/capacity_single_1gpu_b128_r0.log: OK
results/benchmarks/rtx4090_125m_moe/capacity/logs/capacity_single_1gpu_b16_r0.log: OK
results/benchmarks/rtx4090_125m_moe/capacity/logs/capacity_single_1gpu_b1_r0.log: OK
results/benchmarks/rtx4090_125m_moe/capacity/logs/capacity_single_1gpu_b2_r0.log: OK
results/benchmarks/rtx4090_125m_moe/capacity/logs/capacity_single_1gpu_b32_r0.log: OK
results/benchmarks/rtx4090_125m_moe/capacity/logs/capacity_single_1gpu_b4_r0.log: OK
results/benchmarks/rtx4090_125m_moe/capacity/logs/capacity_single_1gpu_b64_r0.log: OK
results/benchmarks/rtx4090_125m_moe/capacity/logs/capacity_single_1gpu_b8_r0.log: OK
results/benchmarks/rtx4090_125m_moe/capacity/presentation/README.md: OK
results/benchmarks/rtx4090_125m_moe/capacity/presentation/capacity_frontier.json: OK
results/benchmarks/rtx4090_125m_moe/capacity/presentation/capacity_overview.png: OK
results/benchmarks/rtx4090_125m_moe/capacity/presentation/failures.csv: OK
results/benchmarks/rtx4090_125m_moe/capacity/presentation/results_aggregated.csv: OK
results/benchmarks/rtx4090_125m_moe/capacity/raw/capacity_ddp_1gpu_b16_r0.json: OK
results/benchmarks/rtx4090_125m_moe/capacity/raw/capacity_ddp_1gpu_b1_r0.json: OK
results/benchmarks/rtx4090_125m_moe/capacity/raw/capacity_ddp_1gpu_b2_r0.json: OK
results/benchmarks/rtx4090_125m_moe/capacity/raw/capacity_ddp_1gpu_b32_r0.json: OK
results/benchmarks/rtx4090_125m_moe/capacity/raw/capacity_ddp_1gpu_b4_r0.json: OK
results/benchmarks/rtx4090_125m_moe/capacity/raw/capacity_ddp_1gpu_b8_r0.json: OK
results/benchmarks/rtx4090_125m_moe/capacity/raw/capacity_ddp_4gpu_b16_r0.json: OK
results/benchmarks/rtx4090_125m_moe/capacity/raw/capacity_ddp_4gpu_b1_r0.json: OK
results/benchmarks/rtx4090_125m_moe/capacity/raw/capacity_ddp_4gpu_b2_r0.json: OK
results/benchmarks/rtx4090_125m_moe/capacity/raw/capacity_ddp_4gpu_b32_r0.json: OK
results/benchmarks/rtx4090_125m_moe/capacity/raw/capacity_ddp_4gpu_b4_r0.json: OK
results/benchmarks/rtx4090_125m_moe/capacity/raw/capacity_ddp_4gpu_b8_r0.json: OK
results/benchmarks/rtx4090_125m_moe/capacity/raw/capacity_fsdp_1gpu_b16_r0.json: OK
results/benchmarks/rtx4090_125m_moe/capacity/raw/capacity_fsdp_1gpu_b1_r0.json: OK
results/benchmarks/rtx4090_125m_moe/capacity/raw/capacity_fsdp_1gpu_b2_r0.json: OK
results/benchmarks/rtx4090_125m_moe/capacity/raw/capacity_fsdp_1gpu_b32_r0.json: OK
results/benchmarks/rtx4090_125m_moe/capacity/raw/capacity_fsdp_1gpu_b4_r0.json: OK
results/benchmarks/rtx4090_125m_moe/capacity/raw/capacity_fsdp_1gpu_b8_r0.json: OK
results/benchmarks/rtx4090_125m_moe/capacity/raw/capacity_fsdp_4gpu_b16_r0.json: OK
results/benchmarks/rtx4090_125m_moe/capacity/raw/capacity_fsdp_4gpu_b1_r0.json: OK
results/benchmarks/rtx4090_125m_moe/capacity/raw/capacity_fsdp_4gpu_b2_r0.json: OK
results/benchmarks/rtx4090_125m_moe/capacity/raw/capacity_fsdp_4gpu_b32_r0.json: OK
results/benchmarks/rtx4090_125m_moe/capacity/raw/capacity_fsdp_4gpu_b4_r0.json: OK
results/benchmarks/rtx4090_125m_moe/capacity/raw/capacity_fsdp_4gpu_b8_r0.json: OK
results/benchmarks/rtx4090_125m_moe/capacity/raw/capacity_single_1gpu_b16_r0.json: OK
results/benchmarks/rtx4090_125m_moe/capacity/raw/capacity_single_1gpu_b1_r0.json: OK
results/benchmarks/rtx4090_125m_moe/capacity/raw/capacity_single_1gpu_b2_r0.json: OK
results/benchmarks/rtx4090_125m_moe/capacity/raw/capacity_single_1gpu_b32_r0.json: OK
results/benchmarks/rtx4090_125m_moe/capacity/raw/capacity_single_1gpu_b4_r0.json: OK
results/benchmarks/rtx4090_125m_moe/capacity/raw/capacity_single_1gpu_b8_r0.json: OK
results/benchmarks/rtx4090_125m_moe/inventory/inventory.json: OK
results/benchmarks/rtx4090_125m_moe/weak/inventory.json: OK
results/benchmarks/rtx4090_125m_moe/weak/logs/weak_ddp_1gpu_b4_r0.log: OK
results/benchmarks/rtx4090_125m_moe/weak/logs/weak_ddp_1gpu_b4_r1.log: OK
results/benchmarks/rtx4090_125m_moe/weak/logs/weak_ddp_1gpu_b4_r2.log: OK
results/benchmarks/rtx4090_125m_moe/weak/logs/weak_ddp_4gpu_b4_r0.log: OK
results/benchmarks/rtx4090_125m_moe/weak/logs/weak_ddp_4gpu_b4_r1.log: OK
results/benchmarks/rtx4090_125m_moe/weak/logs/weak_ddp_4gpu_b4_r2.log: OK
results/benchmarks/rtx4090_125m_moe/weak/logs/weak_fsdp_1gpu_b4_r0.log: OK
results/benchmarks/rtx4090_125m_moe/weak/logs/weak_fsdp_1gpu_b4_r1.log: OK
results/benchmarks/rtx4090_125m_moe/weak/logs/weak_fsdp_1gpu_b4_r2.log: OK
results/benchmarks/rtx4090_125m_moe/weak/logs/weak_fsdp_4gpu_b4_r0.log: OK
results/benchmarks/rtx4090_125m_moe/weak/logs/weak_fsdp_4gpu_b4_r1.log: OK
results/benchmarks/rtx4090_125m_moe/weak/logs/weak_fsdp_4gpu_b4_r2.log: OK
results/benchmarks/rtx4090_125m_moe/weak/logs/weak_single_1gpu_b4_r0.log: OK
results/benchmarks/rtx4090_125m_moe/weak/logs/weak_single_1gpu_b4_r1.log: OK
results/benchmarks/rtx4090_125m_moe/weak/logs/weak_single_1gpu_b4_r2.log: OK
results/benchmarks/rtx4090_125m_moe/weak/presentation/README.md: OK
results/benchmarks/rtx4090_125m_moe/weak/presentation/failures.csv: OK
results/benchmarks/rtx4090_125m_moe/weak/presentation/quality_gates.json: OK
results/benchmarks/rtx4090_125m_moe/weak/presentation/results_aggregated.csv: OK
results/benchmarks/rtx4090_125m_moe/weak/presentation/weak_overview.png: OK
results/benchmarks/rtx4090_125m_moe/weak/raw/weak_ddp_1gpu_b4_r0.json: OK
results/benchmarks/rtx4090_125m_moe/weak/raw/weak_ddp_1gpu_b4_r1.json: OK
results/benchmarks/rtx4090_125m_moe/weak/raw/weak_ddp_1gpu_b4_r2.json: OK
results/benchmarks/rtx4090_125m_moe/weak/raw/weak_ddp_4gpu_b4_r0.json: OK
results/benchmarks/rtx4090_125m_moe/weak/raw/weak_ddp_4gpu_b4_r1.json: OK
results/benchmarks/rtx4090_125m_moe/weak/raw/weak_ddp_4gpu_b4_r2.json: OK
results/benchmarks/rtx4090_125m_moe/weak/raw/weak_fsdp_1gpu_b4_r0.json: OK
results/benchmarks/rtx4090_125m_moe/weak/raw/weak_fsdp_1gpu_b4_r1.json: OK
results/benchmarks/rtx4090_125m_moe/weak/raw/weak_fsdp_1gpu_b4_r2.json: OK
results/benchmarks/rtx4090_125m_moe/weak/raw/weak_fsdp_4gpu_b4_r0.json: OK
results/benchmarks/rtx4090_125m_moe/weak/raw/weak_fsdp_4gpu_b4_r1.json: OK
results/benchmarks/rtx4090_125m_moe/weak/raw/weak_fsdp_4gpu_b4_r2.json: OK
results/benchmarks/rtx4090_125m_moe/weak/raw/weak_single_1gpu_b4_r0.json: OK
results/benchmarks/rtx4090_125m_moe/weak/raw/weak_single_1gpu_b4_r1.json: OK
results/benchmarks/rtx4090_125m_moe/weak/raw/weak_single_1gpu_b4_r2.json: OK
results/benchmarks/rtx4090_125m_moe/weak/weak_summary.json: OK
results/benchmarks/synbios_backend_capacity/20260725T112400Z/capacity_summary.json: OK
results/benchmarks/synbios_backend_capacity/20260725T112400Z/inventory.json: OK
results/benchmarks/synbios_backend_capacity/20260725T112400Z/logs/capacity_fsdp_4gpu_b112_torch_r0.log: OK
results/benchmarks/synbios_backend_capacity/20260725T112400Z/logs/capacity_fsdp_4gpu_b112_torch_r1.log: OK
results/benchmarks/synbios_backend_capacity/20260725T112400Z/logs/capacity_fsdp_4gpu_b120_torch_r0.log: OK
results/benchmarks/synbios_backend_capacity/20260725T112400Z/logs/capacity_fsdp_4gpu_b120_torch_r1.log: OK
results/benchmarks/synbios_backend_capacity/20260725T112400Z/logs/capacity_fsdp_4gpu_b128_torch_r0.log: OK
results/benchmarks/synbios_backend_capacity/20260725T112400Z/logs/capacity_fsdp_4gpu_b32_torch_r0.log: OK
results/benchmarks/synbios_backend_capacity/20260725T112400Z/logs/capacity_fsdp_4gpu_b32_torch_r1.log: OK
results/benchmarks/synbios_backend_capacity/20260725T112400Z/logs/capacity_fsdp_4gpu_b48_torch_r0.log: OK
results/benchmarks/synbios_backend_capacity/20260725T112400Z/logs/capacity_fsdp_4gpu_b48_torch_r1.log: OK
results/benchmarks/synbios_backend_capacity/20260725T112400Z/logs/capacity_fsdp_4gpu_b64_torch_r0.log: OK
results/benchmarks/synbios_backend_capacity/20260725T112400Z/logs/capacity_fsdp_4gpu_b64_torch_r1.log: OK
results/benchmarks/synbios_backend_capacity/20260725T112400Z/logs/capacity_fsdp_4gpu_b80_torch_r0.log: OK
results/benchmarks/synbios_backend_capacity/20260725T112400Z/logs/capacity_fsdp_4gpu_b80_torch_r1.log: OK
results/benchmarks/synbios_backend_capacity/20260725T112400Z/logs/capacity_fsdp_4gpu_b96_torch_r0.log: OK
results/benchmarks/synbios_backend_capacity/20260725T112400Z/logs/capacity_fsdp_4gpu_b96_torch_r1.log: OK
results/benchmarks/synbios_backend_capacity/20260725T113500Z/capacity_summary.json: OK
results/benchmarks/synbios_backend_capacity/20260725T113500Z/inventory.json: OK
results/benchmarks/synbios_backend_capacity/20260725T113500Z/logs/capacity_fsdp_4gpu_b112_cuda_r0.log: OK
results/benchmarks/synbios_backend_capacity/20260725T113500Z/logs/capacity_fsdp_4gpu_b112_cuda_r1.log: OK
results/benchmarks/synbios_backend_capacity/20260725T113500Z/logs/capacity_fsdp_4gpu_b112_torch_r0.log: OK
results/benchmarks/synbios_backend_capacity/20260725T113500Z/logs/capacity_fsdp_4gpu_b112_torch_r1.log: OK
results/benchmarks/synbios_backend_capacity/20260725T113500Z/logs/capacity_fsdp_4gpu_b112_triton_r0.log: OK
results/benchmarks/synbios_backend_capacity/20260725T113500Z/logs/capacity_fsdp_4gpu_b112_triton_r1.log: OK
results/benchmarks/synbios_backend_capacity/20260725T113500Z/logs/capacity_fsdp_4gpu_b120_cuda_r0.log: OK
results/benchmarks/synbios_backend_capacity/20260725T113500Z/logs/capacity_fsdp_4gpu_b120_cuda_r1.log: OK
results/benchmarks/synbios_backend_capacity/20260725T113500Z/logs/capacity_fsdp_4gpu_b120_torch_r0.log: OK
results/benchmarks/synbios_backend_capacity/20260725T113500Z/logs/capacity_fsdp_4gpu_b120_torch_r1.log: OK
results/benchmarks/synbios_backend_capacity/20260725T113500Z/logs/capacity_fsdp_4gpu_b120_triton_r0.log: OK
results/benchmarks/synbios_backend_capacity/20260725T113500Z/logs/capacity_fsdp_4gpu_b120_triton_r1.log: OK
results/benchmarks/synbios_backend_capacity/20260725T113500Z/logs/capacity_fsdp_4gpu_b128_cuda_r0.log: OK
results/benchmarks/synbios_backend_capacity/20260725T113500Z/logs/capacity_fsdp_4gpu_b128_cuda_r1.log: OK
results/benchmarks/synbios_backend_capacity/20260725T113500Z/logs/capacity_fsdp_4gpu_b128_torch_r0.log: OK
results/benchmarks/synbios_backend_capacity/20260725T113500Z/logs/capacity_fsdp_4gpu_b128_torch_r1.log: OK
results/benchmarks/synbios_backend_capacity/20260725T113500Z/logs/capacity_fsdp_4gpu_b128_triton_r0.log: OK
results/benchmarks/synbios_backend_capacity/20260725T113500Z/logs/capacity_fsdp_4gpu_b128_triton_r1.log: OK
results/benchmarks/synbios_backend_capacity/20260725T113500Z/logs/capacity_fsdp_4gpu_b16_cuda_r0.log: OK
results/benchmarks/synbios_backend_capacity/20260725T113500Z/logs/capacity_fsdp_4gpu_b16_cuda_r1.log: OK
results/benchmarks/synbios_backend_capacity/20260725T113500Z/logs/capacity_fsdp_4gpu_b16_torch_r0.log: OK
results/benchmarks/synbios_backend_capacity/20260725T113500Z/logs/capacity_fsdp_4gpu_b16_torch_r1.log: OK
results/benchmarks/synbios_backend_capacity/20260725T113500Z/logs/capacity_fsdp_4gpu_b16_triton_r0.log: OK
results/benchmarks/synbios_backend_capacity/20260725T113500Z/logs/capacity_fsdp_4gpu_b16_triton_r1.log: OK
results/benchmarks/synbios_backend_capacity/20260725T113500Z/logs/capacity_fsdp_4gpu_b1_cuda_r0.log: OK
results/benchmarks/synbios_backend_capacity/20260725T113500Z/logs/capacity_fsdp_4gpu_b1_cuda_r1.log: OK
results/benchmarks/synbios_backend_capacity/20260725T113500Z/logs/capacity_fsdp_4gpu_b1_torch_r0.log: OK
results/benchmarks/synbios_backend_capacity/20260725T113500Z/logs/capacity_fsdp_4gpu_b1_torch_r1.log: OK
results/benchmarks/synbios_backend_capacity/20260725T113500Z/logs/capacity_fsdp_4gpu_b1_triton_r0.log: OK
results/benchmarks/synbios_backend_capacity/20260725T113500Z/logs/capacity_fsdp_4gpu_b1_triton_r1.log: OK
results/benchmarks/synbios_backend_capacity/20260725T113500Z/logs/capacity_fsdp_4gpu_b24_cuda_r0.log: OK
results/benchmarks/synbios_backend_capacity/20260725T113500Z/logs/capacity_fsdp_4gpu_b24_cuda_r1.log: OK
results/benchmarks/synbios_backend_capacity/20260725T113500Z/logs/capacity_fsdp_4gpu_b24_torch_r0.log: OK
results/benchmarks/synbios_backend_capacity/20260725T113500Z/logs/capacity_fsdp_4gpu_b24_torch_r1.log: OK
results/benchmarks/synbios_backend_capacity/20260725T113500Z/logs/capacity_fsdp_4gpu_b24_triton_r0.log: OK
results/benchmarks/synbios_backend_capacity/20260725T113500Z/logs/capacity_fsdp_4gpu_b24_triton_r1.log: OK
results/benchmarks/synbios_backend_capacity/20260725T113500Z/logs/capacity_fsdp_4gpu_b2_cuda_r0.log: OK
results/benchmarks/synbios_backend_capacity/20260725T113500Z/logs/capacity_fsdp_4gpu_b2_cuda_r1.log: OK
results/benchmarks/synbios_backend_capacity/20260725T113500Z/logs/capacity_fsdp_4gpu_b2_torch_r0.log: OK
results/benchmarks/synbios_backend_capacity/20260725T113500Z/logs/capacity_fsdp_4gpu_b2_torch_r1.log: OK
results/benchmarks/synbios_backend_capacity/20260725T113500Z/logs/capacity_fsdp_4gpu_b2_triton_r0.log: OK
results/benchmarks/synbios_backend_capacity/20260725T113500Z/logs/capacity_fsdp_4gpu_b2_triton_r1.log: OK
results/benchmarks/synbios_backend_capacity/20260725T113500Z/logs/capacity_fsdp_4gpu_b32_cuda_r0.log: OK
results/benchmarks/synbios_backend_capacity/20260725T113500Z/logs/capacity_fsdp_4gpu_b32_cuda_r1.log: OK
results/benchmarks/synbios_backend_capacity/20260725T113500Z/logs/capacity_fsdp_4gpu_b32_torch_r0.log: OK
results/benchmarks/synbios_backend_capacity/20260725T113500Z/logs/capacity_fsdp_4gpu_b32_torch_r1.log: OK
results/benchmarks/synbios_backend_capacity/20260725T113500Z/logs/capacity_fsdp_4gpu_b32_triton_r0.log: OK
results/benchmarks/synbios_backend_capacity/20260725T113500Z/logs/capacity_fsdp_4gpu_b32_triton_r1.log: OK
results/benchmarks/synbios_backend_capacity/20260725T113500Z/logs/capacity_fsdp_4gpu_b48_cuda_r0.log: OK
results/benchmarks/synbios_backend_capacity/20260725T113500Z/logs/capacity_fsdp_4gpu_b48_cuda_r1.log: OK
results/benchmarks/synbios_backend_capacity/20260725T113500Z/logs/capacity_fsdp_4gpu_b48_torch_r0.log: OK
results/benchmarks/synbios_backend_capacity/20260725T113500Z/logs/capacity_fsdp_4gpu_b48_torch_r1.log: OK
results/benchmarks/synbios_backend_capacity/20260725T113500Z/logs/capacity_fsdp_4gpu_b48_triton_r0.log: OK
results/benchmarks/synbios_backend_capacity/20260725T113500Z/logs/capacity_fsdp_4gpu_b48_triton_r1.log: OK
results/benchmarks/synbios_backend_capacity/20260725T113500Z/logs/capacity_fsdp_4gpu_b4_cuda_r0.log: OK
results/benchmarks/synbios_backend_capacity/20260725T113500Z/logs/capacity_fsdp_4gpu_b4_cuda_r1.log: OK
results/benchmarks/synbios_backend_capacity/20260725T113500Z/logs/capacity_fsdp_4gpu_b4_torch_r0.log: OK
results/benchmarks/synbios_backend_capacity/20260725T113500Z/logs/capacity_fsdp_4gpu_b4_torch_r1.log: OK
results/benchmarks/synbios_backend_capacity/20260725T113500Z/logs/capacity_fsdp_4gpu_b4_triton_r0.log: OK
results/benchmarks/synbios_backend_capacity/20260725T113500Z/logs/capacity_fsdp_4gpu_b4_triton_r1.log: OK
results/benchmarks/synbios_backend_capacity/20260725T113500Z/logs/capacity_fsdp_4gpu_b64_cuda_r0.log: OK
results/benchmarks/synbios_backend_capacity/20260725T113500Z/logs/capacity_fsdp_4gpu_b64_cuda_r1.log: OK
results/benchmarks/synbios_backend_capacity/20260725T113500Z/logs/capacity_fsdp_4gpu_b64_torch_r0.log: OK
results/benchmarks/synbios_backend_capacity/20260725T113500Z/logs/capacity_fsdp_4gpu_b64_torch_r1.log: OK
results/benchmarks/synbios_backend_capacity/20260725T113500Z/logs/capacity_fsdp_4gpu_b64_triton_r0.log: OK
results/benchmarks/synbios_backend_capacity/20260725T113500Z/logs/capacity_fsdp_4gpu_b64_triton_r1.log: OK
results/benchmarks/synbios_backend_capacity/20260725T113500Z/logs/capacity_fsdp_4gpu_b80_cuda_r0.log: OK
results/benchmarks/synbios_backend_capacity/20260725T113500Z/logs/capacity_fsdp_4gpu_b80_cuda_r1.log: OK
results/benchmarks/synbios_backend_capacity/20260725T113500Z/logs/capacity_fsdp_4gpu_b80_torch_r0.log: OK
results/benchmarks/synbios_backend_capacity/20260725T113500Z/logs/capacity_fsdp_4gpu_b80_torch_r1.log: OK
results/benchmarks/synbios_backend_capacity/20260725T113500Z/logs/capacity_fsdp_4gpu_b80_triton_r0.log: OK
results/benchmarks/synbios_backend_capacity/20260725T113500Z/logs/capacity_fsdp_4gpu_b80_triton_r1.log: OK
results/benchmarks/synbios_backend_capacity/20260725T113500Z/logs/capacity_fsdp_4gpu_b8_cuda_r0.log: OK
results/benchmarks/synbios_backend_capacity/20260725T113500Z/logs/capacity_fsdp_4gpu_b8_cuda_r1.log: OK
results/benchmarks/synbios_backend_capacity/20260725T113500Z/logs/capacity_fsdp_4gpu_b8_torch_r0.log: OK
results/benchmarks/synbios_backend_capacity/20260725T113500Z/logs/capacity_fsdp_4gpu_b8_torch_r1.log: OK
results/benchmarks/synbios_backend_capacity/20260725T113500Z/logs/capacity_fsdp_4gpu_b8_triton_r0.log: OK
results/benchmarks/synbios_backend_capacity/20260725T113500Z/logs/capacity_fsdp_4gpu_b8_triton_r1.log: OK
results/benchmarks/synbios_backend_capacity/20260725T113500Z/logs/capacity_fsdp_4gpu_b96_cuda_r0.log: OK
results/benchmarks/synbios_backend_capacity/20260725T113500Z/logs/capacity_fsdp_4gpu_b96_cuda_r1.log: OK
results/benchmarks/synbios_backend_capacity/20260725T113500Z/logs/capacity_fsdp_4gpu_b96_torch_r0.log: OK
results/benchmarks/synbios_backend_capacity/20260725T113500Z/logs/capacity_fsdp_4gpu_b96_torch_r1.log: OK
results/benchmarks/synbios_backend_capacity/20260725T113500Z/logs/capacity_fsdp_4gpu_b96_triton_r0.log: OK
results/benchmarks/synbios_backend_capacity/20260725T113500Z/logs/capacity_fsdp_4gpu_b96_triton_r1.log: OK
results/benchmarks/synbios_backend_capacity/20260725T113500Z/presentation/capacity_aggregates.csv: OK
results/benchmarks/synbios_backend_capacity/20260725T113500Z/presentation/capacity_backend_comparison.json: OK
results/benchmarks/synbios_backend_capacity/20260725T113500Z/presentation/capacity_backend_comparison.png: OK
results/benchmarks/synbios_backend_capacity/20260725T113500Z/presentation/capacity_selected.csv: OK
results/benchmarks/synbios_backend_capacity/20260725T113500Z/raw/capacity_fsdp_4gpu_b112_cuda_r0.json: OK
results/benchmarks/synbios_backend_capacity/20260725T113500Z/raw/capacity_fsdp_4gpu_b112_cuda_r1.json: OK
results/benchmarks/synbios_backend_capacity/20260725T113500Z/raw/capacity_fsdp_4gpu_b112_triton_r0.json: OK
results/benchmarks/synbios_backend_capacity/20260725T113500Z/raw/capacity_fsdp_4gpu_b112_triton_r1.json: OK
results/benchmarks/synbios_backend_capacity/20260725T113500Z/raw/capacity_fsdp_4gpu_b120_cuda_r0.json: OK
results/benchmarks/synbios_backend_capacity/20260725T113500Z/raw/capacity_fsdp_4gpu_b120_cuda_r1.json: OK
results/benchmarks/synbios_backend_capacity/20260725T113500Z/raw/capacity_fsdp_4gpu_b120_triton_r0.json: OK
results/benchmarks/synbios_backend_capacity/20260725T113500Z/raw/capacity_fsdp_4gpu_b120_triton_r1.json: OK
results/benchmarks/synbios_backend_capacity/20260725T113500Z/raw/capacity_fsdp_4gpu_b16_cuda_r0.json: OK
results/benchmarks/synbios_backend_capacity/20260725T113500Z/raw/capacity_fsdp_4gpu_b16_cuda_r1.json: OK
results/benchmarks/synbios_backend_capacity/20260725T113500Z/raw/capacity_fsdp_4gpu_b16_torch_r0.json: OK
results/benchmarks/synbios_backend_capacity/20260725T113500Z/raw/capacity_fsdp_4gpu_b16_torch_r1.json: OK
results/benchmarks/synbios_backend_capacity/20260725T113500Z/raw/capacity_fsdp_4gpu_b16_triton_r0.json: OK
results/benchmarks/synbios_backend_capacity/20260725T113500Z/raw/capacity_fsdp_4gpu_b16_triton_r1.json: OK
results/benchmarks/synbios_backend_capacity/20260725T113500Z/raw/capacity_fsdp_4gpu_b1_cuda_r0.json: OK
results/benchmarks/synbios_backend_capacity/20260725T113500Z/raw/capacity_fsdp_4gpu_b1_cuda_r1.json: OK
results/benchmarks/synbios_backend_capacity/20260725T113500Z/raw/capacity_fsdp_4gpu_b1_torch_r0.json: OK
results/benchmarks/synbios_backend_capacity/20260725T113500Z/raw/capacity_fsdp_4gpu_b1_torch_r1.json: OK
results/benchmarks/synbios_backend_capacity/20260725T113500Z/raw/capacity_fsdp_4gpu_b1_triton_r0.json: OK
results/benchmarks/synbios_backend_capacity/20260725T113500Z/raw/capacity_fsdp_4gpu_b1_triton_r1.json: OK
results/benchmarks/synbios_backend_capacity/20260725T113500Z/raw/capacity_fsdp_4gpu_b24_cuda_r0.json: OK
results/benchmarks/synbios_backend_capacity/20260725T113500Z/raw/capacity_fsdp_4gpu_b24_cuda_r1.json: OK
results/benchmarks/synbios_backend_capacity/20260725T113500Z/raw/capacity_fsdp_4gpu_b24_torch_r0.json: OK
results/benchmarks/synbios_backend_capacity/20260725T113500Z/raw/capacity_fsdp_4gpu_b24_torch_r1.json: OK
results/benchmarks/synbios_backend_capacity/20260725T113500Z/raw/capacity_fsdp_4gpu_b24_triton_r0.json: OK
results/benchmarks/synbios_backend_capacity/20260725T113500Z/raw/capacity_fsdp_4gpu_b24_triton_r1.json: OK
results/benchmarks/synbios_backend_capacity/20260725T113500Z/raw/capacity_fsdp_4gpu_b2_cuda_r0.json: OK
results/benchmarks/synbios_backend_capacity/20260725T113500Z/raw/capacity_fsdp_4gpu_b2_cuda_r1.json: OK
results/benchmarks/synbios_backend_capacity/20260725T113500Z/raw/capacity_fsdp_4gpu_b2_torch_r0.json: OK
results/benchmarks/synbios_backend_capacity/20260725T113500Z/raw/capacity_fsdp_4gpu_b2_torch_r1.json: OK
results/benchmarks/synbios_backend_capacity/20260725T113500Z/raw/capacity_fsdp_4gpu_b2_triton_r0.json: OK
results/benchmarks/synbios_backend_capacity/20260725T113500Z/raw/capacity_fsdp_4gpu_b2_triton_r1.json: OK
results/benchmarks/synbios_backend_capacity/20260725T113500Z/raw/capacity_fsdp_4gpu_b32_cuda_r0.json: OK
results/benchmarks/synbios_backend_capacity/20260725T113500Z/raw/capacity_fsdp_4gpu_b32_cuda_r1.json: OK
results/benchmarks/synbios_backend_capacity/20260725T113500Z/raw/capacity_fsdp_4gpu_b32_triton_r0.json: OK
results/benchmarks/synbios_backend_capacity/20260725T113500Z/raw/capacity_fsdp_4gpu_b32_triton_r1.json: OK
results/benchmarks/synbios_backend_capacity/20260725T113500Z/raw/capacity_fsdp_4gpu_b48_cuda_r0.json: OK
results/benchmarks/synbios_backend_capacity/20260725T113500Z/raw/capacity_fsdp_4gpu_b48_cuda_r1.json: OK
results/benchmarks/synbios_backend_capacity/20260725T113500Z/raw/capacity_fsdp_4gpu_b48_triton_r0.json: OK
results/benchmarks/synbios_backend_capacity/20260725T113500Z/raw/capacity_fsdp_4gpu_b48_triton_r1.json: OK
results/benchmarks/synbios_backend_capacity/20260725T113500Z/raw/capacity_fsdp_4gpu_b4_cuda_r0.json: OK
results/benchmarks/synbios_backend_capacity/20260725T113500Z/raw/capacity_fsdp_4gpu_b4_cuda_r1.json: OK
results/benchmarks/synbios_backend_capacity/20260725T113500Z/raw/capacity_fsdp_4gpu_b4_torch_r0.json: OK
results/benchmarks/synbios_backend_capacity/20260725T113500Z/raw/capacity_fsdp_4gpu_b4_torch_r1.json: OK
results/benchmarks/synbios_backend_capacity/20260725T113500Z/raw/capacity_fsdp_4gpu_b4_triton_r0.json: OK
results/benchmarks/synbios_backend_capacity/20260725T113500Z/raw/capacity_fsdp_4gpu_b4_triton_r1.json: OK
results/benchmarks/synbios_backend_capacity/20260725T113500Z/raw/capacity_fsdp_4gpu_b64_cuda_r0.json: OK
results/benchmarks/synbios_backend_capacity/20260725T113500Z/raw/capacity_fsdp_4gpu_b64_cuda_r1.json: OK
results/benchmarks/synbios_backend_capacity/20260725T113500Z/raw/capacity_fsdp_4gpu_b64_triton_r0.json: OK
results/benchmarks/synbios_backend_capacity/20260725T113500Z/raw/capacity_fsdp_4gpu_b64_triton_r1.json: OK
results/benchmarks/synbios_backend_capacity/20260725T113500Z/raw/capacity_fsdp_4gpu_b80_cuda_r0.json: OK
results/benchmarks/synbios_backend_capacity/20260725T113500Z/raw/capacity_fsdp_4gpu_b80_cuda_r1.json: OK
results/benchmarks/synbios_backend_capacity/20260725T113500Z/raw/capacity_fsdp_4gpu_b80_triton_r0.json: OK
results/benchmarks/synbios_backend_capacity/20260725T113500Z/raw/capacity_fsdp_4gpu_b80_triton_r1.json: OK
results/benchmarks/synbios_backend_capacity/20260725T113500Z/raw/capacity_fsdp_4gpu_b8_cuda_r0.json: OK
results/benchmarks/synbios_backend_capacity/20260725T113500Z/raw/capacity_fsdp_4gpu_b8_cuda_r1.json: OK
results/benchmarks/synbios_backend_capacity/20260725T113500Z/raw/capacity_fsdp_4gpu_b8_torch_r0.json: OK
results/benchmarks/synbios_backend_capacity/20260725T113500Z/raw/capacity_fsdp_4gpu_b8_torch_r1.json: OK
results/benchmarks/synbios_backend_capacity/20260725T113500Z/raw/capacity_fsdp_4gpu_b8_triton_r0.json: OK
results/benchmarks/synbios_backend_capacity/20260725T113500Z/raw/capacity_fsdp_4gpu_b8_triton_r1.json: OK
results/benchmarks/synbios_backend_capacity/20260725T113500Z/raw/capacity_fsdp_4gpu_b96_cuda_r0.json: OK
results/benchmarks/synbios_backend_capacity/20260725T113500Z/raw/capacity_fsdp_4gpu_b96_cuda_r1.json: OK
results/benchmarks/synbios_backend_capacity/20260725T113500Z/raw/capacity_fsdp_4gpu_b96_triton_r0.json: OK
results/benchmarks/synbios_backend_capacity/20260725T113500Z/raw/capacity_fsdp_4gpu_b96_triton_r1.json: OK
results/benchmarks/synbios_backend_fixed/20260725T111400Z/backend_summary.json: OK
results/benchmarks/synbios_backend_fixed/20260725T111400Z/backend_validation.json: OK
results/benchmarks/synbios_backend_fixed/20260725T111400Z/inventory.json: OK
results/benchmarks/synbios_backend_fixed/20260725T111400Z/logs/backend_fsdp_4gpu_b112_cuda_r0.log: OK
results/benchmarks/synbios_backend_fixed/20260725T111400Z/logs/backend_fsdp_4gpu_b112_cuda_r1.log: OK
results/benchmarks/synbios_backend_fixed/20260725T111400Z/logs/backend_fsdp_4gpu_b112_cuda_r2.log: OK
results/benchmarks/synbios_backend_fixed/20260725T111400Z/logs/backend_fsdp_4gpu_b112_torch_r0.log: OK
results/benchmarks/synbios_backend_fixed/20260725T111400Z/logs/backend_fsdp_4gpu_b112_torch_r1.log: OK
results/benchmarks/synbios_backend_fixed/20260725T111400Z/logs/backend_fsdp_4gpu_b112_torch_r2.log: OK
results/benchmarks/synbios_backend_fixed/20260725T111400Z/logs/backend_fsdp_4gpu_b112_triton_r0.log: OK
results/benchmarks/synbios_backend_fixed/20260725T111400Z/logs/backend_fsdp_4gpu_b112_triton_r1.log: OK
results/benchmarks/synbios_backend_fixed/20260725T111400Z/logs/backend_fsdp_4gpu_b112_triton_r2.log: OK
results/benchmarks/synbios_backend_fixed/20260725T111400Z/raw/backend_fsdp_4gpu_b112_cuda_r0.json: OK
results/benchmarks/synbios_backend_fixed/20260725T111400Z/raw/backend_fsdp_4gpu_b112_cuda_r1.json: OK
results/benchmarks/synbios_backend_fixed/20260725T111400Z/raw/backend_fsdp_4gpu_b112_cuda_r2.json: OK
results/benchmarks/synbios_backend_fixed/20260725T111400Z/raw/backend_fsdp_4gpu_b112_triton_r0.json: OK
results/benchmarks/synbios_backend_fixed/20260725T111400Z/raw/backend_fsdp_4gpu_b112_triton_r1.json: OK
results/benchmarks/synbios_backend_fixed/20260725T111400Z/raw/backend_fsdp_4gpu_b112_triton_r2.json: OK
results/benchmarks/synbios_backend_fixed/20260725T112400Z/backend_validation.json: OK
results/benchmarks/synbios_backend_fixed/20260725T113500Z/backend_summary.json: OK
results/benchmarks/synbios_backend_fixed/20260725T113500Z/backend_validation.json: OK
results/benchmarks/synbios_backend_fixed/20260725T113500Z/inventory.json: OK
results/benchmarks/synbios_backend_fixed/20260725T113500Z/logs/backend_fsdp_4gpu_b24_cuda_r0.log: OK
results/benchmarks/synbios_backend_fixed/20260725T113500Z/logs/backend_fsdp_4gpu_b24_cuda_r1.log: OK
results/benchmarks/synbios_backend_fixed/20260725T113500Z/logs/backend_fsdp_4gpu_b24_cuda_r2.log: OK
results/benchmarks/synbios_backend_fixed/20260725T113500Z/logs/backend_fsdp_4gpu_b24_torch_r0.log: OK
results/benchmarks/synbios_backend_fixed/20260725T113500Z/logs/backend_fsdp_4gpu_b24_torch_r1.log: OK
results/benchmarks/synbios_backend_fixed/20260725T113500Z/logs/backend_fsdp_4gpu_b24_torch_r2.log: OK
results/benchmarks/synbios_backend_fixed/20260725T113500Z/logs/backend_fsdp_4gpu_b24_triton_r0.log: OK
results/benchmarks/synbios_backend_fixed/20260725T113500Z/logs/backend_fsdp_4gpu_b24_triton_r1.log: OK
results/benchmarks/synbios_backend_fixed/20260725T113500Z/logs/backend_fsdp_4gpu_b24_triton_r2.log: OK
results/benchmarks/synbios_backend_fixed/20260725T113500Z/presentation/backend_aggregates.csv: OK
results/benchmarks/synbios_backend_fixed/20260725T113500Z/presentation/backend_comparison.json: OK
results/benchmarks/synbios_backend_fixed/20260725T113500Z/presentation/backend_comparison.png: OK
results/benchmarks/synbios_backend_fixed/20260725T113500Z/raw/backend_fsdp_4gpu_b24_cuda_r0.json: OK
results/benchmarks/synbios_backend_fixed/20260725T113500Z/raw/backend_fsdp_4gpu_b24_cuda_r1.json: OK
results/benchmarks/synbios_backend_fixed/20260725T113500Z/raw/backend_fsdp_4gpu_b24_cuda_r2.json: OK
results/benchmarks/synbios_backend_fixed/20260725T113500Z/raw/backend_fsdp_4gpu_b24_torch_r0.json: OK
results/benchmarks/synbios_backend_fixed/20260725T113500Z/raw/backend_fsdp_4gpu_b24_torch_r1.json: OK
results/benchmarks/synbios_backend_fixed/20260725T113500Z/raw/backend_fsdp_4gpu_b24_torch_r2.json: OK
results/benchmarks/synbios_backend_fixed/20260725T113500Z/raw/backend_fsdp_4gpu_b24_triton_r0.json: OK
results/benchmarks/synbios_backend_fixed/20260725T113500Z/raw/backend_fsdp_4gpu_b24_triton_r1.json: OK
results/benchmarks/synbios_backend_fixed/20260725T113500Z/raw/backend_fsdp_4gpu_b24_triton_r2.json: OK
results/benchmarks/synbios_moe/ground_truth_first_batch_benchmark/20260725T093100Z/logs/p_a_training.log: OK
results/benchmarks/synbios_moe/ground_truth_first_batch_benchmark/20260725T093100Z/logs/p_a_validation.log: OK
results/benchmarks/synbios_moe/ground_truth_first_batch_benchmark/20260725T093100Z/logs/p_b_training.log: OK
results/benchmarks/synbios_moe/ground_truth_first_batch_benchmark/20260725T093100Z/logs/p_b_validation.log: OK
results/benchmarks/synbios_moe/ground_truth_first_batch_benchmark/20260725T093100Z/logs/q_a_training.log: OK
results/benchmarks/synbios_moe/ground_truth_first_batch_benchmark/20260725T093100Z/logs/q_a_validation.log: OK
results/benchmarks/synbios_moe/ground_truth_first_batch_benchmark/20260725T093100Z/logs/q_b_training.log: OK
results/benchmarks/synbios_moe/ground_truth_first_batch_benchmark/20260725T093100Z/logs/q_b_validation.log: OK
results/benchmarks/synbios_moe/ground_truth_first_batch_benchmark/20260725T093100Z/operation_logs/synbios_p_ground_truth_first_batch_benchmark_p_a_training/20260725-173200/events.jsonl: OK
results/benchmarks/synbios_moe/ground_truth_first_batch_benchmark/20260725T093100Z/operation_logs/synbios_p_ground_truth_first_batch_benchmark_p_a_training/20260725-173200/events.out.tfevents.1784971920.ml-ubuntu22-04-desktop-v3-2-128gb-25m.123177.0: OK
results/benchmarks/synbios_moe/ground_truth_first_batch_benchmark/20260725T093100Z/operation_logs/synbios_p_ground_truth_first_batch_benchmark_p_a_validation/20260725-173235/events.jsonl: OK
results/benchmarks/synbios_moe/ground_truth_first_batch_benchmark/20260725T093100Z/operation_logs/synbios_p_ground_truth_first_batch_benchmark_p_a_validation/20260725-173235/events.out.tfevents.1784971955.ml-ubuntu22-04-desktop-v3-2-128gb-25m.123784.0: OK
results/benchmarks/synbios_moe/ground_truth_first_batch_benchmark/20260725T093100Z/operation_logs/synbios_p_ground_truth_first_batch_benchmark_p_b_training/20260725-173200/events.jsonl: OK
results/benchmarks/synbios_moe/ground_truth_first_batch_benchmark/20260725T093100Z/operation_logs/synbios_p_ground_truth_first_batch_benchmark_p_b_training/20260725-173200/events.out.tfevents.1784971920.ml-ubuntu22-04-desktop-v3-2-128gb-25m.123179.0: OK
results/benchmarks/synbios_moe/ground_truth_first_batch_benchmark/20260725T093100Z/operation_logs/synbios_p_ground_truth_first_batch_benchmark_p_b_validation/20260725-173235/events.jsonl: OK
results/benchmarks/synbios_moe/ground_truth_first_batch_benchmark/20260725T093100Z/operation_logs/synbios_p_ground_truth_first_batch_benchmark_p_b_validation/20260725-173235/events.out.tfevents.1784971955.ml-ubuntu22-04-desktop-v3-2-128gb-25m.123786.0: OK
results/benchmarks/synbios_moe/ground_truth_first_batch_benchmark/20260725T093100Z/operation_logs/synbios_q_ground_truth_first_batch_benchmark_q_a_training/20260725-173200/events.jsonl: OK
results/benchmarks/synbios_moe/ground_truth_first_batch_benchmark/20260725T093100Z/operation_logs/synbios_q_ground_truth_first_batch_benchmark_q_a_training/20260725-173200/events.out.tfevents.1784971920.ml-ubuntu22-04-desktop-v3-2-128gb-25m.123178.0: OK
results/benchmarks/synbios_moe/ground_truth_first_batch_benchmark/20260725T093100Z/operation_logs/synbios_q_ground_truth_first_batch_benchmark_q_a_validation/20260725-173236/events.jsonl: OK
results/benchmarks/synbios_moe/ground_truth_first_batch_benchmark/20260725T093100Z/operation_logs/synbios_q_ground_truth_first_batch_benchmark_q_a_validation/20260725-173236/events.out.tfevents.1784971956.ml-ubuntu22-04-desktop-v3-2-128gb-25m.123785.0: OK
results/benchmarks/synbios_moe/ground_truth_first_batch_benchmark/20260725T093100Z/operation_logs/synbios_q_ground_truth_first_batch_benchmark_q_b_training/20260725-173200/events.jsonl: OK
results/benchmarks/synbios_moe/ground_truth_first_batch_benchmark/20260725T093100Z/operation_logs/synbios_q_ground_truth_first_batch_benchmark_q_b_training/20260725-173200/events.out.tfevents.1784971920.ml-ubuntu22-04-desktop-v3-2-128gb-25m.123180.0: OK
results/benchmarks/synbios_moe/ground_truth_first_batch_benchmark/20260725T093100Z/operation_logs/synbios_q_ground_truth_first_batch_benchmark_q_b_validation/20260725-173236/events.jsonl: OK
results/benchmarks/synbios_moe/ground_truth_first_batch_benchmark/20260725T093100Z/operation_logs/synbios_q_ground_truth_first_batch_benchmark_q_b_validation/20260725-173236/events.out.tfevents.1784971956.ml-ubuntu22-04-desktop-v3-2-128gb-25m.123787.0: OK
results/benchmarks/synbios_moe/ground_truth_first_batch_benchmark/20260725T093100Z/p_a_training.json: OK
results/benchmarks/synbios_moe/ground_truth_first_batch_benchmark/20260725T093100Z/p_a_validation.json: OK
results/benchmarks/synbios_moe/ground_truth_first_batch_benchmark/20260725T093100Z/p_b_training.json: OK
results/benchmarks/synbios_moe/ground_truth_first_batch_benchmark/20260725T093100Z/p_b_validation.json: OK
results/benchmarks/synbios_moe/ground_truth_first_batch_benchmark/20260725T093100Z/q_a_training.json: OK
results/benchmarks/synbios_moe/ground_truth_first_batch_benchmark/20260725T093100Z/q_a_validation.json: OK
results/benchmarks/synbios_moe/ground_truth_first_batch_benchmark/20260725T093100Z/q_b_training.json: OK
results/benchmarks/synbios_moe/ground_truth_first_batch_benchmark/20260725T093100Z/q_b_validation.json: OK
results/benchmarks/synbios_moe/ground_truth_first_batch_benchmark/20260725T093100Z/summary.json: OK
results/benchmarks/synbios_moe/ground_truth_first_batch_benchmark/20260725T093500Z/logs/p_a_training.log: OK
results/benchmarks/synbios_moe/ground_truth_first_batch_benchmark/20260725T093500Z/logs/p_a_validation.log: OK
results/benchmarks/synbios_moe/ground_truth_first_batch_benchmark/20260725T093500Z/logs/p_b_training.log: OK
results/benchmarks/synbios_moe/ground_truth_first_batch_benchmark/20260725T093500Z/logs/p_b_validation.log: OK
results/benchmarks/synbios_moe/ground_truth_first_batch_benchmark/20260725T093500Z/logs/q_a_training.log: OK
results/benchmarks/synbios_moe/ground_truth_first_batch_benchmark/20260725T093500Z/logs/q_a_validation.log: OK
results/benchmarks/synbios_moe/ground_truth_first_batch_benchmark/20260725T093500Z/logs/q_b_training.log: OK
results/benchmarks/synbios_moe/ground_truth_first_batch_benchmark/20260725T093500Z/logs/q_b_validation.log: OK
results/benchmarks/synbios_moe/ground_truth_first_batch_benchmark/20260725T093500Z/operation_logs/synbios_p_ground_truth_first_batch_benchmark_p_a_training/20260725-173655/events.jsonl: OK
results/benchmarks/synbios_moe/ground_truth_first_batch_benchmark/20260725T093500Z/operation_logs/synbios_p_ground_truth_first_batch_benchmark_p_a_training/20260725-173655/events.out.tfevents.1784972215.ml-ubuntu22-04-desktop-v3-2-128gb-25m.125479.0: OK
results/benchmarks/synbios_moe/ground_truth_first_batch_benchmark/20260725T093500Z/operation_logs/synbios_p_ground_truth_first_batch_benchmark_p_a_validation/20260725-173733/events.jsonl: OK
results/benchmarks/synbios_moe/ground_truth_first_batch_benchmark/20260725T093500Z/operation_logs/synbios_p_ground_truth_first_batch_benchmark_p_a_validation/20260725-173733/events.out.tfevents.1784972253.ml-ubuntu22-04-desktop-v3-2-128gb-25m.126070.0: OK
results/benchmarks/synbios_moe/ground_truth_first_batch_benchmark/20260725T093500Z/operation_logs/synbios_p_ground_truth_first_batch_benchmark_p_b_training/20260725-173655/events.jsonl: OK
results/benchmarks/synbios_moe/ground_truth_first_batch_benchmark/20260725T093500Z/operation_logs/synbios_p_ground_truth_first_batch_benchmark_p_b_training/20260725-173655/events.out.tfevents.1784972215.ml-ubuntu22-04-desktop-v3-2-128gb-25m.125481.0: OK
results/benchmarks/synbios_moe/ground_truth_first_batch_benchmark/20260725T093500Z/operation_logs/synbios_p_ground_truth_first_batch_benchmark_p_b_validation/20260725-173733/events.jsonl: OK
results/benchmarks/synbios_moe/ground_truth_first_batch_benchmark/20260725T093500Z/operation_logs/synbios_p_ground_truth_first_batch_benchmark_p_b_validation/20260725-173733/events.out.tfevents.1784972253.ml-ubuntu22-04-desktop-v3-2-128gb-25m.126072.0: OK
results/benchmarks/synbios_moe/ground_truth_first_batch_benchmark/20260725T093500Z/operation_logs/synbios_q_ground_truth_first_batch_benchmark_q_a_training/20260725-173655/events.jsonl: OK
results/benchmarks/synbios_moe/ground_truth_first_batch_benchmark/20260725T093500Z/operation_logs/synbios_q_ground_truth_first_batch_benchmark_q_a_training/20260725-173655/events.out.tfevents.1784972215.ml-ubuntu22-04-desktop-v3-2-128gb-25m.125480.0: OK
results/benchmarks/synbios_moe/ground_truth_first_batch_benchmark/20260725T093500Z/operation_logs/synbios_q_ground_truth_first_batch_benchmark_q_a_validation/20260725-173733/events.jsonl: OK
results/benchmarks/synbios_moe/ground_truth_first_batch_benchmark/20260725T093500Z/operation_logs/synbios_q_ground_truth_first_batch_benchmark_q_a_validation/20260725-173733/events.out.tfevents.1784972253.ml-ubuntu22-04-desktop-v3-2-128gb-25m.126071.0: OK
results/benchmarks/synbios_moe/ground_truth_first_batch_benchmark/20260725T093500Z/operation_logs/synbios_q_ground_truth_first_batch_benchmark_q_b_training/20260725-173655/events.jsonl: OK
results/benchmarks/synbios_moe/ground_truth_first_batch_benchmark/20260725T093500Z/operation_logs/synbios_q_ground_truth_first_batch_benchmark_q_b_training/20260725-173655/events.out.tfevents.1784972215.ml-ubuntu22-04-desktop-v3-2-128gb-25m.125482.0: OK
results/benchmarks/synbios_moe/ground_truth_first_batch_benchmark/20260725T093500Z/operation_logs/synbios_q_ground_truth_first_batch_benchmark_q_b_validation/20260725-173733/events.jsonl: OK
results/benchmarks/synbios_moe/ground_truth_first_batch_benchmark/20260725T093500Z/operation_logs/synbios_q_ground_truth_first_batch_benchmark_q_b_validation/20260725-173733/events.out.tfevents.1784972253.ml-ubuntu22-04-desktop-v3-2-128gb-25m.126073.0: OK
results/benchmarks/synbios_moe/ground_truth_first_batch_benchmark/20260725T093500Z/p_a_training.json: OK
results/benchmarks/synbios_moe/ground_truth_first_batch_benchmark/20260725T093500Z/p_a_validation.json: OK
results/benchmarks/synbios_moe/ground_truth_first_batch_benchmark/20260725T093500Z/p_b_training.json: OK
results/benchmarks/synbios_moe/ground_truth_first_batch_benchmark/20260725T093500Z/p_b_validation.json: OK
results/benchmarks/synbios_moe/ground_truth_first_batch_benchmark/20260725T093500Z/q_a_training.json: OK
results/benchmarks/synbios_moe/ground_truth_first_batch_benchmark/20260725T093500Z/q_a_validation.json: OK
results/benchmarks/synbios_moe/ground_truth_first_batch_benchmark/20260725T093500Z/q_b_training.json: OK
results/benchmarks/synbios_moe/ground_truth_first_batch_benchmark/20260725T093500Z/q_b_validation.json: OK
results/benchmarks/synbios_moe/ground_truth_first_batch_benchmark/20260725T093500Z/summary.json: OK
results/benchmarks/synbios_moe/ground_truth_first_batch_benchmark/20260725T094600Z/logs/p_a_validation.log: OK
results/benchmarks/synbios_moe/ground_truth_first_batch_benchmark/20260725T094600Z/logs/p_b_validation.log: OK
results/benchmarks/synbios_moe/ground_truth_first_batch_benchmark/20260725T094600Z/operation_logs/synbios_p_ground_truth_first_batch_benchmark_p_a_validation/20260725-174547/events.jsonl: OK
results/benchmarks/synbios_moe/ground_truth_first_batch_benchmark/20260725T094600Z/operation_logs/synbios_p_ground_truth_first_batch_benchmark_p_a_validation/20260725-174547/events.out.tfevents.1784972747.ml-ubuntu22-04-desktop-v3-2-128gb-25m.128853.0: OK
results/benchmarks/synbios_moe/ground_truth_first_batch_benchmark/20260725T094600Z/operation_logs/synbios_p_ground_truth_first_batch_benchmark_p_b_validation/20260725-174547/events.jsonl: OK
results/benchmarks/synbios_moe/ground_truth_first_batch_benchmark/20260725T094600Z/operation_logs/synbios_p_ground_truth_first_batch_benchmark_p_b_validation/20260725-174547/events.out.tfevents.1784972747.ml-ubuntu22-04-desktop-v3-2-128gb-25m.128854.0: OK
results/benchmarks/synbios_moe/ground_truth_first_batch_benchmark/20260725T094600Z/p_a_validation.json: OK
results/benchmarks/synbios_moe/ground_truth_first_batch_benchmark/20260725T094600Z/p_b_validation.json: OK
results/benchmarks/synbios_moe/ground_truth_first_batch_benchmark/20260725T094600Z/recommended.env: OK
results/benchmarks/synbios_moe/ground_truth_first_batch_benchmark/20260725T094600Z/summary.json: OK
results/benchmarks/synbios_moe/probe_batch_benchmark/multi5_permute/20260723T060246Z/logs/p_a_training.log: OK
results/benchmarks/synbios_moe/probe_batch_benchmark/multi5_permute/20260723T060246Z/logs/p_b_training.log: OK
results/benchmarks/synbios_moe/probe_batch_benchmark/multi5_permute/20260723T060246Z/logs/q_a_training.log: OK
results/benchmarks/synbios_moe/probe_batch_benchmark/multi5_permute/20260723T060246Z/logs/q_b_training.log: OK
results/benchmarks/synbios_moe/probe_batch_benchmark/multi5_permute/20260723T060246Z/operation_logs/synbios_p_probe_batch_benchmark_p_a_training/20260723-140321/events.jsonl: OK
results/benchmarks/synbios_moe/probe_batch_benchmark/multi5_permute/20260723T060246Z/operation_logs/synbios_p_probe_batch_benchmark_p_a_training/20260723-140321/events.out.tfevents.1784786602.ml-ubuntu22-04-desktop-v3-2-128gb-25m.17603.0: OK
results/benchmarks/synbios_moe/probe_batch_benchmark/multi5_permute/20260723T060246Z/operation_logs/synbios_p_probe_batch_benchmark_p_b_training/20260723-140321/events.jsonl: OK
results/benchmarks/synbios_moe/probe_batch_benchmark/multi5_permute/20260723T060246Z/operation_logs/synbios_p_probe_batch_benchmark_p_b_training/20260723-140321/events.out.tfevents.1784786602.ml-ubuntu22-04-desktop-v3-2-128gb-25m.17605.0: OK
results/benchmarks/synbios_moe/probe_batch_benchmark/multi5_permute/20260723T060246Z/operation_logs/synbios_q_probe_batch_benchmark_q_a_training/20260723-140322/events.jsonl: OK
results/benchmarks/synbios_moe/probe_batch_benchmark/multi5_permute/20260723T060246Z/operation_logs/synbios_q_probe_batch_benchmark_q_a_training/20260723-140322/events.out.tfevents.1784786602.ml-ubuntu22-04-desktop-v3-2-128gb-25m.17604.0: OK
results/benchmarks/synbios_moe/probe_batch_benchmark/multi5_permute/20260723T060246Z/operation_logs/synbios_q_probe_batch_benchmark_q_b_training/20260723-140322/events.jsonl: OK
results/benchmarks/synbios_moe/probe_batch_benchmark/multi5_permute/20260723T060246Z/operation_logs/synbios_q_probe_batch_benchmark_q_b_training/20260723-140322/events.out.tfevents.1784786602.ml-ubuntu22-04-desktop-v3-2-128gb-25m.17606.0: OK
results/benchmarks/synbios_moe/probe_batch_benchmark/multi5_permute/20260723T060430Z/logs/p_a_training.log: OK
results/benchmarks/synbios_moe/probe_batch_benchmark/multi5_permute/20260723T060430Z/logs/p_a_validation.log: OK
results/benchmarks/synbios_moe/probe_batch_benchmark/multi5_permute/20260723T060430Z/logs/p_b_training.log: OK
results/benchmarks/synbios_moe/probe_batch_benchmark/multi5_permute/20260723T060430Z/logs/p_b_validation.log: OK
results/benchmarks/synbios_moe/probe_batch_benchmark/multi5_permute/20260723T060430Z/logs/q_a_training.log: OK
results/benchmarks/synbios_moe/probe_batch_benchmark/multi5_permute/20260723T060430Z/logs/q_a_validation.log: OK
results/benchmarks/synbios_moe/probe_batch_benchmark/multi5_permute/20260723T060430Z/logs/q_b_training.log: OK
results/benchmarks/synbios_moe/probe_batch_benchmark/multi5_permute/20260723T060430Z/logs/q_b_validation.log: OK
results/benchmarks/synbios_moe/probe_batch_benchmark/multi5_permute/20260723T060430Z/operation_logs/synbios_p_probe_batch_benchmark_p_a_training/20260723-140512/events.jsonl: OK
results/benchmarks/synbios_moe/probe_batch_benchmark/multi5_permute/20260723T060430Z/operation_logs/synbios_p_probe_batch_benchmark_p_a_training/20260723-140512/events.out.tfevents.1784786712.ml-ubuntu22-04-desktop-v3-2-128gb-25m.18644.0: OK
results/benchmarks/synbios_moe/probe_batch_benchmark/multi5_permute/20260723T060430Z/operation_logs/synbios_p_probe_batch_benchmark_p_a_validation/20260723-140541/events.jsonl: OK
results/benchmarks/synbios_moe/probe_batch_benchmark/multi5_permute/20260723T060430Z/operation_logs/synbios_p_probe_batch_benchmark_p_a_validation/20260723-140541/events.out.tfevents.1784786741.ml-ubuntu22-04-desktop-v3-2-128gb-25m.19215.0: OK
results/benchmarks/synbios_moe/probe_batch_benchmark/multi5_permute/20260723T060430Z/operation_logs/synbios_p_probe_batch_benchmark_p_b_training/20260723-140512/events.jsonl: OK
results/benchmarks/synbios_moe/probe_batch_benchmark/multi5_permute/20260723T060430Z/operation_logs/synbios_p_probe_batch_benchmark_p_b_training/20260723-140512/events.out.tfevents.1784786712.ml-ubuntu22-04-desktop-v3-2-128gb-25m.18646.0: OK
results/benchmarks/synbios_moe/probe_batch_benchmark/multi5_permute/20260723T060430Z/operation_logs/synbios_p_probe_batch_benchmark_p_b_validation/20260723-140540/events.jsonl: OK
results/benchmarks/synbios_moe/probe_batch_benchmark/multi5_permute/20260723T060430Z/operation_logs/synbios_p_probe_batch_benchmark_p_b_validation/20260723-140540/events.out.tfevents.1784786740.ml-ubuntu22-04-desktop-v3-2-128gb-25m.19217.0: OK
results/benchmarks/synbios_moe/probe_batch_benchmark/multi5_permute/20260723T060430Z/operation_logs/synbios_q_probe_batch_benchmark_q_a_training/20260723-140512/events.jsonl: OK
results/benchmarks/synbios_moe/probe_batch_benchmark/multi5_permute/20260723T060430Z/operation_logs/synbios_q_probe_batch_benchmark_q_a_training/20260723-140512/events.out.tfevents.1784786712.ml-ubuntu22-04-desktop-v3-2-128gb-25m.18645.0: OK
results/benchmarks/synbios_moe/probe_batch_benchmark/multi5_permute/20260723T060430Z/operation_logs/synbios_q_probe_batch_benchmark_q_a_validation/20260723-140541/events.jsonl: OK
results/benchmarks/synbios_moe/probe_batch_benchmark/multi5_permute/20260723T060430Z/operation_logs/synbios_q_probe_batch_benchmark_q_a_validation/20260723-140541/events.out.tfevents.1784786741.ml-ubuntu22-04-desktop-v3-2-128gb-25m.19216.0: OK
results/benchmarks/synbios_moe/probe_batch_benchmark/multi5_permute/20260723T060430Z/operation_logs/synbios_q_probe_batch_benchmark_q_b_training/20260723-140512/events.jsonl: OK
results/benchmarks/synbios_moe/probe_batch_benchmark/multi5_permute/20260723T060430Z/operation_logs/synbios_q_probe_batch_benchmark_q_b_training/20260723-140512/events.out.tfevents.1784786712.ml-ubuntu22-04-desktop-v3-2-128gb-25m.18647.0: OK
results/benchmarks/synbios_moe/probe_batch_benchmark/multi5_permute/20260723T060430Z/operation_logs/synbios_q_probe_batch_benchmark_q_b_validation/20260723-140540/events.jsonl: OK
results/benchmarks/synbios_moe/probe_batch_benchmark/multi5_permute/20260723T060430Z/operation_logs/synbios_q_probe_batch_benchmark_q_b_validation/20260723-140540/events.out.tfevents.1784786740.ml-ubuntu22-04-desktop-v3-2-128gb-25m.19218.0: OK
results/benchmarks/synbios_moe/probe_batch_benchmark/multi5_permute/20260723T060430Z/p_a_training.json: OK
results/benchmarks/synbios_moe/probe_batch_benchmark/multi5_permute/20260723T060430Z/p_a_validation.json: OK
results/benchmarks/synbios_moe/probe_batch_benchmark/multi5_permute/20260723T060430Z/p_b_training.json: OK
results/benchmarks/synbios_moe/probe_batch_benchmark/multi5_permute/20260723T060430Z/p_b_validation.json: OK
results/benchmarks/synbios_moe/probe_batch_benchmark/multi5_permute/20260723T060430Z/q_a_training.json: OK
results/benchmarks/synbios_moe/probe_batch_benchmark/multi5_permute/20260723T060430Z/q_a_validation.json: OK
results/benchmarks/synbios_moe/probe_batch_benchmark/multi5_permute/20260723T060430Z/q_b_training.json: OK
results/benchmarks/synbios_moe/probe_batch_benchmark/multi5_permute/20260723T060430Z/q_b_validation.json: OK
results/benchmarks/synbios_moe/probe_batch_benchmark/multi5_permute/20260723T060430Z/summary.json: OK
results/benchmarks/synbios_moe/probe_batch_benchmark/multi5_permute/20260723T060600Z/logs/p_a_training.log: OK
results/benchmarks/synbios_moe/probe_batch_benchmark/multi5_permute/20260723T060600Z/logs/p_a_validation.log: OK
results/benchmarks/synbios_moe/probe_batch_benchmark/multi5_permute/20260723T060600Z/logs/p_b_training.log: OK
results/benchmarks/synbios_moe/probe_batch_benchmark/multi5_permute/20260723T060600Z/logs/p_b_validation.log: OK
results/benchmarks/synbios_moe/probe_batch_benchmark/multi5_permute/20260723T060600Z/logs/q_a_training.log: OK
results/benchmarks/synbios_moe/probe_batch_benchmark/multi5_permute/20260723T060600Z/logs/q_a_validation.log: OK
results/benchmarks/synbios_moe/probe_batch_benchmark/multi5_permute/20260723T060600Z/logs/q_b_training.log: OK
results/benchmarks/synbios_moe/probe_batch_benchmark/multi5_permute/20260723T060600Z/logs/q_b_validation.log: OK
results/benchmarks/synbios_moe/probe_batch_benchmark/multi5_permute/20260723T060600Z/operation_logs/synbios_p_probe_batch_benchmark_p_a_training/20260723-140718/events.jsonl: OK
results/benchmarks/synbios_moe/probe_batch_benchmark/multi5_permute/20260723T060600Z/operation_logs/synbios_p_probe_batch_benchmark_p_a_training/20260723-140718/events.out.tfevents.1784786838.ml-ubuntu22-04-desktop-v3-2-128gb-25m.20347.0: OK
results/benchmarks/synbios_moe/probe_batch_benchmark/multi5_permute/20260723T060600Z/operation_logs/synbios_p_probe_batch_benchmark_p_a_validation/20260723-140814/events.jsonl: OK
results/benchmarks/synbios_moe/probe_batch_benchmark/multi5_permute/20260723T060600Z/operation_logs/synbios_p_probe_batch_benchmark_p_a_validation/20260723-140814/events.out.tfevents.1784786894.ml-ubuntu22-04-desktop-v3-2-128gb-25m.21013.0: OK
results/benchmarks/synbios_moe/probe_batch_benchmark/multi5_permute/20260723T060600Z/operation_logs/synbios_p_probe_batch_benchmark_p_b_training/20260723-140718/events.jsonl: OK
results/benchmarks/synbios_moe/probe_batch_benchmark/multi5_permute/20260723T060600Z/operation_logs/synbios_p_probe_batch_benchmark_p_b_training/20260723-140718/events.out.tfevents.1784786838.ml-ubuntu22-04-desktop-v3-2-128gb-25m.20349.0: OK
results/benchmarks/synbios_moe/probe_batch_benchmark/multi5_permute/20260723T060600Z/operation_logs/synbios_p_probe_batch_benchmark_p_b_validation/20260723-140814/events.jsonl: OK
results/benchmarks/synbios_moe/probe_batch_benchmark/multi5_permute/20260723T060600Z/operation_logs/synbios_p_probe_batch_benchmark_p_b_validation/20260723-140814/events.out.tfevents.1784786894.ml-ubuntu22-04-desktop-v3-2-128gb-25m.21015.0: OK
results/benchmarks/synbios_moe/probe_batch_benchmark/multi5_permute/20260723T060600Z/operation_logs/synbios_q_probe_batch_benchmark_q_a_training/20260723-140718/events.jsonl: OK
results/benchmarks/synbios_moe/probe_batch_benchmark/multi5_permute/20260723T060600Z/operation_logs/synbios_q_probe_batch_benchmark_q_a_training/20260723-140718/events.out.tfevents.1784786838.ml-ubuntu22-04-desktop-v3-2-128gb-25m.20348.0: OK
results/benchmarks/synbios_moe/probe_batch_benchmark/multi5_permute/20260723T060600Z/operation_logs/synbios_q_probe_batch_benchmark_q_a_validation/20260723-140814/events.jsonl: OK
results/benchmarks/synbios_moe/probe_batch_benchmark/multi5_permute/20260723T060600Z/operation_logs/synbios_q_probe_batch_benchmark_q_a_validation/20260723-140814/events.out.tfevents.1784786894.ml-ubuntu22-04-desktop-v3-2-128gb-25m.21014.0: OK
results/benchmarks/synbios_moe/probe_batch_benchmark/multi5_permute/20260723T060600Z/operation_logs/synbios_q_probe_batch_benchmark_q_b_training/20260723-140718/events.jsonl: OK
results/benchmarks/synbios_moe/probe_batch_benchmark/multi5_permute/20260723T060600Z/operation_logs/synbios_q_probe_batch_benchmark_q_b_training/20260723-140718/events.out.tfevents.1784786838.ml-ubuntu22-04-desktop-v3-2-128gb-25m.20350.0: OK
results/benchmarks/synbios_moe/probe_batch_benchmark/multi5_permute/20260723T060600Z/operation_logs/synbios_q_probe_batch_benchmark_q_b_validation/20260723-140814/events.jsonl: OK
results/benchmarks/synbios_moe/probe_batch_benchmark/multi5_permute/20260723T060600Z/operation_logs/synbios_q_probe_batch_benchmark_q_b_validation/20260723-140814/events.out.tfevents.1784786894.ml-ubuntu22-04-desktop-v3-2-128gb-25m.21016.0: OK
results/benchmarks/synbios_moe/probe_batch_benchmark/multi5_permute/20260723T060600Z/p_a_training.json: OK
results/benchmarks/synbios_moe/probe_batch_benchmark/multi5_permute/20260723T060600Z/p_a_validation.json: OK
results/benchmarks/synbios_moe/probe_batch_benchmark/multi5_permute/20260723T060600Z/p_b_training.json: OK
results/benchmarks/synbios_moe/probe_batch_benchmark/multi5_permute/20260723T060600Z/p_b_validation.json: OK
results/benchmarks/synbios_moe/probe_batch_benchmark/multi5_permute/20260723T060600Z/q_a_training.json: OK
results/benchmarks/synbios_moe/probe_batch_benchmark/multi5_permute/20260723T060600Z/q_a_validation.json: OK
results/benchmarks/synbios_moe/probe_batch_benchmark/multi5_permute/20260723T060600Z/q_b_training.json: OK
results/benchmarks/synbios_moe/probe_batch_benchmark/multi5_permute/20260723T060600Z/q_b_validation.json: OK
results/benchmarks/synbios_moe/probe_batch_benchmark/multi5_permute/20260723T060600Z/recommended.env: OK
results/benchmarks/synbios_moe/probe_batch_benchmark/multi5_permute/20260723T060600Z/summary.json: OK
results/benchmarks/synbios_moe_fsdp4/b112_stability/capacity_summary.json: OK
results/benchmarks/synbios_moe_fsdp4/b112_stability/inventory.json: OK
results/benchmarks/synbios_moe_fsdp4/b112_stability/logs/capacity_fsdp_4gpu_b112_r0.log: OK
results/benchmarks/synbios_moe_fsdp4/b112_stability/raw/capacity_fsdp_4gpu_b112_r0.json: OK
results/benchmarks/synbios_moe_fsdp4/capacity_initial/capacity_summary.json: OK
results/benchmarks/synbios_moe_fsdp4/capacity_initial/inventory.json: OK
results/benchmarks/synbios_moe_fsdp4/capacity_initial/logs/capacity_fsdp_4gpu_b128_r0.log: OK
results/benchmarks/synbios_moe_fsdp4/capacity_initial/logs/capacity_fsdp_4gpu_b16_r0.log: OK
results/benchmarks/synbios_moe_fsdp4/capacity_initial/logs/capacity_fsdp_4gpu_b256_r0.log: OK
results/benchmarks/synbios_moe_fsdp4/capacity_initial/logs/capacity_fsdp_4gpu_b32_r0.log: OK
results/benchmarks/synbios_moe_fsdp4/capacity_initial/logs/capacity_fsdp_4gpu_b512_r0.log: OK
results/benchmarks/synbios_moe_fsdp4/capacity_initial/logs/capacity_fsdp_4gpu_b64_r0.log: OK
results/benchmarks/synbios_moe_fsdp4/capacity_initial/logs/capacity_fsdp_4gpu_b8_r0.log: OK
results/benchmarks/synbios_moe_fsdp4/capacity_initial/raw/capacity_fsdp_4gpu_b16_r0.json: OK
results/benchmarks/synbios_moe_fsdp4/capacity_initial/raw/capacity_fsdp_4gpu_b32_r0.json: OK
results/benchmarks/synbios_moe_fsdp4/capacity_initial/raw/capacity_fsdp_4gpu_b64_r0.json: OK
results/benchmarks/synbios_moe_fsdp4/capacity_initial/raw/capacity_fsdp_4gpu_b8_r0.json: OK
results/benchmarks/synbios_moe_fsdp4/capacity_refine/capacity_summary.json: OK
results/benchmarks/synbios_moe_fsdp4/capacity_refine/inventory.json: OK
results/benchmarks/synbios_moe_fsdp4/capacity_refine/logs/capacity_fsdp_4gpu_b112_r0.log: OK
results/benchmarks/synbios_moe_fsdp4/capacity_refine/logs/capacity_fsdp_4gpu_b120_r0.log: OK
results/benchmarks/synbios_moe_fsdp4/capacity_refine/logs/capacity_fsdp_4gpu_b96_r0.log: OK
results/benchmarks/synbios_moe_fsdp4/capacity_refine/raw/capacity_fsdp_4gpu_b112_r0.json: OK
results/benchmarks/synbios_moe_fsdp4/capacity_refine/raw/capacity_fsdp_4gpu_b120_r0.json: OK
results/benchmarks/synbios_moe_fsdp4/capacity_refine/raw/capacity_fsdp_4gpu_b96_r0.json: OK
results/benchmarks/synbios_moe_fsdp4/weak_b64/inventory.json: OK
results/benchmarks/synbios_moe_fsdp4/weak_b64/logs/weak_fsdp_1gpu_b64_r0.log: OK
results/benchmarks/synbios_moe_fsdp4/weak_b64/logs/weak_fsdp_1gpu_b64_r1.log: OK
results/benchmarks/synbios_moe_fsdp4/weak_b64/logs/weak_fsdp_4gpu_b64_r0.log: OK
results/benchmarks/synbios_moe_fsdp4/weak_b64/logs/weak_fsdp_4gpu_b64_r1.log: OK
results/benchmarks/synbios_moe_fsdp4/weak_b64/presentation/README.md: OK
results/benchmarks/synbios_moe_fsdp4/weak_b64/presentation/failures.csv: OK
results/benchmarks/synbios_moe_fsdp4/weak_b64/presentation/quality_gates.json: OK
results/benchmarks/synbios_moe_fsdp4/weak_b64/presentation/results_aggregated.csv: OK
results/benchmarks/synbios_moe_fsdp4/weak_b64/presentation/weak_overview.png: OK
results/benchmarks/synbios_moe_fsdp4/weak_b64/raw/weak_fsdp_1gpu_b64_r0.json: OK
results/benchmarks/synbios_moe_fsdp4/weak_b64/raw/weak_fsdp_1gpu_b64_r1.json: OK
results/benchmarks/synbios_moe_fsdp4/weak_b64/raw/weak_fsdp_4gpu_b64_r0.json: OK
results/benchmarks/synbios_moe_fsdp4/weak_b64/raw/weak_fsdp_4gpu_b64_r1.json: OK
results/benchmarks/synbios_moe_fsdp4/weak_b64/weak_summary.json: OK
results/datasets/synbios_moe/README.md: OK
results/datasets/synbios_moe/attribute_token_distribution/attribute_summary.csv: OK
results/datasets/synbios_moe/attribute_token_distribution/length_distribution.csv: OK
results/datasets/synbios_moe/attribute_token_distribution/position_token_distribution.csv: OK
results/datasets/synbios_moe/attribute_token_distribution/summary.json: OK
results/datasets/synbios_moe/multi5_permute/lineage.json: OK
results/datasets/synbios_moe/multi5_permute/manifest.json: OK
results/datasets/synbios_moe/multi5_permute/probe_cache/lineage.json: OK
results/datasets/synbios_moe/multi5_permute/probe_cache/manifest.json: OK
results/datasets/synbios_moe/multi5_permute/token_shards/lineage.json: OK
results/datasets/synbios_moe/multi5_permute/token_shards/manifest.json: OK
results/datasets/synbios_moe/single/lineage.json: OK
results/datasets/synbios_moe/single/manifest.json: OK
results/datasets/synbios_moe/single/probe_cache/lineage.json: OK
results/datasets/synbios_moe/single/probe_cache/manifest.json: OK
results/datasets/synbios_moe/single/token_shards/lineage.json: OK
results/datasets/synbios_moe/single/token_shards/manifest.json: OK
results/environment/server_environment.json: OK
results/formal_runs/synbios_moe/checkpoints/synbios_moe_multi5_permute_fsdp_4gpu/epoch_000100_step_000016100/COMMITTED: OK
results/formal_runs/synbios_moe/checkpoints/synbios_moe_multi5_permute_fsdp_4gpu/epoch_000100_step_000016100/SAFETY: OK
results/formal_runs/synbios_moe/checkpoints/synbios_moe_multi5_permute_fsdp_4gpu/epoch_000100_step_000016100/distributed/.metadata: OK
results/formal_runs/synbios_moe/checkpoints/synbios_moe_multi5_permute_fsdp_4gpu/epoch_000100_step_000016100/rng_rank_00000.pt: OK
results/formal_runs/synbios_moe/checkpoints/synbios_moe_multi5_permute_fsdp_4gpu/epoch_000100_step_000016100/rng_rank_00001.pt: OK
results/formal_runs/synbios_moe/checkpoints/synbios_moe_multi5_permute_fsdp_4gpu/epoch_000100_step_000016100/rng_rank_00002.pt: OK
results/formal_runs/synbios_moe/checkpoints/synbios_moe_multi5_permute_fsdp_4gpu/epoch_000100_step_000016100/rng_rank_00003.pt: OK
results/formal_runs/synbios_moe/checkpoints/synbios_moe_multi5_permute_fsdp_4gpu/epoch_000100_step_000016100/runtime.pt: OK
results/formal_runs/synbios_moe/checkpoints/synbios_moe_multi5_permute_fsdp_4gpu/epoch_000106_step_000017066/COMMITTED: OK
results/formal_runs/synbios_moe/checkpoints/synbios_moe_multi5_permute_fsdp_4gpu/epoch_000106_step_000017066/distributed/.metadata: OK
results/formal_runs/synbios_moe/checkpoints/synbios_moe_multi5_permute_fsdp_4gpu/epoch_000106_step_000017066/rng_rank_00000.pt: OK
results/formal_runs/synbios_moe/checkpoints/synbios_moe_multi5_permute_fsdp_4gpu/epoch_000106_step_000017066/rng_rank_00001.pt: OK
results/formal_runs/synbios_moe/checkpoints/synbios_moe_multi5_permute_fsdp_4gpu/epoch_000106_step_000017066/rng_rank_00002.pt: OK
results/formal_runs/synbios_moe/checkpoints/synbios_moe_multi5_permute_fsdp_4gpu/epoch_000106_step_000017066/rng_rank_00003.pt: OK
results/formal_runs/synbios_moe/checkpoints/synbios_moe_multi5_permute_fsdp_4gpu/epoch_000106_step_000017066/runtime.pt: OK
results/formal_runs/synbios_moe/checkpoints/synbios_moe_multi5_permute_fsdp_4gpu/epoch_000108_step_000017388/COMMITTED: OK
results/formal_runs/synbios_moe/checkpoints/synbios_moe_multi5_permute_fsdp_4gpu/epoch_000108_step_000017388/distributed/.metadata: OK
results/formal_runs/synbios_moe/checkpoints/synbios_moe_multi5_permute_fsdp_4gpu/epoch_000108_step_000017388/rng_rank_00000.pt: OK
results/formal_runs/synbios_moe/checkpoints/synbios_moe_multi5_permute_fsdp_4gpu/epoch_000108_step_000017388/rng_rank_00001.pt: OK
results/formal_runs/synbios_moe/checkpoints/synbios_moe_multi5_permute_fsdp_4gpu/epoch_000108_step_000017388/rng_rank_00002.pt: OK
results/formal_runs/synbios_moe/checkpoints/synbios_moe_multi5_permute_fsdp_4gpu/epoch_000108_step_000017388/rng_rank_00003.pt: OK
results/formal_runs/synbios_moe/checkpoints/synbios_moe_multi5_permute_fsdp_4gpu/epoch_000108_step_000017388/runtime.pt: OK
results/formal_runs/synbios_moe/checkpoints/synbios_moe_single_fsdp_4gpu/epoch_000010_step_000000320/COMMITTED: OK
results/formal_runs/synbios_moe/checkpoints/synbios_moe_single_fsdp_4gpu/epoch_000010_step_000000320/SAFETY: OK
results/formal_runs/synbios_moe/checkpoints/synbios_moe_single_fsdp_4gpu/epoch_000010_step_000000320/rng_rank_00000.pt: OK
results/formal_runs/synbios_moe/checkpoints/synbios_moe_single_fsdp_4gpu/epoch_000010_step_000000320/rng_rank_00001.pt: OK
results/formal_runs/synbios_moe/checkpoints/synbios_moe_single_fsdp_4gpu/epoch_000010_step_000000320/rng_rank_00002.pt: OK
results/formal_runs/synbios_moe/checkpoints/synbios_moe_single_fsdp_4gpu/epoch_000010_step_000000320/rng_rank_00003.pt: OK
results/formal_runs/synbios_moe/checkpoints/synbios_moe_single_fsdp_4gpu/epoch_000010_step_000000320/runtime.pt: OK
results/formal_runs/synbios_moe/checkpoints/synbios_moe_single_fsdp_4gpu/epoch_000020_step_000000640/COMMITTED: OK
results/formal_runs/synbios_moe/checkpoints/synbios_moe_single_fsdp_4gpu/epoch_000020_step_000000640/rng_rank_00000.pt: OK
results/formal_runs/synbios_moe/checkpoints/synbios_moe_single_fsdp_4gpu/epoch_000020_step_000000640/rng_rank_00001.pt: OK
results/formal_runs/synbios_moe/checkpoints/synbios_moe_single_fsdp_4gpu/epoch_000020_step_000000640/rng_rank_00002.pt: OK
results/formal_runs/synbios_moe/checkpoints/synbios_moe_single_fsdp_4gpu/epoch_000020_step_000000640/rng_rank_00003.pt: OK
results/formal_runs/synbios_moe/checkpoints/synbios_moe_single_fsdp_4gpu/epoch_000020_step_000000640/runtime.pt: OK
results/formal_runs/synbios_moe/checkpoints/synbios_moe_single_fsdp_4gpu/epoch_000030_step_000000960/COMMITTED: OK
results/formal_runs/synbios_moe/checkpoints/synbios_moe_single_fsdp_4gpu/epoch_000030_step_000000960/rng_rank_00000.pt: OK
results/formal_runs/synbios_moe/checkpoints/synbios_moe_single_fsdp_4gpu/epoch_000030_step_000000960/rng_rank_00001.pt: OK
results/formal_runs/synbios_moe/checkpoints/synbios_moe_single_fsdp_4gpu/epoch_000030_step_000000960/rng_rank_00002.pt: OK
results/formal_runs/synbios_moe/checkpoints/synbios_moe_single_fsdp_4gpu/epoch_000030_step_000000960/rng_rank_00003.pt: OK
results/formal_runs/synbios_moe/checkpoints/synbios_moe_single_fsdp_4gpu/epoch_000030_step_000000960/runtime.pt: OK
results/formal_runs/synbios_moe/checkpoints/synbios_moe_single_fsdp_4gpu/epoch_000500_step_000016000/COMMITTED: OK
results/formal_runs/synbios_moe/checkpoints/synbios_moe_single_fsdp_4gpu/epoch_000500_step_000016000/SAFETY: OK
results/formal_runs/synbios_moe/checkpoints/synbios_moe_single_fsdp_4gpu/epoch_000500_step_000016000/distributed/.metadata: OK
results/formal_runs/synbios_moe/checkpoints/synbios_moe_single_fsdp_4gpu/epoch_000500_step_000016000/rng_rank_00000.pt: OK
results/formal_runs/synbios_moe/checkpoints/synbios_moe_single_fsdp_4gpu/epoch_000500_step_000016000/rng_rank_00001.pt: OK
results/formal_runs/synbios_moe/checkpoints/synbios_moe_single_fsdp_4gpu/epoch_000500_step_000016000/rng_rank_00002.pt: OK
results/formal_runs/synbios_moe/checkpoints/synbios_moe_single_fsdp_4gpu/epoch_000500_step_000016000/rng_rank_00003.pt: OK
results/formal_runs/synbios_moe/checkpoints/synbios_moe_single_fsdp_4gpu/epoch_000500_step_000016000/runtime.pt: OK
results/formal_runs/synbios_moe/checkpoints/synbios_moe_single_fsdp_4gpu/epoch_000530_step_000016960/COMMITTED: OK
results/formal_runs/synbios_moe/checkpoints/synbios_moe_single_fsdp_4gpu/epoch_000530_step_000016960/distributed/.metadata: OK
results/formal_runs/synbios_moe/checkpoints/synbios_moe_single_fsdp_4gpu/epoch_000530_step_000016960/rng_rank_00000.pt: OK
results/formal_runs/synbios_moe/checkpoints/synbios_moe_single_fsdp_4gpu/epoch_000530_step_000016960/rng_rank_00001.pt: OK
results/formal_runs/synbios_moe/checkpoints/synbios_moe_single_fsdp_4gpu/epoch_000530_step_000016960/rng_rank_00002.pt: OK
results/formal_runs/synbios_moe/checkpoints/synbios_moe_single_fsdp_4gpu/epoch_000530_step_000016960/rng_rank_00003.pt: OK
results/formal_runs/synbios_moe/checkpoints/synbios_moe_single_fsdp_4gpu/epoch_000530_step_000016960/runtime.pt: OK
results/formal_runs/synbios_moe/checkpoints/synbios_moe_single_fsdp_4gpu/epoch_000540_step_000017280/COMMITTED: OK
results/formal_runs/synbios_moe/checkpoints/synbios_moe_single_fsdp_4gpu/epoch_000540_step_000017280/distributed/.metadata: OK
results/formal_runs/synbios_moe/checkpoints/synbios_moe_single_fsdp_4gpu/epoch_000540_step_000017280/rng_rank_00000.pt: OK
results/formal_runs/synbios_moe/checkpoints/synbios_moe_single_fsdp_4gpu/epoch_000540_step_000017280/rng_rank_00001.pt: OK
results/formal_runs/synbios_moe/checkpoints/synbios_moe_single_fsdp_4gpu/epoch_000540_step_000017280/rng_rank_00002.pt: OK
results/formal_runs/synbios_moe/checkpoints/synbios_moe_single_fsdp_4gpu/epoch_000540_step_000017280/rng_rank_00003.pt: OK
results/formal_runs/synbios_moe/checkpoints/synbios_moe_single_fsdp_4gpu/epoch_000540_step_000017280/runtime.pt: OK
results/formal_runs/synbios_moe/operation_logs/synbios_prepare_multi5_permute/20260721-143713/events.jsonl: OK
results/formal_runs/synbios_moe/operation_logs/synbios_prepare_multi5_permute/20260721-143713/events.out.tfevents.1784615833.ml-ubuntu22-04-desktop-v3-2-128gb-25m.39621.0: OK
results/formal_runs/synbios_moe/operation_logs/synbios_prepare_single/20260721-035827/events.jsonl: OK
results/formal_runs/synbios_moe/operation_logs/synbios_prepare_single/20260721-035827/events.out.tfevents.1784577507.ml-ubuntu22-04-desktop-v3-2-128gb-25m.147532.0: OK
results/formal_runs/synbios_moe/results/formal_probe_comparison_20260724/allen_zhu_q_reference.json: OK
results/formal_runs/synbios_moe/results/formal_probe_comparison_20260724/company_pair_position_fit/company_pair_position_fit.pdf: OK
results/formal_runs/synbios_moe/results/formal_probe_comparison_20260724/company_pair_position_fit/company_pair_position_fit.png: OK
results/formal_runs/synbios_moe/results/formal_probe_comparison_20260724/company_pair_position_fit/fit_metrics.csv: OK
results/formal_runs/synbios_moe/results/formal_probe_comparison_20260724/company_pair_position_fit/summary.json: OK
results/formal_runs/synbios_moe/results/formal_probe_comparison_20260724/figures/formal_p_first_heatmaps.pdf: OK
results/formal_runs/synbios_moe/results/formal_probe_comparison_20260724/figures/formal_p_first_heatmaps.png: OK
results/formal_runs/synbios_moe/results/formal_probe_comparison_20260724/figures/formal_p_whole_heatmaps.pdf: OK
results/formal_runs/synbios_moe/results/formal_probe_comparison_20260724/figures/formal_p_whole_heatmaps.png: OK
results/formal_runs/synbios_moe/results/formal_probe_comparison_20260724/figures/formal_q_probe_table.pdf: OK
results/formal_runs/synbios_moe/results/formal_probe_comparison_20260724/figures/formal_q_probe_table.png: OK
results/formal_runs/synbios_moe/results/formal_probe_comparison_20260724/figures/formal_study_overview.pdf: OK
results/formal_runs/synbios_moe/results/formal_probe_comparison_20260724/figures/formal_study_overview.png: OK
results/formal_runs/synbios_moe/results/formal_probe_comparison_20260724/formal_probe_metrics.csv: OK
results/formal_runs/synbios_moe/results/formal_probe_comparison_20260724/headline_metrics.json: OK
results/formal_runs/synbios_moe/results/formal_probe_comparison_20260724/run_identity.json: OK
results/formal_runs/synbios_moe/results/formal_probe_comparison_20260724/summary.json: OK
results/formal_runs/synbios_moe/results/multi5_permute_cloze_eval/full_500k/operation_logs/synbios_cloze_evaluate_shard_0/20260721-181213/events.jsonl: OK
results/formal_runs/synbios_moe/results/multi5_permute_cloze_eval/full_500k/operation_logs/synbios_cloze_evaluate_shard_0/20260721-181213/events.out.tfevents.1784628733.ml-ubuntu22-04-desktop-v3-2-128gb-25m.76167.0: OK
results/formal_runs/synbios_moe/results/multi5_permute_cloze_eval/full_500k/operation_logs/synbios_cloze_evaluate_shard_1/20260721-181213/events.jsonl: OK
results/formal_runs/synbios_moe/results/multi5_permute_cloze_eval/full_500k/operation_logs/synbios_cloze_evaluate_shard_1/20260721-181213/events.out.tfevents.1784628733.ml-ubuntu22-04-desktop-v3-2-128gb-25m.76176.0: OK
results/formal_runs/synbios_moe/results/multi5_permute_cloze_eval/full_500k/operation_logs/synbios_cloze_evaluate_shard_2/20260721-181213/events.jsonl: OK
results/formal_runs/synbios_moe/results/multi5_permute_cloze_eval/full_500k/operation_logs/synbios_cloze_evaluate_shard_2/20260721-181213/events.out.tfevents.1784628733.ml-ubuntu22-04-desktop-v3-2-128gb-25m.76185.0: OK
results/formal_runs/synbios_moe/results/multi5_permute_cloze_eval/full_500k/operation_logs/synbios_cloze_evaluate_shard_3/20260721-181213/events.jsonl: OK
results/formal_runs/synbios_moe/results/multi5_permute_cloze_eval/full_500k/operation_logs/synbios_cloze_evaluate_shard_3/20260721-181213/events.out.tfevents.1784628733.ml-ubuntu22-04-desktop-v3-2-128gb-25m.76188.0: OK
results/formal_runs/synbios_moe/results/multi5_permute_cloze_eval/full_500k/shard_0.json: OK
results/formal_runs/synbios_moe/results/multi5_permute_cloze_eval/full_500k/shard_1.json: OK
results/formal_runs/synbios_moe/results/multi5_permute_cloze_eval/full_500k/shard_2.json: OK
results/formal_runs/synbios_moe/results/multi5_permute_cloze_eval/full_500k/shard_3.json: OK
results/formal_runs/synbios_moe/results/multi5_permute_cloze_eval/full_500k/summary.json: OK
results/formal_runs/synbios_moe/results/multi5_permute_fsdp_4gpu/probe_pipeline/formal/diagnostics/bad_case_routes/figures/branching_heatmap.png: OK
results/formal_runs/synbios_moe/results/multi5_permute_fsdp_4gpu/probe_pipeline/formal/diagnostics/bad_case_routes/figures/expert_load_t1_vs_t2.png: OK
results/formal_runs/synbios_moe/results/multi5_permute_fsdp_4gpu/probe_pipeline/formal/diagnostics/bad_case_routes/figures/route_overlap_by_layer.png: OK
results/formal_runs/synbios_moe/results/multi5_permute_fsdp_4gpu/probe_pipeline/formal/diagnostics/bad_case_routes/pairwise_branching.csv: OK
results/formal_runs/synbios_moe/results/multi5_permute_fsdp_4gpu/probe_pipeline/formal/diagnostics/bad_case_routes/summary.json: OK
results/formal_runs/synbios_moe/results/multi5_permute_fsdp_4gpu/probe_pipeline/formal/diagnostics/bad_case_routes/token_route_nmi.csv: OK
results/formal_runs/synbios_moe/results/multi5_permute_fsdp_4gpu/probe_pipeline/formal/diagnostics/ground_truth_first_semantic_audit/audit.json: OK
results/formal_runs/synbios_moe/results/multi5_permute_fsdp_4gpu/probe_pipeline/formal/diagnostics/ground_truth_first_smoke/20260725T095200Z/logs/p_initial.log: OK
results/formal_runs/synbios_moe/results/multi5_permute_fsdp_4gpu/probe_pipeline/formal/diagnostics/ground_truth_first_smoke/20260725T095200Z/logs/q_initial.log: OK
results/formal_runs/synbios_moe/results/multi5_permute_fsdp_4gpu/probe_pipeline/formal/diagnostics/ground_truth_first_smoke/20260725T095200Z/operation_logs/synbios_p_ground_truth_first_whole_p_university/20260725-175202/events.jsonl: OK
results/formal_runs/synbios_moe/results/multi5_permute_fsdp_4gpu/probe_pipeline/formal/diagnostics/ground_truth_first_smoke/20260725T095200Z/operation_logs/synbios_p_ground_truth_first_whole_p_university/20260725-175202/events.out.tfevents.1784973122.ml-ubuntu22-04-desktop-v3-2-128gb-25m.130825.0: OK
results/formal_runs/synbios_moe/results/multi5_permute_fsdp_4gpu/probe_pipeline/formal/diagnostics/ground_truth_first_smoke/20260725T095200Z/operation_logs/synbios_q_ground_truth_first_whole_q_university/20260725-175202/events.jsonl: OK
results/formal_runs/synbios_moe/results/multi5_permute_fsdp_4gpu/probe_pipeline/formal/diagnostics/ground_truth_first_smoke/20260725T095200Z/operation_logs/synbios_q_ground_truth_first_whole_q_university/20260725-175202/events.out.tfevents.1784973122.ml-ubuntu22-04-desktop-v3-2-128gb-25m.130826.0: OK
results/formal_runs/synbios_moe/results/multi5_permute_fsdp_4gpu/probe_pipeline/formal/diagnostics/ground_truth_first_smoke/20260725T095200Z/q_university.json: OK
results/formal_runs/synbios_moe/results/multi5_permute_fsdp_4gpu/probe_pipeline/formal/diagnostics/ground_truth_first_smoke/20260725T095500Z/logs/p_initial.log: OK
results/formal_runs/synbios_moe/results/multi5_permute_fsdp_4gpu/probe_pipeline/formal/diagnostics/ground_truth_first_smoke/20260725T095500Z/logs/q_initial.log: OK
results/formal_runs/synbios_moe/results/multi5_permute_fsdp_4gpu/probe_pipeline/formal/diagnostics/ground_truth_first_smoke/20260725T095500Z/operation_logs/synbios_p_ground_truth_first_whole_p_university/20260725-175359/events.jsonl: OK
results/formal_runs/synbios_moe/results/multi5_permute_fsdp_4gpu/probe_pipeline/formal/diagnostics/ground_truth_first_smoke/20260725T095500Z/operation_logs/synbios_p_ground_truth_first_whole_p_university/20260725-175359/events.out.tfevents.1784973239.ml-ubuntu22-04-desktop-v3-2-128gb-25m.131730.0: OK
results/formal_runs/synbios_moe/results/multi5_permute_fsdp_4gpu/probe_pipeline/formal/diagnostics/ground_truth_first_smoke/20260725T095500Z/operation_logs/synbios_q_ground_truth_first_whole_q_university/20260725-175359/events.jsonl: OK
results/formal_runs/synbios_moe/results/multi5_permute_fsdp_4gpu/probe_pipeline/formal/diagnostics/ground_truth_first_smoke/20260725T095500Z/operation_logs/synbios_q_ground_truth_first_whole_q_university/20260725-175359/events.out.tfevents.1784973239.ml-ubuntu22-04-desktop-v3-2-128gb-25m.131731.0: OK
results/formal_runs/synbios_moe/results/multi5_permute_fsdp_4gpu/probe_pipeline/formal/diagnostics/ground_truth_first_smoke/20260725T095500Z/q_university.json: OK
results/formal_runs/synbios_moe/results/multi5_permute_fsdp_4gpu/probe_pipeline/formal/diagnostics/ground_truth_first_smoke/20260725T095800Z/logs/p_initial.log: OK
results/formal_runs/synbios_moe/results/multi5_permute_fsdp_4gpu/probe_pipeline/formal/diagnostics/ground_truth_first_smoke/20260725T095800Z/logs/p_resumed.log: OK
results/formal_runs/synbios_moe/results/multi5_permute_fsdp_4gpu/probe_pipeline/formal/diagnostics/ground_truth_first_smoke/20260725T095800Z/logs/q_initial.log: OK
results/formal_runs/synbios_moe/results/multi5_permute_fsdp_4gpu/probe_pipeline/formal/diagnostics/ground_truth_first_smoke/20260725T095800Z/logs/q_resumed.log: OK
results/formal_runs/synbios_moe/results/multi5_permute_fsdp_4gpu/probe_pipeline/formal/diagnostics/ground_truth_first_smoke/20260725T095800Z/operation_logs/synbios_p_ground_truth_first_whole_p_university/20260725-175647/events.jsonl: OK
results/formal_runs/synbios_moe/results/multi5_permute_fsdp_4gpu/probe_pipeline/formal/diagnostics/ground_truth_first_smoke/20260725T095800Z/operation_logs/synbios_p_ground_truth_first_whole_p_university/20260725-175647/events.out.tfevents.1784973407.ml-ubuntu22-04-desktop-v3-2-128gb-25m.133269.0: OK
results/formal_runs/synbios_moe/results/multi5_permute_fsdp_4gpu/probe_pipeline/formal/diagnostics/ground_truth_first_smoke/20260725T095800Z/operation_logs/synbios_p_ground_truth_first_whole_p_university/20260725-175718/events.jsonl: OK
results/formal_runs/synbios_moe/results/multi5_permute_fsdp_4gpu/probe_pipeline/formal/diagnostics/ground_truth_first_smoke/20260725T095800Z/operation_logs/synbios_p_ground_truth_first_whole_p_university/20260725-175718/events.out.tfevents.1784973438.ml-ubuntu22-04-desktop-v3-2-128gb-25m.133614.0: OK
results/formal_runs/synbios_moe/results/multi5_permute_fsdp_4gpu/probe_pipeline/formal/diagnostics/ground_truth_first_smoke/20260725T095800Z/operation_logs/synbios_q_ground_truth_first_whole_q_university/20260725-175647/events.jsonl: OK
results/formal_runs/synbios_moe/results/multi5_permute_fsdp_4gpu/probe_pipeline/formal/diagnostics/ground_truth_first_smoke/20260725T095800Z/operation_logs/synbios_q_ground_truth_first_whole_q_university/20260725-175647/events.out.tfevents.1784973407.ml-ubuntu22-04-desktop-v3-2-128gb-25m.133270.0: OK
results/formal_runs/synbios_moe/results/multi5_permute_fsdp_4gpu/probe_pipeline/formal/diagnostics/ground_truth_first_smoke/20260725T095800Z/operation_logs/synbios_q_ground_truth_first_whole_q_university/20260725-175718/events.jsonl: OK
results/formal_runs/synbios_moe/results/multi5_permute_fsdp_4gpu/probe_pipeline/formal/diagnostics/ground_truth_first_smoke/20260725T095800Z/operation_logs/synbios_q_ground_truth_first_whole_q_university/20260725-175718/events.out.tfevents.1784973438.ml-ubuntu22-04-desktop-v3-2-128gb-25m.133615.0: OK
results/formal_runs/synbios_moe/results/multi5_permute_fsdp_4gpu/probe_pipeline/formal/diagnostics/ground_truth_first_smoke/20260725T095800Z/p_university.json: OK
results/formal_runs/synbios_moe/results/multi5_permute_fsdp_4gpu/probe_pipeline/formal/diagnostics/ground_truth_first_smoke/20260725T095800Z/q_university.json: OK
results/formal_runs/synbios_moe/results/multi5_permute_fsdp_4gpu/probe_pipeline/formal/diagnostics/ground_truth_first_smoke/20260725T100900Z/logs/p_initial.log: OK
results/formal_runs/synbios_moe/results/multi5_permute_fsdp_4gpu/probe_pipeline/formal/diagnostics/ground_truth_first_smoke/20260725T100900Z/logs/p_resumed.log: OK
results/formal_runs/synbios_moe/results/multi5_permute_fsdp_4gpu/probe_pipeline/formal/diagnostics/ground_truth_first_smoke/20260725T100900Z/logs/q_initial.log: OK
results/formal_runs/synbios_moe/results/multi5_permute_fsdp_4gpu/probe_pipeline/formal/diagnostics/ground_truth_first_smoke/20260725T100900Z/logs/q_resumed.log: OK
results/formal_runs/synbios_moe/results/multi5_permute_fsdp_4gpu/probe_pipeline/formal/diagnostics/ground_truth_first_smoke/20260725T100900Z/operation_logs/synbios_p_ground_truth_first_whole_p_university/20260725-180904/events.jsonl: OK
results/formal_runs/synbios_moe/results/multi5_permute_fsdp_4gpu/probe_pipeline/formal/diagnostics/ground_truth_first_smoke/20260725T100900Z/operation_logs/synbios_p_ground_truth_first_whole_p_university/20260725-180904/events.out.tfevents.1784974144.ml-ubuntu22-04-desktop-v3-2-128gb-25m.138478.0: OK
results/formal_runs/synbios_moe/results/multi5_permute_fsdp_4gpu/probe_pipeline/formal/diagnostics/ground_truth_first_smoke/20260725T100900Z/operation_logs/synbios_p_ground_truth_first_whole_p_university/20260725-180927/events.jsonl: OK
results/formal_runs/synbios_moe/results/multi5_permute_fsdp_4gpu/probe_pipeline/formal/diagnostics/ground_truth_first_smoke/20260725T100900Z/operation_logs/synbios_p_ground_truth_first_whole_p_university/20260725-180927/events.out.tfevents.1784974167.ml-ubuntu22-04-desktop-v3-2-128gb-25m.138777.0: OK
results/formal_runs/synbios_moe/results/multi5_permute_fsdp_4gpu/probe_pipeline/formal/diagnostics/ground_truth_first_smoke/20260725T100900Z/operation_logs/synbios_q_ground_truth_first_whole_q_university/20260725-180904/events.jsonl: OK
results/formal_runs/synbios_moe/results/multi5_permute_fsdp_4gpu/probe_pipeline/formal/diagnostics/ground_truth_first_smoke/20260725T100900Z/operation_logs/synbios_q_ground_truth_first_whole_q_university/20260725-180904/events.out.tfevents.1784974144.ml-ubuntu22-04-desktop-v3-2-128gb-25m.138479.0: OK
results/formal_runs/synbios_moe/results/multi5_permute_fsdp_4gpu/probe_pipeline/formal/diagnostics/ground_truth_first_smoke/20260725T100900Z/operation_logs/synbios_q_ground_truth_first_whole_q_university/20260725-180927/events.jsonl: OK
results/formal_runs/synbios_moe/results/multi5_permute_fsdp_4gpu/probe_pipeline/formal/diagnostics/ground_truth_first_smoke/20260725T100900Z/operation_logs/synbios_q_ground_truth_first_whole_q_university/20260725-180927/events.out.tfevents.1784974167.ml-ubuntu22-04-desktop-v3-2-128gb-25m.138778.0: OK
results/formal_runs/synbios_moe/results/multi5_permute_fsdp_4gpu/probe_pipeline/formal/diagnostics/ground_truth_first_smoke/20260725T100900Z/p_university.json: OK
results/formal_runs/synbios_moe/results/multi5_permute_fsdp_4gpu/probe_pipeline/formal/diagnostics/ground_truth_first_smoke/20260725T100900Z/q_university.json: OK
results/formal_runs/synbios_moe/results/multi5_permute_fsdp_4gpu/probe_pipeline/formal/diagnostics/ground_truth_first_whole_rank_matched_pilot4000_20260725T100100Z/README.md: OK
results/formal_runs/synbios_moe/results/multi5_permute_fsdp_4gpu/probe_pipeline/formal/diagnostics/ground_truth_first_whole_rank_matched_pilot4000_20260725T100100Z/figures/ground_truth_first_p_overview.pdf: OK
results/formal_runs/synbios_moe/results/multi5_permute_fsdp_4gpu/probe_pipeline/formal/diagnostics/ground_truth_first_whole_rank_matched_pilot4000_20260725T100100Z/figures/ground_truth_first_p_overview.png: OK
results/formal_runs/synbios_moe/results/multi5_permute_fsdp_4gpu/probe_pipeline/formal/diagnostics/ground_truth_first_whole_rank_matched_pilot4000_20260725T100100Z/figures/ground_truth_first_q_overview.pdf: OK
results/formal_runs/synbios_moe/results/multi5_permute_fsdp_4gpu/probe_pipeline/formal/diagnostics/ground_truth_first_whole_rank_matched_pilot4000_20260725T100100Z/figures/ground_truth_first_q_overview.png: OK
results/formal_runs/synbios_moe/results/multi5_permute_fsdp_4gpu/probe_pipeline/formal/diagnostics/ground_truth_first_whole_rank_matched_pilot4000_20260725T100100Z/operation_logs/synbios_p_ground_truth_first_whole_p_birth_city/20260725-180121/events.jsonl: OK
results/formal_runs/synbios_moe/results/multi5_permute_fsdp_4gpu/probe_pipeline/formal/diagnostics/ground_truth_first_whole_rank_matched_pilot4000_20260725T100100Z/operation_logs/synbios_p_ground_truth_first_whole_p_birth_city/20260725-180121/events.out.tfevents.1784973681.ml-ubuntu22-04-desktop-v3-2-128gb-25m.135517.0: OK
results/formal_runs/synbios_moe/results/multi5_permute_fsdp_4gpu/probe_pipeline/formal/diagnostics/ground_truth_first_whole_rank_matched_pilot4000_20260725T100100Z/operation_logs/synbios_p_ground_truth_first_whole_p_birth_city/20260725-181042/events.jsonl: OK
results/formal_runs/synbios_moe/results/multi5_permute_fsdp_4gpu/probe_pipeline/formal/diagnostics/ground_truth_first_whole_rank_matched_pilot4000_20260725T100100Z/operation_logs/synbios_p_ground_truth_first_whole_p_birth_city/20260725-181042/events.out.tfevents.1784974242.ml-ubuntu22-04-desktop-v3-2-128gb-25m.139367.0: OK
results/formal_runs/synbios_moe/results/multi5_permute_fsdp_4gpu/probe_pipeline/formal/diagnostics/ground_truth_first_whole_rank_matched_pilot4000_20260725T100100Z/operation_logs/synbios_p_ground_truth_first_whole_p_company/20260725-180121/events.jsonl: OK
results/formal_runs/synbios_moe/results/multi5_permute_fsdp_4gpu/probe_pipeline/formal/diagnostics/ground_truth_first_whole_rank_matched_pilot4000_20260725T100100Z/operation_logs/synbios_p_ground_truth_first_whole_p_company/20260725-180121/events.out.tfevents.1784973681.ml-ubuntu22-04-desktop-v3-2-128gb-25m.135520.0: OK
results/formal_runs/synbios_moe/results/multi5_permute_fsdp_4gpu/probe_pipeline/formal/diagnostics/ground_truth_first_whole_rank_matched_pilot4000_20260725T100100Z/operation_logs/synbios_p_ground_truth_first_whole_p_company/20260725-181042/events.jsonl: OK
results/formal_runs/synbios_moe/results/multi5_permute_fsdp_4gpu/probe_pipeline/formal/diagnostics/ground_truth_first_whole_rank_matched_pilot4000_20260725T100100Z/operation_logs/synbios_p_ground_truth_first_whole_p_company/20260725-181042/events.out.tfevents.1784974242.ml-ubuntu22-04-desktop-v3-2-128gb-25m.139370.0: OK
results/formal_runs/synbios_moe/results/multi5_permute_fsdp_4gpu/probe_pipeline/formal/diagnostics/ground_truth_first_whole_rank_matched_pilot4000_20260725T100100Z/operation_logs/synbios_p_ground_truth_first_whole_p_company_city/20260725-183838/events.jsonl: OK
results/formal_runs/synbios_moe/results/multi5_permute_fsdp_4gpu/probe_pipeline/formal/diagnostics/ground_truth_first_whole_rank_matched_pilot4000_20260725T100100Z/operation_logs/synbios_p_ground_truth_first_whole_p_company_city/20260725-183838/events.out.tfevents.1784975918.ml-ubuntu22-04-desktop-v3-2-128gb-25m.147810.0: OK
results/formal_runs/synbios_moe/results/multi5_permute_fsdp_4gpu/probe_pipeline/formal/diagnostics/ground_truth_first_whole_rank_matched_pilot4000_20260725T100100Z/operation_logs/synbios_p_ground_truth_first_whole_p_major/20260725-180121/events.jsonl: OK
results/formal_runs/synbios_moe/results/multi5_permute_fsdp_4gpu/probe_pipeline/formal/diagnostics/ground_truth_first_whole_rank_matched_pilot4000_20260725T100100Z/operation_logs/synbios_p_ground_truth_first_whole_p_major/20260725-180121/events.out.tfevents.1784973681.ml-ubuntu22-04-desktop-v3-2-128gb-25m.135519.0: OK
results/formal_runs/synbios_moe/results/multi5_permute_fsdp_4gpu/probe_pipeline/formal/diagnostics/ground_truth_first_whole_rank_matched_pilot4000_20260725T100100Z/operation_logs/synbios_p_ground_truth_first_whole_p_major/20260725-181042/events.jsonl: OK
results/formal_runs/synbios_moe/results/multi5_permute_fsdp_4gpu/probe_pipeline/formal/diagnostics/ground_truth_first_whole_rank_matched_pilot4000_20260725T100100Z/operation_logs/synbios_p_ground_truth_first_whole_p_major/20260725-181042/events.out.tfevents.1784974242.ml-ubuntu22-04-desktop-v3-2-128gb-25m.139369.0: OK
results/formal_runs/synbios_moe/results/multi5_permute_fsdp_4gpu/probe_pipeline/formal/diagnostics/ground_truth_first_whole_rank_matched_pilot4000_20260725T100100Z/operation_logs/synbios_p_ground_truth_first_whole_p_university/20260725-180121/events.jsonl: OK
results/formal_runs/synbios_moe/results/multi5_permute_fsdp_4gpu/probe_pipeline/formal/diagnostics/ground_truth_first_whole_rank_matched_pilot4000_20260725T100100Z/operation_logs/synbios_p_ground_truth_first_whole_p_university/20260725-180121/events.out.tfevents.1784973681.ml-ubuntu22-04-desktop-v3-2-128gb-25m.135518.0: OK
results/formal_runs/synbios_moe/results/multi5_permute_fsdp_4gpu/probe_pipeline/formal/diagnostics/ground_truth_first_whole_rank_matched_pilot4000_20260725T100100Z/operation_logs/synbios_p_ground_truth_first_whole_p_university/20260725-181042/events.jsonl: OK
results/formal_runs/synbios_moe/results/multi5_permute_fsdp_4gpu/probe_pipeline/formal/diagnostics/ground_truth_first_whole_rank_matched_pilot4000_20260725T100100Z/operation_logs/synbios_p_ground_truth_first_whole_p_university/20260725-181042/events.out.tfevents.1784974242.ml-ubuntu22-04-desktop-v3-2-128gb-25m.139368.0: OK
results/formal_runs/synbios_moe/results/multi5_permute_fsdp_4gpu/probe_pipeline/formal/diagnostics/ground_truth_first_whole_rank_matched_pilot4000_20260725T100100Z/operation_logs/synbios_q_ground_truth_first_whole_q_birth_city/20260725-183906/events.jsonl: OK
results/formal_runs/synbios_moe/results/multi5_permute_fsdp_4gpu/probe_pipeline/formal/diagnostics/ground_truth_first_whole_rank_matched_pilot4000_20260725T100100Z/operation_logs/synbios_q_ground_truth_first_whole_q_birth_city/20260725-183906/events.out.tfevents.1784975946.ml-ubuntu22-04-desktop-v3-2-128gb-25m.148042.0: OK
results/formal_runs/synbios_moe/results/multi5_permute_fsdp_4gpu/probe_pipeline/formal/diagnostics/ground_truth_first_whole_rank_matched_pilot4000_20260725T100100Z/operation_logs/synbios_q_ground_truth_first_whole_q_company/20260725-185541/events.jsonl: OK
results/formal_runs/synbios_moe/results/multi5_permute_fsdp_4gpu/probe_pipeline/formal/diagnostics/ground_truth_first_whole_rank_matched_pilot4000_20260725T100100Z/operation_logs/synbios_q_ground_truth_first_whole_q_company/20260725-185541/events.out.tfevents.1784976942.ml-ubuntu22-04-desktop-v3-2-128gb-25m.153063.0: OK
results/formal_runs/synbios_moe/results/multi5_permute_fsdp_4gpu/probe_pipeline/formal/diagnostics/ground_truth_first_whole_rank_matched_pilot4000_20260725T100100Z/operation_logs/synbios_q_ground_truth_first_whole_q_company_city/20260725-185552/events.jsonl: OK
results/formal_runs/synbios_moe/results/multi5_permute_fsdp_4gpu/probe_pipeline/formal/diagnostics/ground_truth_first_whole_rank_matched_pilot4000_20260725T100100Z/operation_logs/synbios_q_ground_truth_first_whole_q_company_city/20260725-185552/events.out.tfevents.1784976952.ml-ubuntu22-04-desktop-v3-2-128gb-25m.153230.0: OK
results/formal_runs/synbios_moe/results/multi5_permute_fsdp_4gpu/probe_pipeline/formal/diagnostics/ground_truth_first_whole_rank_matched_pilot4000_20260725T100100Z/operation_logs/synbios_q_ground_truth_first_whole_q_major/20260725-184001/events.jsonl: OK
results/formal_runs/synbios_moe/results/multi5_permute_fsdp_4gpu/probe_pipeline/formal/diagnostics/ground_truth_first_whole_rank_matched_pilot4000_20260725T100100Z/operation_logs/synbios_q_ground_truth_first_whole_q_major/20260725-184001/events.out.tfevents.1784976001.ml-ubuntu22-04-desktop-v3-2-128gb-25m.148497.0: OK
results/formal_runs/synbios_moe/results/multi5_permute_fsdp_4gpu/probe_pipeline/formal/diagnostics/ground_truth_first_whole_rank_matched_pilot4000_20260725T100100Z/operation_logs/synbios_q_ground_truth_first_whole_q_university/20260725-183906/events.jsonl: OK
results/formal_runs/synbios_moe/results/multi5_permute_fsdp_4gpu/probe_pipeline/formal/diagnostics/ground_truth_first_whole_rank_matched_pilot4000_20260725T100100Z/operation_logs/synbios_q_ground_truth_first_whole_q_university/20260725-183906/events.out.tfevents.1784975946.ml-ubuntu22-04-desktop-v3-2-128gb-25m.148044.0: OK
results/formal_runs/synbios_moe/results/multi5_permute_fsdp_4gpu/probe_pipeline/formal/diagnostics/ground_truth_first_whole_rank_matched_pilot4000_20260725T100100Z/p_birth_city.json: OK
results/formal_runs/synbios_moe/results/multi5_permute_fsdp_4gpu/probe_pipeline/formal/diagnostics/ground_truth_first_whole_rank_matched_pilot4000_20260725T100100Z/p_company.json: OK
results/formal_runs/synbios_moe/results/multi5_permute_fsdp_4gpu/probe_pipeline/formal/diagnostics/ground_truth_first_whole_rank_matched_pilot4000_20260725T100100Z/p_company_city.json: OK
results/formal_runs/synbios_moe/results/multi5_permute_fsdp_4gpu/probe_pipeline/formal/diagnostics/ground_truth_first_whole_rank_matched_pilot4000_20260725T100100Z/p_major.json: OK
results/formal_runs/synbios_moe/results/multi5_permute_fsdp_4gpu/probe_pipeline/formal/diagnostics/ground_truth_first_whole_rank_matched_pilot4000_20260725T100100Z/p_university.json: OK
results/formal_runs/synbios_moe/results/multi5_permute_fsdp_4gpu/probe_pipeline/formal/diagnostics/ground_truth_first_whole_rank_matched_pilot4000_20260725T100100Z/q_birth_city.json: OK
results/formal_runs/synbios_moe/results/multi5_permute_fsdp_4gpu/probe_pipeline/formal/diagnostics/ground_truth_first_whole_rank_matched_pilot4000_20260725T100100Z/q_company.json: OK
results/formal_runs/synbios_moe/results/multi5_permute_fsdp_4gpu/probe_pipeline/formal/diagnostics/ground_truth_first_whole_rank_matched_pilot4000_20260725T100100Z/q_company_city.json: OK
results/formal_runs/synbios_moe/results/multi5_permute_fsdp_4gpu/probe_pipeline/formal/diagnostics/ground_truth_first_whole_rank_matched_pilot4000_20260725T100100Z/q_major.json: OK
results/formal_runs/synbios_moe/results/multi5_permute_fsdp_4gpu/probe_pipeline/formal/diagnostics/ground_truth_first_whole_rank_matched_pilot4000_20260725T100100Z/q_university.json: OK
results/formal_runs/synbios_moe/results/multi5_permute_fsdp_4gpu/probe_pipeline/formal/diagnostics/ground_truth_first_whole_rank_matched_pilot4000_20260725T100100Z/summary.csv: OK
results/formal_runs/synbios_moe/results/multi5_permute_fsdp_4gpu/probe_pipeline/formal/diagnostics/ground_truth_first_whole_rank_matched_pilot4000_20260725T100100Z/summary.json: OK
results/formal_runs/synbios_moe/results/multi5_permute_fsdp_4gpu/probe_pipeline/formal/diagnostics/operation_logs/synbios_q_bad_case_route_validation_bad_case_routes/20260724-003604/events.jsonl: OK
results/formal_runs/synbios_moe/results/multi5_permute_fsdp_4gpu/probe_pipeline/formal/diagnostics/operation_logs/synbios_q_bad_case_route_validation_bad_case_routes/20260724-003604/events.out.tfevents.1784824564.ml-ubuntu22-04-desktop-v3-2-128gb-25m.227140.0: OK
results/formal_runs/synbios_moe/results/multi5_permute_fsdp_4gpu/probe_pipeline/formal/diagnostics/operation_logs/synbios_q_oracle_first_token_validation_oracle_first_token/20260724-003604/events.jsonl: OK
results/formal_runs/synbios_moe/results/multi5_permute_fsdp_4gpu/probe_pipeline/formal/diagnostics/operation_logs/synbios_q_oracle_first_token_validation_oracle_first_token/20260724-003604/events.out.tfevents.1784824564.ml-ubuntu22-04-desktop-v3-2-128gb-25m.227135.0: OK
results/formal_runs/synbios_moe/results/multi5_permute_fsdp_4gpu/probe_pipeline/formal/diagnostics/oracle_first_token/figures/accuracy_before_after.png: OK
results/formal_runs/synbios_moe/results/multi5_permute_fsdp_4gpu/probe_pipeline/formal/diagnostics/oracle_first_token/summary.csv: OK
results/formal_runs/synbios_moe/results/multi5_permute_fsdp_4gpu/probe_pipeline/formal/diagnostics/oracle_first_token/summary.json: OK
results/formal_runs/synbios_moe/results/multi5_permute_fsdp_4gpu/probe_pipeline/formal/diagnostics/raw_artifacts_manifest.json: OK
results/formal_runs/synbios_moe/results/multi5_permute_fsdp_4gpu/probe_pipeline/formal/diagnostics/report/figures/complete_whole_comparison.pdf: OK
results/formal_runs/synbios_moe/results/multi5_permute_fsdp_4gpu/probe_pipeline/formal/diagnostics/report/figures/complete_whole_comparison.png: OK
results/formal_runs/synbios_moe/results/multi5_permute_fsdp_4gpu/probe_pipeline/formal/diagnostics/report/figures/diagnostic_study_overview.pdf: OK
results/formal_runs/synbios_moe/results/multi5_permute_fsdp_4gpu/probe_pipeline/formal/diagnostics/report/figures/diagnostic_study_overview.png: OK
results/formal_runs/synbios_moe/results/multi5_permute_fsdp_4gpu/probe_pipeline/formal/diagnostics/report/figures/oracle_intervention_table.pdf: OK
results/formal_runs/synbios_moe/results/multi5_permute_fsdp_4gpu/probe_pipeline/formal/diagnostics/report/figures/oracle_intervention_table.png: OK
results/formal_runs/synbios_moe/results/multi5_permute_fsdp_4gpu/probe_pipeline/formal/diagnostics/report/figures/route_branching_table.pdf: OK
results/formal_runs/synbios_moe/results/multi5_permute_fsdp_4gpu/probe_pipeline/formal/diagnostics/report/figures/route_branching_table.png: OK
results/formal_runs/synbios_moe/results/multi5_permute_fsdp_4gpu/probe_pipeline/formal/diagnostics/report/formal_whole_metrics.csv: OK
results/formal_runs/synbios_moe/results/multi5_permute_fsdp_4gpu/probe_pipeline/formal/diagnostics/report/oracle_metrics.csv: OK
results/formal_runs/synbios_moe/results/multi5_permute_fsdp_4gpu/probe_pipeline/formal/diagnostics/report/route_attribute_layer_metrics.csv: OK
results/formal_runs/synbios_moe/results/multi5_permute_fsdp_4gpu/probe_pipeline/formal/diagnostics/report/route_layer_metrics.csv: OK
results/formal_runs/synbios_moe/results/multi5_permute_fsdp_4gpu/probe_pipeline/formal/diagnostics/report/summary.json: OK
results/formal_runs/synbios_moe/results/multi5_permute_fsdp_4gpu/probe_pipeline/formal/logs/train_p_birth_city_first.log: OK
results/formal_runs/synbios_moe/results/multi5_permute_fsdp_4gpu/probe_pipeline/formal/logs/train_p_birth_city_whole.log: OK
results/formal_runs/synbios_moe/results/multi5_permute_fsdp_4gpu/probe_pipeline/formal/logs/train_p_birth_date_first.log: OK
results/formal_runs/synbios_moe/results/multi5_permute_fsdp_4gpu/probe_pipeline/formal/logs/train_p_company_city_first.log: OK
results/formal_runs/synbios_moe/results/multi5_permute_fsdp_4gpu/probe_pipeline/formal/logs/train_p_company_city_whole.log: OK
results/formal_runs/synbios_moe/results/multi5_permute_fsdp_4gpu/probe_pipeline/formal/logs/train_p_company_first.log: OK
results/formal_runs/synbios_moe/results/multi5_permute_fsdp_4gpu/probe_pipeline/formal/logs/train_p_company_whole.log: OK
results/formal_runs/synbios_moe/results/multi5_permute_fsdp_4gpu/probe_pipeline/formal/logs/train_p_major_first.log: OK
results/formal_runs/synbios_moe/results/multi5_permute_fsdp_4gpu/probe_pipeline/formal/logs/train_p_major_whole.log: OK
results/formal_runs/synbios_moe/results/multi5_permute_fsdp_4gpu/probe_pipeline/formal/logs/train_p_university_first.log: OK
results/formal_runs/synbios_moe/results/multi5_permute_fsdp_4gpu/probe_pipeline/formal/logs/train_p_university_whole.log: OK
results/formal_runs/synbios_moe/results/multi5_permute_fsdp_4gpu/probe_pipeline/formal/logs/train_q_birth_city_first.log: OK
results/formal_runs/synbios_moe/results/multi5_permute_fsdp_4gpu/probe_pipeline/formal/logs/train_q_birth_city_whole.log: OK
results/formal_runs/synbios_moe/results/multi5_permute_fsdp_4gpu/probe_pipeline/formal/logs/train_q_birth_date_first.log: OK
results/formal_runs/synbios_moe/results/multi5_permute_fsdp_4gpu/probe_pipeline/formal/logs/train_q_company_city_first.log: OK
results/formal_runs/synbios_moe/results/multi5_permute_fsdp_4gpu/probe_pipeline/formal/logs/train_q_company_city_whole.log: OK
results/formal_runs/synbios_moe/results/multi5_permute_fsdp_4gpu/probe_pipeline/formal/logs/train_q_company_first.log: OK
results/formal_runs/synbios_moe/results/multi5_permute_fsdp_4gpu/probe_pipeline/formal/logs/train_q_company_whole.log: OK
results/formal_runs/synbios_moe/results/multi5_permute_fsdp_4gpu/probe_pipeline/formal/logs/train_q_major_first.log: OK
results/formal_runs/synbios_moe/results/multi5_permute_fsdp_4gpu/probe_pipeline/formal/logs/train_q_major_whole.log: OK
results/formal_runs/synbios_moe/results/multi5_permute_fsdp_4gpu/probe_pipeline/formal/logs/train_q_university_first.log: OK
results/formal_runs/synbios_moe/results/multi5_permute_fsdp_4gpu/probe_pipeline/formal/logs/train_q_university_whole.log: OK
results/formal_runs/synbios_moe/results/multi5_permute_fsdp_4gpu/probe_pipeline/formal/logs/validation_p_birth_city_first.log: OK
results/formal_runs/synbios_moe/results/multi5_permute_fsdp_4gpu/probe_pipeline/formal/logs/validation_p_birth_city_whole.log: OK
results/formal_runs/synbios_moe/results/multi5_permute_fsdp_4gpu/probe_pipeline/formal/logs/validation_p_birth_date_first.log: OK
results/formal_runs/synbios_moe/results/multi5_permute_fsdp_4gpu/probe_pipeline/formal/logs/validation_p_company_city_first.log: OK
results/formal_runs/synbios_moe/results/multi5_permute_fsdp_4gpu/probe_pipeline/formal/logs/validation_p_company_city_whole.log: OK
results/formal_runs/synbios_moe/results/multi5_permute_fsdp_4gpu/probe_pipeline/formal/logs/validation_p_company_first.log: OK
results/formal_runs/synbios_moe/results/multi5_permute_fsdp_4gpu/probe_pipeline/formal/logs/validation_p_company_whole.log: OK
results/formal_runs/synbios_moe/results/multi5_permute_fsdp_4gpu/probe_pipeline/formal/logs/validation_p_major_first.log: OK
results/formal_runs/synbios_moe/results/multi5_permute_fsdp_4gpu/probe_pipeline/formal/logs/validation_p_major_whole.log: OK
results/formal_runs/synbios_moe/results/multi5_permute_fsdp_4gpu/probe_pipeline/formal/logs/validation_p_university_first.log: OK
results/formal_runs/synbios_moe/results/multi5_permute_fsdp_4gpu/probe_pipeline/formal/logs/validation_p_university_whole.log: OK
results/formal_runs/synbios_moe/results/multi5_permute_fsdp_4gpu/probe_pipeline/formal/logs/validation_q_birth_city_first.log: OK
results/formal_runs/synbios_moe/results/multi5_permute_fsdp_4gpu/probe_pipeline/formal/logs/validation_q_birth_city_whole.log: OK
results/formal_runs/synbios_moe/results/multi5_permute_fsdp_4gpu/probe_pipeline/formal/logs/validation_q_birth_date_first.log: OK
results/formal_runs/synbios_moe/results/multi5_permute_fsdp_4gpu/probe_pipeline/formal/logs/validation_q_company_city_first.log: OK
results/formal_runs/synbios_moe/results/multi5_permute_fsdp_4gpu/probe_pipeline/formal/logs/validation_q_company_city_whole.log: OK
results/formal_runs/synbios_moe/results/multi5_permute_fsdp_4gpu/probe_pipeline/formal/logs/validation_q_company_first.log: OK
results/formal_runs/synbios_moe/results/multi5_permute_fsdp_4gpu/probe_pipeline/formal/logs/validation_q_company_whole.log: OK
results/formal_runs/synbios_moe/results/multi5_permute_fsdp_4gpu/probe_pipeline/formal/logs/validation_q_major_first.log: OK
results/formal_runs/synbios_moe/results/multi5_permute_fsdp_4gpu/probe_pipeline/formal/logs/validation_q_major_whole.log: OK
results/formal_runs/synbios_moe/results/multi5_permute_fsdp_4gpu/probe_pipeline/formal/logs/validation_q_university_first.log: OK
results/formal_runs/synbios_moe/results/multi5_permute_fsdp_4gpu/probe_pipeline/formal/logs/validation_q_university_whole.log: OK
results/formal_runs/synbios_moe/results/multi5_permute_fsdp_4gpu/probe_pipeline/formal/operation_logs/synbios_probe_pipeline_probe_pipeline/20260723-211027/events.jsonl: OK
results/formal_runs/synbios_moe/results/multi5_permute_fsdp_4gpu/probe_pipeline/formal/operation_logs/synbios_probe_pipeline_probe_pipeline/20260723-211027/events.out.tfevents.1784812227.ml-ubuntu22-04-desktop-v3-2-128gb-25m.161782.0: OK
results/formal_runs/synbios_moe/results/multi5_permute_fsdp_4gpu/probe_pipeline/formal/pipeline.json: OK
results/formal_runs/synbios_moe/results/multi5_permute_fsdp_4gpu/probe_pipeline/formal/pipeline_events.jsonl: OK
results/formal_runs/synbios_moe/results/multi5_permute_fsdp_4gpu/probe_pipeline/formal/router/birth_city.json: OK
results/formal_runs/synbios_moe/results/multi5_permute_fsdp_4gpu/probe_pipeline/formal/router/birth_date.json: OK
results/formal_runs/synbios_moe/results/multi5_permute_fsdp_4gpu/probe_pipeline/formal/router/company.json: OK
results/formal_runs/synbios_moe/results/multi5_permute_fsdp_4gpu/probe_pipeline/formal/router/company_city.json: OK
results/formal_runs/synbios_moe/results/multi5_permute_fsdp_4gpu/probe_pipeline/formal/router/major.json: OK
results/formal_runs/synbios_moe/results/multi5_permute_fsdp_4gpu/probe_pipeline/formal/router/operation_logs/synbios_analyze_birth_city/20260724-003348/events.jsonl: OK
results/formal_runs/synbios_moe/results/multi5_permute_fsdp_4gpu/probe_pipeline/formal/router/operation_logs/synbios_analyze_birth_city/20260724-003348/events.out.tfevents.1784824428.ml-ubuntu22-04-desktop-v3-2-128gb-25m.225569.0: OK
results/formal_runs/synbios_moe/results/multi5_permute_fsdp_4gpu/probe_pipeline/formal/router/operation_logs/synbios_analyze_birth_date/20260724-003339/events.jsonl: OK
results/formal_runs/synbios_moe/results/multi5_permute_fsdp_4gpu/probe_pipeline/formal/router/operation_logs/synbios_analyze_birth_date/20260724-003339/events.out.tfevents.1784824419.ml-ubuntu22-04-desktop-v3-2-128gb-25m.225410.0: OK
results/formal_runs/synbios_moe/results/multi5_permute_fsdp_4gpu/probe_pipeline/formal/router/operation_logs/synbios_analyze_company/20260724-003413/events.jsonl: OK
results/formal_runs/synbios_moe/results/multi5_permute_fsdp_4gpu/probe_pipeline/formal/router/operation_logs/synbios_analyze_company/20260724-003413/events.out.tfevents.1784824453.ml-ubuntu22-04-desktop-v3-2-128gb-25m.226026.0: OK
results/formal_runs/synbios_moe/results/multi5_permute_fsdp_4gpu/probe_pipeline/formal/router/operation_logs/synbios_analyze_company_city/20260724-003422/events.jsonl: OK
results/formal_runs/synbios_moe/results/multi5_permute_fsdp_4gpu/probe_pipeline/formal/router/operation_logs/synbios_analyze_company_city/20260724-003422/events.out.tfevents.1784824462.ml-ubuntu22-04-desktop-v3-2-128gb-25m.226208.0: OK
results/formal_runs/synbios_moe/results/multi5_permute_fsdp_4gpu/probe_pipeline/formal/router/operation_logs/synbios_analyze_major/20260724-003405/events.jsonl: OK
results/formal_runs/synbios_moe/results/multi5_permute_fsdp_4gpu/probe_pipeline/formal/router/operation_logs/synbios_analyze_major/20260724-003405/events.out.tfevents.1784824445.ml-ubuntu22-04-desktop-v3-2-128gb-25m.225864.0: OK
results/formal_runs/synbios_moe/results/multi5_permute_fsdp_4gpu/probe_pipeline/formal/router/operation_logs/synbios_analyze_university/20260724-003356/events.jsonl: OK
results/formal_runs/synbios_moe/results/multi5_permute_fsdp_4gpu/probe_pipeline/formal/router/operation_logs/synbios_analyze_university/20260724-003356/events.out.tfevents.1784824436.ml-ubuntu22-04-desktop-v3-2-128gb-25m.225699.0: OK
results/formal_runs/synbios_moe/results/multi5_permute_fsdp_4gpu/probe_pipeline/formal/router/university.json: OK
results/formal_runs/synbios_moe/results/multi5_permute_fsdp_4gpu/probe_pipeline/formal/summary/summary.csv: OK
results/formal_runs/synbios_moe/results/multi5_permute_fsdp_4gpu/probe_pipeline/formal/summary/summary.json: OK
results/formal_runs/synbios_moe/results/multi5_permute_fsdp_4gpu/probe_pipeline/formal/training/operation_logs/synbios_p_probe_p_birth_city_first/20260723-211030/events.jsonl: OK
results/formal_runs/synbios_moe/results/multi5_permute_fsdp_4gpu/probe_pipeline/formal/training/operation_logs/synbios_p_probe_p_birth_city_first/20260723-211030/events.out.tfevents.1784812230.ml-ubuntu22-04-desktop-v3-2-128gb-25m.161858.0: OK
results/formal_runs/synbios_moe/results/multi5_permute_fsdp_4gpu/probe_pipeline/formal/training/operation_logs/synbios_p_probe_p_birth_city_whole/20260723-212544/events.jsonl: OK
results/formal_runs/synbios_moe/results/multi5_permute_fsdp_4gpu/probe_pipeline/formal/training/operation_logs/synbios_p_probe_p_birth_city_whole/20260723-212544/events.out.tfevents.1784813144.ml-ubuntu22-04-desktop-v3-2-128gb-25m.167401.0: OK
results/formal_runs/synbios_moe/results/multi5_permute_fsdp_4gpu/probe_pipeline/formal/training/operation_logs/synbios_p_probe_p_birth_date_first/20260723-211030/events.jsonl: OK
results/formal_runs/synbios_moe/results/multi5_permute_fsdp_4gpu/probe_pipeline/formal/training/operation_logs/synbios_p_probe_p_birth_date_first/20260723-211030/events.out.tfevents.1784812230.ml-ubuntu22-04-desktop-v3-2-128gb-25m.161856.0: OK
results/formal_runs/synbios_moe/results/multi5_permute_fsdp_4gpu/probe_pipeline/formal/training/operation_logs/synbios_p_probe_p_company_city_first/20260723-231400/events.jsonl: OK
results/formal_runs/synbios_moe/results/multi5_permute_fsdp_4gpu/probe_pipeline/formal/training/operation_logs/synbios_p_probe_p_company_city_first/20260723-231400/events.out.tfevents.1784819640.ml-ubuntu22-04-desktop-v3-2-128gb-25m.195798.0: OK
results/formal_runs/synbios_moe/results/multi5_permute_fsdp_4gpu/probe_pipeline/formal/training/operation_logs/synbios_p_probe_p_company_city_whole/20260723-233240/events.jsonl: OK
results/formal_runs/synbios_moe/results/multi5_permute_fsdp_4gpu/probe_pipeline/formal/training/operation_logs/synbios_p_probe_p_company_city_whole/20260723-233240/events.out.tfevents.1784820760.ml-ubuntu22-04-desktop-v3-2-128gb-25m.201569.0: OK
results/formal_runs/synbios_moe/results/multi5_permute_fsdp_4gpu/probe_pipeline/formal/training/operation_logs/synbios_p_probe_p_company_first/20260723-223111/events.jsonl: OK
results/formal_runs/synbios_moe/results/multi5_permute_fsdp_4gpu/probe_pipeline/formal/training/operation_logs/synbios_p_probe_p_company_first/20260723-223111/events.out.tfevents.1784817071.ml-ubuntu22-04-desktop-v3-2-128gb-25m.186284.0: OK
results/formal_runs/synbios_moe/results/multi5_permute_fsdp_4gpu/probe_pipeline/formal/training/operation_logs/synbios_p_probe_p_company_whole/20260723-224653/events.jsonl: OK
results/formal_runs/synbios_moe/results/multi5_permute_fsdp_4gpu/probe_pipeline/formal/training/operation_logs/synbios_p_probe_p_company_whole/20260723-224653/events.out.tfevents.1784818013.ml-ubuntu22-04-desktop-v3-2-128gb-25m.189688.0: OK
results/formal_runs/synbios_moe/results/multi5_permute_fsdp_4gpu/probe_pipeline/formal/training/operation_logs/synbios_p_probe_p_major_first/20260723-221035/events.jsonl: OK
results/formal_runs/synbios_moe/results/multi5_permute_fsdp_4gpu/probe_pipeline/formal/training/operation_logs/synbios_p_probe_p_major_first/20260723-221035/events.out.tfevents.1784815835.ml-ubuntu22-04-desktop-v3-2-128gb-25m.181578.0: OK
results/formal_runs/synbios_moe/results/multi5_permute_fsdp_4gpu/probe_pipeline/formal/training/operation_logs/synbios_p_probe_p_major_whole/20260723-222906/events.jsonl: OK
results/formal_runs/synbios_moe/results/multi5_permute_fsdp_4gpu/probe_pipeline/formal/training/operation_logs/synbios_p_probe_p_major_whole/20260723-222906/events.out.tfevents.1784816946.ml-ubuntu22-04-desktop-v3-2-128gb-25m.185652.0: OK
results/formal_runs/synbios_moe/results/multi5_permute_fsdp_4gpu/probe_pipeline/formal/training/operation_logs/synbios_p_probe_p_university_first/20260723-212846/events.jsonl: OK
results/formal_runs/synbios_moe/results/multi5_permute_fsdp_4gpu/probe_pipeline/formal/training/operation_logs/synbios_p_probe_p_university_first/20260723-212846/events.out.tfevents.1784813326.ml-ubuntu22-04-desktop-v3-2-128gb-25m.168918.0: OK
results/formal_runs/synbios_moe/results/multi5_permute_fsdp_4gpu/probe_pipeline/formal/training/operation_logs/synbios_p_probe_p_university_whole/20260723-214410/events.jsonl: OK
results/formal_runs/synbios_moe/results/multi5_permute_fsdp_4gpu/probe_pipeline/formal/training/operation_logs/synbios_p_probe_p_university_whole/20260723-214410/events.out.tfevents.1784814250.ml-ubuntu22-04-desktop-v3-2-128gb-25m.174894.0: OK
results/formal_runs/synbios_moe/results/multi5_permute_fsdp_4gpu/probe_pipeline/formal/training/operation_logs/synbios_q_probe_q_birth_city_first/20260723-211030/events.jsonl: OK
results/formal_runs/synbios_moe/results/multi5_permute_fsdp_4gpu/probe_pipeline/formal/training/operation_logs/synbios_q_probe_q_birth_city_first/20260723-211030/events.out.tfevents.1784812230.ml-ubuntu22-04-desktop-v3-2-128gb-25m.161859.0: OK
results/formal_runs/synbios_moe/results/multi5_permute_fsdp_4gpu/probe_pipeline/formal/training/operation_logs/synbios_q_probe_q_birth_city_whole/20260723-212549/events.jsonl: OK
results/formal_runs/synbios_moe/results/multi5_permute_fsdp_4gpu/probe_pipeline/formal/training/operation_logs/synbios_q_probe_q_birth_city_whole/20260723-212549/events.out.tfevents.1784813149.ml-ubuntu22-04-desktop-v3-2-128gb-25m.167511.0: OK
results/formal_runs/synbios_moe/results/multi5_permute_fsdp_4gpu/probe_pipeline/formal/training/operation_logs/synbios_q_probe_q_birth_date_first/20260723-211030/events.jsonl: OK
results/formal_runs/synbios_moe/results/multi5_permute_fsdp_4gpu/probe_pipeline/formal/training/operation_logs/synbios_q_probe_q_birth_date_first/20260723-211030/events.out.tfevents.1784812230.ml-ubuntu22-04-desktop-v3-2-128gb-25m.161857.0: OK
results/formal_runs/synbios_moe/results/multi5_permute_fsdp_4gpu/probe_pipeline/formal/training/operation_logs/synbios_q_probe_q_company_city_first/20260723-231842/events.jsonl: OK
results/formal_runs/synbios_moe/results/multi5_permute_fsdp_4gpu/probe_pipeline/formal/training/operation_logs/synbios_q_probe_q_company_city_first/20260723-231842/events.out.tfevents.1784819922.ml-ubuntu22-04-desktop-v3-2-128gb-25m.197076.0: OK
results/formal_runs/synbios_moe/results/multi5_permute_fsdp_4gpu/probe_pipeline/formal/training/operation_logs/synbios_q_probe_q_company_city_whole/20260723-233344/events.jsonl: OK
results/formal_runs/synbios_moe/results/multi5_permute_fsdp_4gpu/probe_pipeline/formal/training/operation_logs/synbios_q_probe_q_company_city_whole/20260723-233344/events.out.tfevents.1784820824.ml-ubuntu22-04-desktop-v3-2-128gb-25m.201932.0: OK
results/formal_runs/synbios_moe/results/multi5_permute_fsdp_4gpu/probe_pipeline/formal/training/operation_logs/synbios_q_probe_q_company_first/20260723-223200/events.jsonl: OK
results/formal_runs/synbios_moe/results/multi5_permute_fsdp_4gpu/probe_pipeline/formal/training/operation_logs/synbios_q_probe_q_company_first/20260723-223200/events.out.tfevents.1784817120.ml-ubuntu22-04-desktop-v3-2-128gb-25m.186539.0: OK
results/formal_runs/synbios_moe/results/multi5_permute_fsdp_4gpu/probe_pipeline/formal/training/operation_logs/synbios_q_probe_q_company_whole/20260723-224941/events.jsonl: OK
results/formal_runs/synbios_moe/results/multi5_permute_fsdp_4gpu/probe_pipeline/formal/training/operation_logs/synbios_q_probe_q_company_whole/20260723-224941/events.out.tfevents.1784818181.ml-ubuntu22-04-desktop-v3-2-128gb-25m.190464.0: OK
results/formal_runs/synbios_moe/results/multi5_permute_fsdp_4gpu/probe_pipeline/formal/training/operation_logs/synbios_q_probe_q_major_first/20260723-221445/events.jsonl: OK
results/formal_runs/synbios_moe/results/multi5_permute_fsdp_4gpu/probe_pipeline/formal/training/operation_logs/synbios_q_probe_q_major_first/20260723-221445/events.out.tfevents.1784816085.ml-ubuntu22-04-desktop-v3-2-128gb-25m.182486.0: OK
results/formal_runs/synbios_moe/results/multi5_permute_fsdp_4gpu/probe_pipeline/formal/training/operation_logs/synbios_q_probe_q_major_whole/20260723-222943/events.jsonl: OK
results/formal_runs/synbios_moe/results/multi5_permute_fsdp_4gpu/probe_pipeline/formal/training/operation_logs/synbios_q_probe_q_major_whole/20260723-222943/events.out.tfevents.1784816983.ml-ubuntu22-04-desktop-v3-2-128gb-25m.185882.0: OK
results/formal_runs/synbios_moe/results/multi5_permute_fsdp_4gpu/probe_pipeline/formal/training/operation_logs/synbios_q_probe_q_university_first/20260723-212921/events.jsonl: OK
results/formal_runs/synbios_moe/results/multi5_permute_fsdp_4gpu/probe_pipeline/formal/training/operation_logs/synbios_q_probe_q_university_first/20260723-212921/events.out.tfevents.1784813361.ml-ubuntu22-04-desktop-v3-2-128gb-25m.169179.0: OK
results/formal_runs/synbios_moe/results/multi5_permute_fsdp_4gpu/probe_pipeline/formal/training/operation_logs/synbios_q_probe_q_university_whole/20260723-214708/events.jsonl: OK
results/formal_runs/synbios_moe/results/multi5_permute_fsdp_4gpu/probe_pipeline/formal/training/operation_logs/synbios_q_probe_q_university_whole/20260723-214708/events.out.tfevents.1784814428.ml-ubuntu22-04-desktop-v3-2-128gb-25m.176057.0: OK
results/formal_runs/synbios_moe/results/multi5_permute_fsdp_4gpu/probe_pipeline/formal/training/p_birth_city_first.json: OK
results/formal_runs/synbios_moe/results/multi5_permute_fsdp_4gpu/probe_pipeline/formal/training/p_birth_city_whole.json: OK
results/formal_runs/synbios_moe/results/multi5_permute_fsdp_4gpu/probe_pipeline/formal/training/p_birth_date_first.json: OK
results/formal_runs/synbios_moe/results/multi5_permute_fsdp_4gpu/probe_pipeline/formal/training/p_company_city_first.json: OK
results/formal_runs/synbios_moe/results/multi5_permute_fsdp_4gpu/probe_pipeline/formal/training/p_company_city_whole.json: OK
results/formal_runs/synbios_moe/results/multi5_permute_fsdp_4gpu/probe_pipeline/formal/training/p_company_first.json: OK
results/formal_runs/synbios_moe/results/multi5_permute_fsdp_4gpu/probe_pipeline/formal/training/p_company_whole.json: OK
results/formal_runs/synbios_moe/results/multi5_permute_fsdp_4gpu/probe_pipeline/formal/training/p_major_first.json: OK
results/formal_runs/synbios_moe/results/multi5_permute_fsdp_4gpu/probe_pipeline/formal/training/p_major_whole.json: OK
results/formal_runs/synbios_moe/results/multi5_permute_fsdp_4gpu/probe_pipeline/formal/training/p_university_first.json: OK
results/formal_runs/synbios_moe/results/multi5_permute_fsdp_4gpu/probe_pipeline/formal/training/p_university_whole.json: OK
results/formal_runs/synbios_moe/results/multi5_permute_fsdp_4gpu/probe_pipeline/formal/training/q_birth_city_first.json: OK
results/formal_runs/synbios_moe/results/multi5_permute_fsdp_4gpu/probe_pipeline/formal/training/q_birth_city_whole.json: OK
results/formal_runs/synbios_moe/results/multi5_permute_fsdp_4gpu/probe_pipeline/formal/training/q_birth_date_first.json: OK
results/formal_runs/synbios_moe/results/multi5_permute_fsdp_4gpu/probe_pipeline/formal/training/q_company_city_first.json: OK
results/formal_runs/synbios_moe/results/multi5_permute_fsdp_4gpu/probe_pipeline/formal/training/q_company_city_whole.json: OK
results/formal_runs/synbios_moe/results/multi5_permute_fsdp_4gpu/probe_pipeline/formal/training/q_company_first.json: OK
results/formal_runs/synbios_moe/results/multi5_permute_fsdp_4gpu/probe_pipeline/formal/training/q_company_whole.json: OK
results/formal_runs/synbios_moe/results/multi5_permute_fsdp_4gpu/probe_pipeline/formal/training/q_major_first.json: OK
results/formal_runs/synbios_moe/results/multi5_permute_fsdp_4gpu/probe_pipeline/formal/training/q_major_whole.json: OK
results/formal_runs/synbios_moe/results/multi5_permute_fsdp_4gpu/probe_pipeline/formal/training/q_university_first.json: OK
results/formal_runs/synbios_moe/results/multi5_permute_fsdp_4gpu/probe_pipeline/formal/training/q_university_whole.json: OK
results/formal_runs/synbios_moe/results/multi5_permute_fsdp_4gpu/probe_pipeline/formal/validation/operation_logs/synbios_p_probe_validation_p_birth_city_first/20260724-002144/events.jsonl: OK
results/formal_runs/synbios_moe/results/multi5_permute_fsdp_4gpu/probe_pipeline/formal/validation/operation_logs/synbios_p_probe_validation_p_birth_city_first/20260724-002144/events.out.tfevents.1784823704.ml-ubuntu22-04-desktop-v3-2-128gb-25m.217992.0: OK
results/formal_runs/synbios_moe/results/multi5_permute_fsdp_4gpu/probe_pipeline/formal/validation/operation_logs/synbios_p_probe_validation_p_birth_city_whole/20260724-002202/events.jsonl: OK
results/formal_runs/synbios_moe/results/multi5_permute_fsdp_4gpu/probe_pipeline/formal/validation/operation_logs/synbios_p_probe_validation_p_birth_city_whole/20260724-002202/events.out.tfevents.1784823722.ml-ubuntu22-04-desktop-v3-2-128gb-25m.218466.0: OK
results/formal_runs/synbios_moe/results/multi5_permute_fsdp_4gpu/probe_pipeline/formal/validation/operation_logs/synbios_p_probe_validation_p_birth_date_first/20260724-002144/events.jsonl: OK
results/formal_runs/synbios_moe/results/multi5_permute_fsdp_4gpu/probe_pipeline/formal/validation/operation_logs/synbios_p_probe_validation_p_birth_date_first/20260724-002144/events.out.tfevents.1784823704.ml-ubuntu22-04-desktop-v3-2-128gb-25m.217990.0: OK
results/formal_runs/synbios_moe/results/multi5_permute_fsdp_4gpu/probe_pipeline/formal/validation/operation_logs/synbios_p_probe_validation_p_company_city_first/20260724-002940/events.jsonl: OK
results/formal_runs/synbios_moe/results/multi5_permute_fsdp_4gpu/probe_pipeline/formal/validation/operation_logs/synbios_p_probe_validation_p_company_city_first/20260724-002940/events.out.tfevents.1784824180.ml-ubuntu22-04-desktop-v3-2-128gb-25m.223135.0: OK
results/formal_runs/synbios_moe/results/multi5_permute_fsdp_4gpu/probe_pipeline/formal/validation/operation_logs/synbios_p_probe_validation_p_company_city_whole/20260724-003001/events.jsonl: OK
results/formal_runs/synbios_moe/results/multi5_permute_fsdp_4gpu/probe_pipeline/formal/validation/operation_logs/synbios_p_probe_validation_p_company_city_whole/20260724-003001/events.out.tfevents.1784824201.ml-ubuntu22-04-desktop-v3-2-128gb-25m.223451.0: OK
results/formal_runs/synbios_moe/results/multi5_permute_fsdp_4gpu/probe_pipeline/formal/validation/operation_logs/synbios_p_probe_validation_p_company_first/20260724-002633/events.jsonl: OK
results/formal_runs/synbios_moe/results/multi5_permute_fsdp_4gpu/probe_pipeline/formal/validation/operation_logs/synbios_p_probe_validation_p_company_first/20260724-002633/events.out.tfevents.1784823993.ml-ubuntu22-04-desktop-v3-2-128gb-25m.221361.0: OK
results/formal_runs/synbios_moe/results/multi5_permute_fsdp_4gpu/probe_pipeline/formal/validation/operation_logs/synbios_p_probe_validation_p_company_whole/20260724-002924/events.jsonl: OK
results/formal_runs/synbios_moe/results/multi5_permute_fsdp_4gpu/probe_pipeline/formal/validation/operation_logs/synbios_p_probe_validation_p_company_whole/20260724-002924/events.out.tfevents.1784824164.ml-ubuntu22-04-desktop-v3-2-128gb-25m.222888.0: OK
results/formal_runs/synbios_moe/results/multi5_permute_fsdp_4gpu/probe_pipeline/formal/validation/operation_logs/synbios_p_probe_validation_p_major_first/20260724-002544/events.jsonl: OK
results/formal_runs/synbios_moe/results/multi5_permute_fsdp_4gpu/probe_pipeline/formal/validation/operation_logs/synbios_p_probe_validation_p_major_first/20260724-002544/events.out.tfevents.1784823944.ml-ubuntu22-04-desktop-v3-2-128gb-25m.220544.0: OK
results/formal_runs/synbios_moe/results/multi5_permute_fsdp_4gpu/probe_pipeline/formal/validation/operation_logs/synbios_p_probe_validation_p_major_whole/20260724-002600/events.jsonl: OK
results/formal_runs/synbios_moe/results/multi5_permute_fsdp_4gpu/probe_pipeline/formal/validation/operation_logs/synbios_p_probe_validation_p_major_whole/20260724-002600/events.out.tfevents.1784823960.ml-ubuntu22-04-desktop-v3-2-128gb-25m.220846.0: OK
results/formal_runs/synbios_moe/results/multi5_permute_fsdp_4gpu/probe_pipeline/formal/validation/operation_logs/synbios_p_probe_validation_p_university_first/20260724-002220/events.jsonl: OK
results/formal_runs/synbios_moe/results/multi5_permute_fsdp_4gpu/probe_pipeline/formal/validation/operation_logs/synbios_p_probe_validation_p_university_first/20260724-002220/events.out.tfevents.1784823740.ml-ubuntu22-04-desktop-v3-2-128gb-25m.218698.0: OK
results/formal_runs/synbios_moe/results/multi5_permute_fsdp_4gpu/probe_pipeline/formal/validation/operation_logs/synbios_p_probe_validation_p_university_whole/20260724-002529/events.jsonl: OK
results/formal_runs/synbios_moe/results/multi5_permute_fsdp_4gpu/probe_pipeline/formal/validation/operation_logs/synbios_p_probe_validation_p_university_whole/20260724-002529/events.out.tfevents.1784823929.ml-ubuntu22-04-desktop-v3-2-128gb-25m.220260.0: OK
results/formal_runs/synbios_moe/results/multi5_permute_fsdp_4gpu/probe_pipeline/formal/validation/operation_logs/synbios_q_probe_validation_q_birth_city_first/20260724-002144/events.jsonl: OK
results/formal_runs/synbios_moe/results/multi5_permute_fsdp_4gpu/probe_pipeline/formal/validation/operation_logs/synbios_q_probe_validation_q_birth_city_first/20260724-002144/events.out.tfevents.1784823704.ml-ubuntu22-04-desktop-v3-2-128gb-25m.217993.0: OK
results/formal_runs/synbios_moe/results/multi5_permute_fsdp_4gpu/probe_pipeline/formal/validation/operation_logs/synbios_q_probe_validation_q_birth_city_whole/20260724-002202/events.jsonl: OK
results/formal_runs/synbios_moe/results/multi5_permute_fsdp_4gpu/probe_pipeline/formal/validation/operation_logs/synbios_q_probe_validation_q_birth_city_whole/20260724-002202/events.out.tfevents.1784823722.ml-ubuntu22-04-desktop-v3-2-128gb-25m.218467.0: OK
results/formal_runs/synbios_moe/results/multi5_permute_fsdp_4gpu/probe_pipeline/formal/validation/operation_logs/synbios_q_probe_validation_q_birth_date_first/20260724-002144/events.jsonl: OK
results/formal_runs/synbios_moe/results/multi5_permute_fsdp_4gpu/probe_pipeline/formal/validation/operation_logs/synbios_q_probe_validation_q_birth_date_first/20260724-002144/events.out.tfevents.1784823704.ml-ubuntu22-04-desktop-v3-2-128gb-25m.217991.0: OK
results/formal_runs/synbios_moe/results/multi5_permute_fsdp_4gpu/probe_pipeline/formal/validation/operation_logs/synbios_q_probe_validation_q_company_city_first/20260724-002944/events.jsonl: OK
results/formal_runs/synbios_moe/results/multi5_permute_fsdp_4gpu/probe_pipeline/formal/validation/operation_logs/synbios_q_probe_validation_q_company_city_first/20260724-002944/events.out.tfevents.1784824184.ml-ubuntu22-04-desktop-v3-2-128gb-25m.223256.0: OK
results/formal_runs/synbios_moe/results/multi5_permute_fsdp_4gpu/probe_pipeline/formal/validation/operation_logs/synbios_q_probe_validation_q_company_city_whole/20260724-003009/events.jsonl: OK
results/formal_runs/synbios_moe/results/multi5_permute_fsdp_4gpu/probe_pipeline/formal/validation/operation_logs/synbios_q_probe_validation_q_company_city_whole/20260724-003009/events.out.tfevents.1784824209.ml-ubuntu22-04-desktop-v3-2-128gb-25m.223599.0: OK
results/formal_runs/synbios_moe/results/multi5_permute_fsdp_4gpu/probe_pipeline/formal/validation/operation_logs/synbios_q_probe_validation_q_company_first/20260724-002911/events.jsonl: OK
results/formal_runs/synbios_moe/results/multi5_permute_fsdp_4gpu/probe_pipeline/formal/validation/operation_logs/synbios_q_probe_validation_q_company_first/20260724-002911/events.out.tfevents.1784824151.ml-ubuntu22-04-desktop-v3-2-128gb-25m.222677.0: OK
results/formal_runs/synbios_moe/results/multi5_permute_fsdp_4gpu/probe_pipeline/formal/validation/operation_logs/synbios_q_probe_validation_q_company_whole/20260724-002928/events.jsonl: OK
results/formal_runs/synbios_moe/results/multi5_permute_fsdp_4gpu/probe_pipeline/formal/validation/operation_logs/synbios_q_probe_validation_q_company_whole/20260724-002928/events.out.tfevents.1784824168.ml-ubuntu22-04-desktop-v3-2-128gb-25m.222993.0: OK
results/formal_runs/synbios_moe/results/multi5_permute_fsdp_4gpu/probe_pipeline/formal/validation/operation_logs/synbios_q_probe_validation_q_major_first/20260724-002600/events.jsonl: OK
results/formal_runs/synbios_moe/results/multi5_permute_fsdp_4gpu/probe_pipeline/formal/validation/operation_logs/synbios_q_probe_validation_q_major_first/20260724-002600/events.out.tfevents.1784823960.ml-ubuntu22-04-desktop-v3-2-128gb-25m.220845.0: OK
results/formal_runs/synbios_moe/results/multi5_permute_fsdp_4gpu/probe_pipeline/formal/validation/operation_logs/synbios_q_probe_validation_q_major_whole/20260724-002617/events.jsonl: OK
results/formal_runs/synbios_moe/results/multi5_permute_fsdp_4gpu/probe_pipeline/formal/validation/operation_logs/synbios_q_probe_validation_q_major_whole/20260724-002617/events.out.tfevents.1784823977.ml-ubuntu22-04-desktop-v3-2-128gb-25m.221169.0: OK
results/formal_runs/synbios_moe/results/multi5_permute_fsdp_4gpu/probe_pipeline/formal/validation/operation_logs/synbios_q_probe_validation_q_university_first/20260724-002527/events.jsonl: OK
results/formal_runs/synbios_moe/results/multi5_permute_fsdp_4gpu/probe_pipeline/formal/validation/operation_logs/synbios_q_probe_validation_q_university_first/20260724-002527/events.out.tfevents.1784823927.ml-ubuntu22-04-desktop-v3-2-128gb-25m.220215.0: OK
results/formal_runs/synbios_moe/results/multi5_permute_fsdp_4gpu/probe_pipeline/formal/validation/operation_logs/synbios_q_probe_validation_q_university_whole/20260724-002543/events.jsonl: OK
results/formal_runs/synbios_moe/results/multi5_permute_fsdp_4gpu/probe_pipeline/formal/validation/operation_logs/synbios_q_probe_validation_q_university_whole/20260724-002543/events.out.tfevents.1784823943.ml-ubuntu22-04-desktop-v3-2-128gb-25m.220499.0: OK
results/formal_runs/synbios_moe/results/multi5_permute_fsdp_4gpu/probe_pipeline/formal/validation/p_birth_city_first.json: OK
results/formal_runs/synbios_moe/results/multi5_permute_fsdp_4gpu/probe_pipeline/formal/validation/p_birth_city_whole.json: OK
results/formal_runs/synbios_moe/results/multi5_permute_fsdp_4gpu/probe_pipeline/formal/validation/p_birth_date_first.json: OK
results/formal_runs/synbios_moe/results/multi5_permute_fsdp_4gpu/probe_pipeline/formal/validation/p_company_city_first.json: OK
results/formal_runs/synbios_moe/results/multi5_permute_fsdp_4gpu/probe_pipeline/formal/validation/p_company_city_whole.json: OK
results/formal_runs/synbios_moe/results/multi5_permute_fsdp_4gpu/probe_pipeline/formal/validation/p_company_first.json: OK
results/formal_runs/synbios_moe/results/multi5_permute_fsdp_4gpu/probe_pipeline/formal/validation/p_company_whole.json: OK
results/formal_runs/synbios_moe/results/multi5_permute_fsdp_4gpu/probe_pipeline/formal/validation/p_major_first.json: OK
results/formal_runs/synbios_moe/results/multi5_permute_fsdp_4gpu/probe_pipeline/formal/validation/p_major_whole.json: OK
results/formal_runs/synbios_moe/results/multi5_permute_fsdp_4gpu/probe_pipeline/formal/validation/p_university_first.json: OK
results/formal_runs/synbios_moe/results/multi5_permute_fsdp_4gpu/probe_pipeline/formal/validation/p_university_whole.json: OK
results/formal_runs/synbios_moe/results/multi5_permute_fsdp_4gpu/probe_pipeline/formal/validation/q_birth_city_first.json: OK
results/formal_runs/synbios_moe/results/multi5_permute_fsdp_4gpu/probe_pipeline/formal/validation/q_birth_city_whole.json: OK
results/formal_runs/synbios_moe/results/multi5_permute_fsdp_4gpu/probe_pipeline/formal/validation/q_birth_date_first.json: OK
results/formal_runs/synbios_moe/results/multi5_permute_fsdp_4gpu/probe_pipeline/formal/validation/q_company_city_first.json: OK
results/formal_runs/synbios_moe/results/multi5_permute_fsdp_4gpu/probe_pipeline/formal/validation/q_company_city_whole.json: OK
results/formal_runs/synbios_moe/results/multi5_permute_fsdp_4gpu/probe_pipeline/formal/validation/q_company_first.json: OK
results/formal_runs/synbios_moe/results/multi5_permute_fsdp_4gpu/probe_pipeline/formal/validation/q_company_whole.json: OK
results/formal_runs/synbios_moe/results/multi5_permute_fsdp_4gpu/probe_pipeline/formal/validation/q_major_first.json: OK
results/formal_runs/synbios_moe/results/multi5_permute_fsdp_4gpu/probe_pipeline/formal/validation/q_major_whole.json: OK
results/formal_runs/synbios_moe/results/multi5_permute_fsdp_4gpu/probe_pipeline/formal/validation/q_university_first.json: OK
results/formal_runs/synbios_moe/results/multi5_permute_fsdp_4gpu/probe_pipeline/formal/validation/q_university_whole.json: OK
results/formal_runs/synbios_moe/results/multi5_permute_fsdp_4gpu/probe_pipeline/pilot/logs/train_p_birth_city_first.log: OK
results/formal_runs/synbios_moe/results/multi5_permute_fsdp_4gpu/probe_pipeline/pilot/logs/train_p_birth_city_whole.log: OK
results/formal_runs/synbios_moe/results/multi5_permute_fsdp_4gpu/probe_pipeline/pilot/logs/train_p_birth_date_first.log: OK
results/formal_runs/synbios_moe/results/multi5_permute_fsdp_4gpu/probe_pipeline/pilot/logs/train_p_company_city_first.log: OK
results/formal_runs/synbios_moe/results/multi5_permute_fsdp_4gpu/probe_pipeline/pilot/logs/train_p_company_city_whole.log: OK
results/formal_runs/synbios_moe/results/multi5_permute_fsdp_4gpu/probe_pipeline/pilot/logs/train_p_company_first.log: OK
results/formal_runs/synbios_moe/results/multi5_permute_fsdp_4gpu/probe_pipeline/pilot/logs/train_p_company_whole.log: OK
results/formal_runs/synbios_moe/results/multi5_permute_fsdp_4gpu/probe_pipeline/pilot/logs/train_p_major_first.log: OK
results/formal_runs/synbios_moe/results/multi5_permute_fsdp_4gpu/probe_pipeline/pilot/logs/train_p_major_whole.log: OK
results/formal_runs/synbios_moe/results/multi5_permute_fsdp_4gpu/probe_pipeline/pilot/logs/train_p_university_first.log: OK
results/formal_runs/synbios_moe/results/multi5_permute_fsdp_4gpu/probe_pipeline/pilot/logs/train_p_university_whole.log: OK
results/formal_runs/synbios_moe/results/multi5_permute_fsdp_4gpu/probe_pipeline/pilot/logs/train_q_birth_city_first.log: OK
results/formal_runs/synbios_moe/results/multi5_permute_fsdp_4gpu/probe_pipeline/pilot/logs/train_q_birth_city_whole.log: OK
results/formal_runs/synbios_moe/results/multi5_permute_fsdp_4gpu/probe_pipeline/pilot/logs/train_q_birth_date_first.log: OK
results/formal_runs/synbios_moe/results/multi5_permute_fsdp_4gpu/probe_pipeline/pilot/logs/train_q_company_city_first.log: OK
results/formal_runs/synbios_moe/results/multi5_permute_fsdp_4gpu/probe_pipeline/pilot/logs/train_q_company_city_whole.log: OK
results/formal_runs/synbios_moe/results/multi5_permute_fsdp_4gpu/probe_pipeline/pilot/logs/train_q_company_first.log: OK
results/formal_runs/synbios_moe/results/multi5_permute_fsdp_4gpu/probe_pipeline/pilot/logs/train_q_company_whole.log: OK
results/formal_runs/synbios_moe/results/multi5_permute_fsdp_4gpu/probe_pipeline/pilot/logs/train_q_major_first.log: OK
results/formal_runs/synbios_moe/results/multi5_permute_fsdp_4gpu/probe_pipeline/pilot/logs/train_q_major_whole.log: OK
results/formal_runs/synbios_moe/results/multi5_permute_fsdp_4gpu/probe_pipeline/pilot/logs/train_q_university_first.log: OK
results/formal_runs/synbios_moe/results/multi5_permute_fsdp_4gpu/probe_pipeline/pilot/logs/train_q_university_whole.log: OK
results/formal_runs/synbios_moe/results/multi5_permute_fsdp_4gpu/probe_pipeline/pilot/logs/validation_p_birth_city_first.log: OK
results/formal_runs/synbios_moe/results/multi5_permute_fsdp_4gpu/probe_pipeline/pilot/logs/validation_p_birth_city_whole.log: OK
results/formal_runs/synbios_moe/results/multi5_permute_fsdp_4gpu/probe_pipeline/pilot/logs/validation_p_birth_date_first.log: OK
results/formal_runs/synbios_moe/results/multi5_permute_fsdp_4gpu/probe_pipeline/pilot/logs/validation_p_company_city_first.log: OK
results/formal_runs/synbios_moe/results/multi5_permute_fsdp_4gpu/probe_pipeline/pilot/logs/validation_p_company_city_whole.log: OK
results/formal_runs/synbios_moe/results/multi5_permute_fsdp_4gpu/probe_pipeline/pilot/logs/validation_p_company_first.log: OK
results/formal_runs/synbios_moe/results/multi5_permute_fsdp_4gpu/probe_pipeline/pilot/logs/validation_p_company_whole.log: OK
results/formal_runs/synbios_moe/results/multi5_permute_fsdp_4gpu/probe_pipeline/pilot/logs/validation_p_major_first.log: OK
results/formal_runs/synbios_moe/results/multi5_permute_fsdp_4gpu/probe_pipeline/pilot/logs/validation_p_major_whole.log: OK
results/formal_runs/synbios_moe/results/multi5_permute_fsdp_4gpu/probe_pipeline/pilot/logs/validation_p_university_first.log: OK
results/formal_runs/synbios_moe/results/multi5_permute_fsdp_4gpu/probe_pipeline/pilot/logs/validation_p_university_whole.log: OK
results/formal_runs/synbios_moe/results/multi5_permute_fsdp_4gpu/probe_pipeline/pilot/logs/validation_q_birth_city_first.log: OK
results/formal_runs/synbios_moe/results/multi5_permute_fsdp_4gpu/probe_pipeline/pilot/logs/validation_q_birth_city_whole.log: OK
results/formal_runs/synbios_moe/results/multi5_permute_fsdp_4gpu/probe_pipeline/pilot/logs/validation_q_birth_date_first.log: OK
results/formal_runs/synbios_moe/results/multi5_permute_fsdp_4gpu/probe_pipeline/pilot/logs/validation_q_company_city_first.log: OK
results/formal_runs/synbios_moe/results/multi5_permute_fsdp_4gpu/probe_pipeline/pilot/logs/validation_q_company_city_whole.log: OK
results/formal_runs/synbios_moe/results/multi5_permute_fsdp_4gpu/probe_pipeline/pilot/logs/validation_q_company_first.log: OK
results/formal_runs/synbios_moe/results/multi5_permute_fsdp_4gpu/probe_pipeline/pilot/logs/validation_q_company_whole.log: OK
results/formal_runs/synbios_moe/results/multi5_permute_fsdp_4gpu/probe_pipeline/pilot/logs/validation_q_major_first.log: OK
results/formal_runs/synbios_moe/results/multi5_permute_fsdp_4gpu/probe_pipeline/pilot/logs/validation_q_major_whole.log: OK
results/formal_runs/synbios_moe/results/multi5_permute_fsdp_4gpu/probe_pipeline/pilot/logs/validation_q_university_first.log: OK
results/formal_runs/synbios_moe/results/multi5_permute_fsdp_4gpu/probe_pipeline/pilot/logs/validation_q_university_whole.log: OK
results/formal_runs/synbios_moe/results/multi5_permute_fsdp_4gpu/probe_pipeline/pilot/operation_logs/synbios_probe_pipeline_probe_pipeline/20260723-155052/events.jsonl: OK
results/formal_runs/synbios_moe/results/multi5_permute_fsdp_4gpu/probe_pipeline/pilot/operation_logs/synbios_probe_pipeline_probe_pipeline/20260723-155052/events.out.tfevents.1784793052.ml-ubuntu22-04-desktop-v3-2-128gb-25m.59114.0: OK
results/formal_runs/synbios_moe/results/multi5_permute_fsdp_4gpu/probe_pipeline/pilot/pipeline.json: OK
results/formal_runs/synbios_moe/results/multi5_permute_fsdp_4gpu/probe_pipeline/pilot/pipeline_events.jsonl: OK
results/formal_runs/synbios_moe/results/multi5_permute_fsdp_4gpu/probe_pipeline/pilot/summary/summary.csv: OK
results/formal_runs/synbios_moe/results/multi5_permute_fsdp_4gpu/probe_pipeline/pilot/summary/summary.json: OK
results/formal_runs/synbios_moe/results/multi5_permute_fsdp_4gpu/probe_pipeline/pilot/training/operation_logs/synbios_p_probe_p_birth_city_first/20260723-155055/events.jsonl: OK
results/formal_runs/synbios_moe/results/multi5_permute_fsdp_4gpu/probe_pipeline/pilot/training/operation_logs/synbios_p_probe_p_birth_city_first/20260723-155055/events.out.tfevents.1784793055.ml-ubuntu22-04-desktop-v3-2-128gb-25m.59211.0: OK
results/formal_runs/synbios_moe/results/multi5_permute_fsdp_4gpu/probe_pipeline/pilot/training/operation_logs/synbios_p_probe_p_birth_city_whole/20260723-160209/events.jsonl: OK
results/formal_runs/synbios_moe/results/multi5_permute_fsdp_4gpu/probe_pipeline/pilot/training/operation_logs/synbios_p_probe_p_birth_city_whole/20260723-160209/events.out.tfevents.1784793730.ml-ubuntu22-04-desktop-v3-2-128gb-25m.62987.0: OK
results/formal_runs/synbios_moe/results/multi5_permute_fsdp_4gpu/probe_pipeline/pilot/training/operation_logs/synbios_p_probe_p_birth_date_first/20260723-155055/events.jsonl: OK
results/formal_runs/synbios_moe/results/multi5_permute_fsdp_4gpu/probe_pipeline/pilot/training/operation_logs/synbios_p_probe_p_birth_date_first/20260723-155055/events.out.tfevents.1784793055.ml-ubuntu22-04-desktop-v3-2-128gb-25m.59209.0: OK
results/formal_runs/synbios_moe/results/multi5_permute_fsdp_4gpu/probe_pipeline/pilot/training/operation_logs/synbios_p_probe_p_company_city_first/20260723-164334/events.jsonl: OK
results/formal_runs/synbios_moe/results/multi5_permute_fsdp_4gpu/probe_pipeline/pilot/training/operation_logs/synbios_p_probe_p_company_city_first/20260723-164334/events.out.tfevents.1784796214.ml-ubuntu22-04-desktop-v3-2-128gb-25m.77508.0: OK
results/formal_runs/synbios_moe/results/multi5_permute_fsdp_4gpu/probe_pipeline/pilot/training/operation_logs/synbios_p_probe_p_company_city_whole/20260723-165431/events.jsonl: OK
results/formal_runs/synbios_moe/results/multi5_permute_fsdp_4gpu/probe_pipeline/pilot/training/operation_logs/synbios_p_probe_p_company_city_whole/20260723-165431/events.out.tfevents.1784796871.ml-ubuntu22-04-desktop-v3-2-128gb-25m.81190.0: OK
results/formal_runs/synbios_moe/results/multi5_permute_fsdp_4gpu/probe_pipeline/pilot/training/operation_logs/synbios_p_probe_p_company_first/20260723-163148/events.jsonl: OK
results/formal_runs/synbios_moe/results/multi5_permute_fsdp_4gpu/probe_pipeline/pilot/training/operation_logs/synbios_p_probe_p_company_first/20260723-163148/events.out.tfevents.1784795508.ml-ubuntu22-04-desktop-v3-2-128gb-25m.73380.0: OK
results/formal_runs/synbios_moe/results/multi5_permute_fsdp_4gpu/probe_pipeline/pilot/training/operation_logs/synbios_p_probe_p_company_whole/20260723-163941/events.jsonl: OK
results/formal_runs/synbios_moe/results/multi5_permute_fsdp_4gpu/probe_pipeline/pilot/training/operation_logs/synbios_p_probe_p_company_whole/20260723-163941/events.out.tfevents.1784795981.ml-ubuntu22-04-desktop-v3-2-128gb-25m.75982.0: OK
results/formal_runs/synbios_moe/results/multi5_permute_fsdp_4gpu/probe_pipeline/pilot/training/operation_logs/synbios_p_probe_p_major_first/20260723-161711/events.jsonl: OK
results/formal_runs/synbios_moe/results/multi5_permute_fsdp_4gpu/probe_pipeline/pilot/training/operation_logs/synbios_p_probe_p_major_first/20260723-161711/events.out.tfevents.1784794631.ml-ubuntu22-04-desktop-v3-2-128gb-25m.68343.0: OK
results/formal_runs/synbios_moe/results/multi5_permute_fsdp_4gpu/probe_pipeline/pilot/training/operation_logs/synbios_p_probe_p_major_whole/20260723-162815/events.jsonl: OK
results/formal_runs/synbios_moe/results/multi5_permute_fsdp_4gpu/probe_pipeline/pilot/training/operation_logs/synbios_p_probe_p_major_whole/20260723-162815/events.out.tfevents.1784795295.ml-ubuntu22-04-desktop-v3-2-128gb-25m.71983.0: OK
results/formal_runs/synbios_moe/results/multi5_permute_fsdp_4gpu/probe_pipeline/pilot/training/operation_logs/synbios_p_probe_p_university_first/20260723-160546/events.jsonl: OK
results/formal_runs/synbios_moe/results/multi5_permute_fsdp_4gpu/probe_pipeline/pilot/training/operation_logs/synbios_p_probe_p_university_first/20260723-160546/events.out.tfevents.1784793946.ml-ubuntu22-04-desktop-v3-2-128gb-25m.64273.0: OK
results/formal_runs/synbios_moe/results/multi5_permute_fsdp_4gpu/probe_pipeline/pilot/training/operation_logs/synbios_p_probe_p_university_whole/20260723-161349/events.jsonl: OK
results/formal_runs/synbios_moe/results/multi5_permute_fsdp_4gpu/probe_pipeline/pilot/training/operation_logs/synbios_p_probe_p_university_whole/20260723-161349/events.out.tfevents.1784794429.ml-ubuntu22-04-desktop-v3-2-128gb-25m.67240.0: OK
results/formal_runs/synbios_moe/results/multi5_permute_fsdp_4gpu/probe_pipeline/pilot/training/operation_logs/synbios_q_probe_q_birth_city_first/20260723-155055/events.jsonl: OK
results/formal_runs/synbios_moe/results/multi5_permute_fsdp_4gpu/probe_pipeline/pilot/training/operation_logs/synbios_q_probe_q_birth_city_first/20260723-155055/events.out.tfevents.1784793055.ml-ubuntu22-04-desktop-v3-2-128gb-25m.59212.0: OK
results/formal_runs/synbios_moe/results/multi5_permute_fsdp_4gpu/probe_pipeline/pilot/training/operation_logs/synbios_q_probe_q_birth_city_whole/20260723-160229/events.jsonl: OK
results/formal_runs/synbios_moe/results/multi5_permute_fsdp_4gpu/probe_pipeline/pilot/training/operation_logs/synbios_q_probe_q_birth_city_whole/20260723-160229/events.out.tfevents.1784793749.ml-ubuntu22-04-desktop-v3-2-128gb-25m.63183.0: OK
results/formal_runs/synbios_moe/results/multi5_permute_fsdp_4gpu/probe_pipeline/pilot/training/operation_logs/synbios_q_probe_q_birth_date_first/20260723-155055/events.jsonl: OK
results/formal_runs/synbios_moe/results/multi5_permute_fsdp_4gpu/probe_pipeline/pilot/training/operation_logs/synbios_q_probe_q_birth_date_first/20260723-155055/events.out.tfevents.1784793055.ml-ubuntu22-04-desktop-v3-2-128gb-25m.59210.0: OK
results/formal_runs/synbios_moe/results/multi5_permute_fsdp_4gpu/probe_pipeline/pilot/training/operation_logs/synbios_q_probe_q_company_city_first/20260723-164630/events.jsonl: OK
results/formal_runs/synbios_moe/results/multi5_permute_fsdp_4gpu/probe_pipeline/pilot/training/operation_logs/synbios_q_probe_q_company_city_first/20260723-164630/events.out.tfevents.1784796390.ml-ubuntu22-04-desktop-v3-2-128gb-25m.78517.0: OK
results/formal_runs/synbios_moe/results/multi5_permute_fsdp_4gpu/probe_pipeline/pilot/training/operation_logs/synbios_q_probe_q_company_city_whole/20260723-165434/events.jsonl: OK
results/formal_runs/synbios_moe/results/multi5_permute_fsdp_4gpu/probe_pipeline/pilot/training/operation_logs/synbios_q_probe_q_company_city_whole/20260723-165434/events.out.tfevents.1784796874.ml-ubuntu22-04-desktop-v3-2-128gb-25m.81296.0: OK
results/formal_runs/synbios_moe/results/multi5_permute_fsdp_4gpu/probe_pipeline/pilot/training/operation_logs/synbios_q_probe_q_company_first/20260723-163222/events.jsonl: OK
results/formal_runs/synbios_moe/results/multi5_permute_fsdp_4gpu/probe_pipeline/pilot/training/operation_logs/synbios_q_probe_q_company_first/20260723-163222/events.out.tfevents.1784795543.ml-ubuntu22-04-desktop-v3-2-128gb-25m.73659.0: OK
results/formal_runs/synbios_moe/results/multi5_permute_fsdp_4gpu/probe_pipeline/pilot/training/operation_logs/synbios_q_probe_q_company_whole/20260723-164310/events.jsonl: OK
results/formal_runs/synbios_moe/results/multi5_permute_fsdp_4gpu/probe_pipeline/pilot/training/operation_logs/synbios_q_probe_q_company_whole/20260723-164310/events.out.tfevents.1784796190.ml-ubuntu22-04-desktop-v3-2-128gb-25m.77288.0: OK
results/formal_runs/synbios_moe/results/multi5_permute_fsdp_4gpu/probe_pipeline/pilot/training/operation_logs/synbios_q_probe_q_major_first/20260723-162026/events.jsonl: OK
results/formal_runs/synbios_moe/results/multi5_permute_fsdp_4gpu/probe_pipeline/pilot/training/operation_logs/synbios_q_probe_q_major_first/20260723-162026/events.out.tfevents.1784794826.ml-ubuntu22-04-desktop-v3-2-128gb-25m.69493.0: OK
results/formal_runs/synbios_moe/results/multi5_permute_fsdp_4gpu/probe_pipeline/pilot/training/operation_logs/synbios_q_probe_q_major_whole/20260723-162821/events.jsonl: OK
results/formal_runs/synbios_moe/results/multi5_permute_fsdp_4gpu/probe_pipeline/pilot/training/operation_logs/synbios_q_probe_q_major_whole/20260723-162821/events.out.tfevents.1784795301.ml-ubuntu22-04-desktop-v3-2-128gb-25m.72104.0: OK
results/formal_runs/synbios_moe/results/multi5_permute_fsdp_4gpu/probe_pipeline/pilot/training/operation_logs/synbios_q_probe_q_university_first/20260723-160549/events.jsonl: OK
results/formal_runs/synbios_moe/results/multi5_permute_fsdp_4gpu/probe_pipeline/pilot/training/operation_logs/synbios_q_probe_q_university_first/20260723-160549/events.out.tfevents.1784793949.ml-ubuntu22-04-desktop-v3-2-128gb-25m.64381.0: OK
results/formal_runs/synbios_moe/results/multi5_permute_fsdp_4gpu/probe_pipeline/pilot/training/operation_logs/synbios_q_probe_q_university_whole/20260723-161657/events.jsonl: OK
results/formal_runs/synbios_moe/results/multi5_permute_fsdp_4gpu/probe_pipeline/pilot/training/operation_logs/synbios_q_probe_q_university_whole/20260723-161657/events.out.tfevents.1784794617.ml-ubuntu22-04-desktop-v3-2-128gb-25m.68182.0: OK
results/formal_runs/synbios_moe/results/multi5_permute_fsdp_4gpu/probe_pipeline/pilot/training/p_birth_city_first.json: OK
results/formal_runs/synbios_moe/results/multi5_permute_fsdp_4gpu/probe_pipeline/pilot/training/p_birth_city_whole.json: OK
results/formal_runs/synbios_moe/results/multi5_permute_fsdp_4gpu/probe_pipeline/pilot/training/p_birth_date_first.json: OK
results/formal_runs/synbios_moe/results/multi5_permute_fsdp_4gpu/probe_pipeline/pilot/training/p_company_city_first.json: OK
results/formal_runs/synbios_moe/results/multi5_permute_fsdp_4gpu/probe_pipeline/pilot/training/p_company_city_whole.json: OK
results/formal_runs/synbios_moe/results/multi5_permute_fsdp_4gpu/probe_pipeline/pilot/training/p_company_first.json: OK
results/formal_runs/synbios_moe/results/multi5_permute_fsdp_4gpu/probe_pipeline/pilot/training/p_company_whole.json: OK
results/formal_runs/synbios_moe/results/multi5_permute_fsdp_4gpu/probe_pipeline/pilot/training/p_major_first.json: OK
results/formal_runs/synbios_moe/results/multi5_permute_fsdp_4gpu/probe_pipeline/pilot/training/p_major_whole.json: OK
results/formal_runs/synbios_moe/results/multi5_permute_fsdp_4gpu/probe_pipeline/pilot/training/p_university_first.json: OK
results/formal_runs/synbios_moe/results/multi5_permute_fsdp_4gpu/probe_pipeline/pilot/training/p_university_whole.json: OK
results/formal_runs/synbios_moe/results/multi5_permute_fsdp_4gpu/probe_pipeline/pilot/training/q_birth_city_first.json: OK
results/formal_runs/synbios_moe/results/multi5_permute_fsdp_4gpu/probe_pipeline/pilot/training/q_birth_city_whole.json: OK
results/formal_runs/synbios_moe/results/multi5_permute_fsdp_4gpu/probe_pipeline/pilot/training/q_birth_date_first.json: OK
results/formal_runs/synbios_moe/results/multi5_permute_fsdp_4gpu/probe_pipeline/pilot/training/q_company_city_first.json: OK
results/formal_runs/synbios_moe/results/multi5_permute_fsdp_4gpu/probe_pipeline/pilot/training/q_company_city_whole.json: OK
results/formal_runs/synbios_moe/results/multi5_permute_fsdp_4gpu/probe_pipeline/pilot/training/q_company_first.json: OK
results/formal_runs/synbios_moe/results/multi5_permute_fsdp_4gpu/probe_pipeline/pilot/training/q_company_whole.json: OK
results/formal_runs/synbios_moe/results/multi5_permute_fsdp_4gpu/probe_pipeline/pilot/training/q_major_first.json: OK
results/formal_runs/synbios_moe/results/multi5_permute_fsdp_4gpu/probe_pipeline/pilot/training/q_major_whole.json: OK
results/formal_runs/synbios_moe/results/multi5_permute_fsdp_4gpu/probe_pipeline/pilot/training/q_university_first.json: OK
results/formal_runs/synbios_moe/results/multi5_permute_fsdp_4gpu/probe_pipeline/pilot/training/q_university_whole.json: OK
results/formal_runs/synbios_moe/results/multi5_permute_fsdp_4gpu/probe_pipeline/pilot/validation/operation_logs/synbios_p_probe_validation_p_birth_city_first/20260723-170925/events.jsonl: OK
results/formal_runs/synbios_moe/results/multi5_permute_fsdp_4gpu/probe_pipeline/pilot/validation/operation_logs/synbios_p_probe_validation_p_birth_city_first/20260723-170925/events.out.tfevents.1784797765.ml-ubuntu22-04-desktop-v3-2-128gb-25m.86075.0: OK
results/formal_runs/synbios_moe/results/multi5_permute_fsdp_4gpu/probe_pipeline/pilot/validation/operation_logs/synbios_p_probe_validation_p_birth_city_whole/20260723-170943/events.jsonl: OK
results/formal_runs/synbios_moe/results/multi5_permute_fsdp_4gpu/probe_pipeline/pilot/validation/operation_logs/synbios_p_probe_validation_p_birth_city_whole/20260723-170943/events.out.tfevents.1784797783.ml-ubuntu22-04-desktop-v3-2-128gb-25m.86505.0: OK
results/formal_runs/synbios_moe/results/multi5_permute_fsdp_4gpu/probe_pipeline/pilot/validation/operation_logs/synbios_p_probe_validation_p_birth_date_first/20260723-170925/events.jsonl: OK
results/formal_runs/synbios_moe/results/multi5_permute_fsdp_4gpu/probe_pipeline/pilot/validation/operation_logs/synbios_p_probe_validation_p_birth_date_first/20260723-170925/events.out.tfevents.1784797765.ml-ubuntu22-04-desktop-v3-2-128gb-25m.86067.0: OK
results/formal_runs/synbios_moe/results/multi5_permute_fsdp_4gpu/probe_pipeline/pilot/validation/operation_logs/synbios_p_probe_validation_p_company_city_first/20260723-171719/events.jsonl: OK
results/formal_runs/synbios_moe/results/multi5_permute_fsdp_4gpu/probe_pipeline/pilot/validation/operation_logs/synbios_p_probe_validation_p_company_city_first/20260723-171719/events.out.tfevents.1784798239.ml-ubuntu22-04-desktop-v3-2-128gb-25m.90212.0: OK
results/formal_runs/synbios_moe/results/multi5_permute_fsdp_4gpu/probe_pipeline/pilot/validation/operation_logs/synbios_p_probe_validation_p_company_city_whole/20260723-171741/events.jsonl: OK
results/formal_runs/synbios_moe/results/multi5_permute_fsdp_4gpu/probe_pipeline/pilot/validation/operation_logs/synbios_p_probe_validation_p_company_city_whole/20260723-171741/events.out.tfevents.1784798261.ml-ubuntu22-04-desktop-v3-2-128gb-25m.90515.0: OK
results/formal_runs/synbios_moe/results/multi5_permute_fsdp_4gpu/probe_pipeline/pilot/validation/operation_logs/synbios_p_probe_validation_p_company_first/20260723-171411/events.jsonl: OK
results/formal_runs/synbios_moe/results/multi5_permute_fsdp_4gpu/probe_pipeline/pilot/validation/operation_logs/synbios_p_probe_validation_p_company_first/20260723-171411/events.out.tfevents.1784798051.ml-ubuntu22-04-desktop-v3-2-128gb-25m.88900.0: OK
results/formal_runs/synbios_moe/results/multi5_permute_fsdp_4gpu/probe_pipeline/pilot/validation/operation_logs/synbios_p_probe_validation_p_company_whole/20260723-171708/events.jsonl: OK
results/formal_runs/synbios_moe/results/multi5_permute_fsdp_4gpu/probe_pipeline/pilot/validation/operation_logs/synbios_p_probe_validation_p_company_whole/20260723-171708/events.out.tfevents.1784798228.ml-ubuntu22-04-desktop-v3-2-128gb-25m.89984.0: OK
results/formal_runs/synbios_moe/results/multi5_permute_fsdp_4gpu/probe_pipeline/pilot/validation/operation_logs/synbios_p_probe_validation_p_major_first/20260723-171326/events.jsonl: OK
results/formal_runs/synbios_moe/results/multi5_permute_fsdp_4gpu/probe_pipeline/pilot/validation/operation_logs/synbios_p_probe_validation_p_major_first/20260723-171326/events.out.tfevents.1784798006.ml-ubuntu22-04-desktop-v3-2-128gb-25m.88297.0: OK
results/formal_runs/synbios_moe/results/multi5_permute_fsdp_4gpu/probe_pipeline/pilot/validation/operation_logs/synbios_p_probe_validation_p_major_whole/20260723-171338/events.jsonl: OK
results/formal_runs/synbios_moe/results/multi5_permute_fsdp_4gpu/probe_pipeline/pilot/validation/operation_logs/synbios_p_probe_validation_p_major_whole/20260723-171338/events.out.tfevents.1784798018.ml-ubuntu22-04-desktop-v3-2-128gb-25m.88443.0: OK
results/formal_runs/synbios_moe/results/multi5_permute_fsdp_4gpu/probe_pipeline/pilot/validation/operation_logs/synbios_p_probe_validation_p_university_first/20260723-171000/events.jsonl: OK
results/formal_runs/synbios_moe/results/multi5_permute_fsdp_4gpu/probe_pipeline/pilot/validation/operation_logs/synbios_p_probe_validation_p_university_first/20260723-171000/events.out.tfevents.1784797801.ml-ubuntu22-04-desktop-v3-2-128gb-25m.86793.0: OK
results/formal_runs/synbios_moe/results/multi5_permute_fsdp_4gpu/probe_pipeline/pilot/validation/operation_logs/synbios_p_probe_validation_p_university_whole/20260723-171308/events.jsonl: OK
results/formal_runs/synbios_moe/results/multi5_permute_fsdp_4gpu/probe_pipeline/pilot/validation/operation_logs/synbios_p_probe_validation_p_university_whole/20260723-171308/events.out.tfevents.1784797988.ml-ubuntu22-04-desktop-v3-2-128gb-25m.88024.0: OK
results/formal_runs/synbios_moe/results/multi5_permute_fsdp_4gpu/probe_pipeline/pilot/validation/operation_logs/synbios_q_probe_validation_q_birth_city_first/20260723-170925/events.jsonl: OK
results/formal_runs/synbios_moe/results/multi5_permute_fsdp_4gpu/probe_pipeline/pilot/validation/operation_logs/synbios_q_probe_validation_q_birth_city_first/20260723-170925/events.out.tfevents.1784797765.ml-ubuntu22-04-desktop-v3-2-128gb-25m.86077.0: OK
results/formal_runs/synbios_moe/results/multi5_permute_fsdp_4gpu/probe_pipeline/pilot/validation/operation_logs/synbios_q_probe_validation_q_birth_city_whole/20260723-170943/events.jsonl: OK
results/formal_runs/synbios_moe/results/multi5_permute_fsdp_4gpu/probe_pipeline/pilot/validation/operation_logs/synbios_q_probe_validation_q_birth_city_whole/20260723-170943/events.out.tfevents.1784797783.ml-ubuntu22-04-desktop-v3-2-128gb-25m.86506.0: OK
results/formal_runs/synbios_moe/results/multi5_permute_fsdp_4gpu/probe_pipeline/pilot/validation/operation_logs/synbios_q_probe_validation_q_birth_date_first/20260723-170925/events.jsonl: OK
results/formal_runs/synbios_moe/results/multi5_permute_fsdp_4gpu/probe_pipeline/pilot/validation/operation_logs/synbios_q_probe_validation_q_birth_date_first/20260723-170925/events.out.tfevents.1784797765.ml-ubuntu22-04-desktop-v3-2-128gb-25m.86071.0: OK
results/formal_runs/synbios_moe/results/multi5_permute_fsdp_4gpu/probe_pipeline/pilot/validation/operation_logs/synbios_q_probe_validation_q_company_city_first/20260723-171725/events.jsonl: OK
results/formal_runs/synbios_moe/results/multi5_permute_fsdp_4gpu/probe_pipeline/pilot/validation/operation_logs/synbios_q_probe_validation_q_company_city_first/20260723-171725/events.out.tfevents.1784798245.ml-ubuntu22-04-desktop-v3-2-128gb-25m.90334.0: OK
results/formal_runs/synbios_moe/results/multi5_permute_fsdp_4gpu/probe_pipeline/pilot/validation/operation_logs/synbios_q_probe_validation_q_company_city_whole/20260723-171749/events.jsonl: OK
results/formal_runs/synbios_moe/results/multi5_permute_fsdp_4gpu/probe_pipeline/pilot/validation/operation_logs/synbios_q_probe_validation_q_company_city_whole/20260723-171749/events.out.tfevents.1784798269.ml-ubuntu22-04-desktop-v3-2-128gb-25m.90645.0: OK
results/formal_runs/synbios_moe/results/multi5_permute_fsdp_4gpu/probe_pipeline/pilot/validation/operation_logs/synbios_q_probe_validation_q_company_first/20260723-171652/events.jsonl: OK
results/formal_runs/synbios_moe/results/multi5_permute_fsdp_4gpu/probe_pipeline/pilot/validation/operation_logs/synbios_q_probe_validation_q_company_first/20260723-171652/events.out.tfevents.1784798212.ml-ubuntu22-04-desktop-v3-2-128gb-25m.89793.0: OK
results/formal_runs/synbios_moe/results/multi5_permute_fsdp_4gpu/probe_pipeline/pilot/validation/operation_logs/synbios_q_probe_validation_q_company_whole/20260723-171708/events.jsonl: OK
results/formal_runs/synbios_moe/results/multi5_permute_fsdp_4gpu/probe_pipeline/pilot/validation/operation_logs/synbios_q_probe_validation_q_company_whole/20260723-171708/events.out.tfevents.1784798228.ml-ubuntu22-04-desktop-v3-2-128gb-25m.89985.0: OK
results/formal_runs/synbios_moe/results/multi5_permute_fsdp_4gpu/probe_pipeline/pilot/validation/operation_logs/synbios_q_probe_validation_q_major_first/20260723-171338/events.jsonl: OK
results/formal_runs/synbios_moe/results/multi5_permute_fsdp_4gpu/probe_pipeline/pilot/validation/operation_logs/synbios_q_probe_validation_q_major_first/20260723-171338/events.out.tfevents.1784798018.ml-ubuntu22-04-desktop-v3-2-128gb-25m.88442.0: OK
results/formal_runs/synbios_moe/results/multi5_permute_fsdp_4gpu/probe_pipeline/pilot/validation/operation_logs/synbios_q_probe_validation_q_major_whole/20260723-171354/events.jsonl: OK
results/formal_runs/synbios_moe/results/multi5_permute_fsdp_4gpu/probe_pipeline/pilot/validation/operation_logs/synbios_q_probe_validation_q_major_whole/20260723-171354/events.out.tfevents.1784798034.ml-ubuntu22-04-desktop-v3-2-128gb-25m.88709.0: OK
results/formal_runs/synbios_moe/results/multi5_permute_fsdp_4gpu/probe_pipeline/pilot/validation/operation_logs/synbios_q_probe_validation_q_university_first/20260723-171305/events.jsonl: OK
results/formal_runs/synbios_moe/results/multi5_permute_fsdp_4gpu/probe_pipeline/pilot/validation/operation_logs/synbios_q_probe_validation_q_university_first/20260723-171305/events.out.tfevents.1784797985.ml-ubuntu22-04-desktop-v3-2-128gb-25m.87934.0: OK
results/formal_runs/synbios_moe/results/multi5_permute_fsdp_4gpu/probe_pipeline/pilot/validation/operation_logs/synbios_q_probe_validation_q_university_whole/20260723-171322/events.jsonl: OK
results/formal_runs/synbios_moe/results/multi5_permute_fsdp_4gpu/probe_pipeline/pilot/validation/operation_logs/synbios_q_probe_validation_q_university_whole/20260723-171322/events.out.tfevents.1784798002.ml-ubuntu22-04-desktop-v3-2-128gb-25m.88190.0: OK
results/formal_runs/synbios_moe/results/multi5_permute_fsdp_4gpu/probe_pipeline/pilot/validation/p_birth_city_first.json: OK
results/formal_runs/synbios_moe/results/multi5_permute_fsdp_4gpu/probe_pipeline/pilot/validation/p_birth_city_whole.json: OK
results/formal_runs/synbios_moe/results/multi5_permute_fsdp_4gpu/probe_pipeline/pilot/validation/p_birth_date_first.json: OK
results/formal_runs/synbios_moe/results/multi5_permute_fsdp_4gpu/probe_pipeline/pilot/validation/p_company_city_first.json: OK
results/formal_runs/synbios_moe/results/multi5_permute_fsdp_4gpu/probe_pipeline/pilot/validation/p_company_city_whole.json: OK
results/formal_runs/synbios_moe/results/multi5_permute_fsdp_4gpu/probe_pipeline/pilot/validation/p_company_first.json: OK
results/formal_runs/synbios_moe/results/multi5_permute_fsdp_4gpu/probe_pipeline/pilot/validation/p_company_whole.json: OK
results/formal_runs/synbios_moe/results/multi5_permute_fsdp_4gpu/probe_pipeline/pilot/validation/p_major_first.json: OK
results/formal_runs/synbios_moe/results/multi5_permute_fsdp_4gpu/probe_pipeline/pilot/validation/p_major_whole.json: OK
results/formal_runs/synbios_moe/results/multi5_permute_fsdp_4gpu/probe_pipeline/pilot/validation/p_university_first.json: OK
results/formal_runs/synbios_moe/results/multi5_permute_fsdp_4gpu/probe_pipeline/pilot/validation/p_university_whole.json: OK
results/formal_runs/synbios_moe/results/multi5_permute_fsdp_4gpu/probe_pipeline/pilot/validation/q_birth_city_first.json: OK
results/formal_runs/synbios_moe/results/multi5_permute_fsdp_4gpu/probe_pipeline/pilot/validation/q_birth_city_whole.json: OK
results/formal_runs/synbios_moe/results/multi5_permute_fsdp_4gpu/probe_pipeline/pilot/validation/q_birth_date_first.json: OK
results/formal_runs/synbios_moe/results/multi5_permute_fsdp_4gpu/probe_pipeline/pilot/validation/q_company_city_first.json: OK
results/formal_runs/synbios_moe/results/multi5_permute_fsdp_4gpu/probe_pipeline/pilot/validation/q_company_city_whole.json: OK
results/formal_runs/synbios_moe/results/multi5_permute_fsdp_4gpu/probe_pipeline/pilot/validation/q_company_first.json: OK
results/formal_runs/synbios_moe/results/multi5_permute_fsdp_4gpu/probe_pipeline/pilot/validation/q_company_whole.json: OK
results/formal_runs/synbios_moe/results/multi5_permute_fsdp_4gpu/probe_pipeline/pilot/validation/q_major_first.json: OK
results/formal_runs/synbios_moe/results/multi5_permute_fsdp_4gpu/probe_pipeline/pilot/validation/q_major_whole.json: OK
results/formal_runs/synbios_moe/results/multi5_permute_fsdp_4gpu/probe_pipeline/pilot/validation/q_university_first.json: OK
results/formal_runs/synbios_moe/results/multi5_permute_fsdp_4gpu/probe_pipeline/pilot/validation/q_university_whole.json: OK
results/formal_runs/synbios_moe/results/multi5_permute_fsdp_4gpu/probe_pipeline/pretrain_gate.json: OK
results/formal_runs/synbios_moe/results/multi5_permute_fsdp_4gpu/probe_pipeline/smoke/logs/train_p_university_whole.log: OK
results/formal_runs/synbios_moe/results/multi5_permute_fsdp_4gpu/probe_pipeline/smoke/logs/train_q_university_whole.log: OK
results/formal_runs/synbios_moe/results/multi5_permute_fsdp_4gpu/probe_pipeline/smoke/logs/validation_p_university_whole.log: OK
results/formal_runs/synbios_moe/results/multi5_permute_fsdp_4gpu/probe_pipeline/smoke/logs/validation_q_university_whole.log: OK
results/formal_runs/synbios_moe/results/multi5_permute_fsdp_4gpu/probe_pipeline/smoke/operation_logs/synbios_probe_pipeline_probe_pipeline/20260723-142057/events.jsonl: OK
results/formal_runs/synbios_moe/results/multi5_permute_fsdp_4gpu/probe_pipeline/smoke/operation_logs/synbios_probe_pipeline_probe_pipeline/20260723-142057/events.out.tfevents.1784787657.ml-ubuntu22-04-desktop-v3-2-128gb-25m.25837.0: OK
results/formal_runs/synbios_moe/results/multi5_permute_fsdp_4gpu/probe_pipeline/smoke/pipeline.json: OK
results/formal_runs/synbios_moe/results/multi5_permute_fsdp_4gpu/probe_pipeline/smoke/pipeline_events.jsonl: OK
results/formal_runs/synbios_moe/results/multi5_permute_fsdp_4gpu/probe_pipeline/smoke/summary/summary.csv: OK
results/formal_runs/synbios_moe/results/multi5_permute_fsdp_4gpu/probe_pipeline/smoke/summary/summary.json: OK
results/formal_runs/synbios_moe/results/multi5_permute_fsdp_4gpu/probe_pipeline/smoke/training/operation_logs/synbios_p_probe_p_university_whole/20260723-142428/events.jsonl: OK
results/formal_runs/synbios_moe/results/multi5_permute_fsdp_4gpu/probe_pipeline/smoke/training/operation_logs/synbios_p_probe_p_university_whole/20260723-142428/events.out.tfevents.1784787868.ml-ubuntu22-04-desktop-v3-2-128gb-25m.26986.0: OK
results/formal_runs/synbios_moe/results/multi5_permute_fsdp_4gpu/probe_pipeline/smoke/training/operation_logs/synbios_q_probe_q_university_whole/20260723-142428/events.jsonl: OK
results/formal_runs/synbios_moe/results/multi5_permute_fsdp_4gpu/probe_pipeline/smoke/training/operation_logs/synbios_q_probe_q_university_whole/20260723-142428/events.out.tfevents.1784787868.ml-ubuntu22-04-desktop-v3-2-128gb-25m.26987.0: OK
results/formal_runs/synbios_moe/results/multi5_permute_fsdp_4gpu/probe_pipeline/smoke/training/p_university_whole.json: OK
results/formal_runs/synbios_moe/results/multi5_permute_fsdp_4gpu/probe_pipeline/smoke/training/q_university_whole.json: OK
results/formal_runs/synbios_moe/results/multi5_permute_fsdp_4gpu/probe_pipeline/smoke/validation/operation_logs/synbios_p_probe_validation_p_university_whole/20260723-142948/events.jsonl: OK
results/formal_runs/synbios_moe/results/multi5_permute_fsdp_4gpu/probe_pipeline/smoke/validation/operation_logs/synbios_p_probe_validation_p_university_whole/20260723-142948/events.out.tfevents.1784788188.ml-ubuntu22-04-desktop-v3-2-128gb-25m.28991.0: OK
results/formal_runs/synbios_moe/results/multi5_permute_fsdp_4gpu/probe_pipeline/smoke/validation/operation_logs/synbios_q_probe_validation_q_university_whole/20260723-142948/events.jsonl: OK
results/formal_runs/synbios_moe/results/multi5_permute_fsdp_4gpu/probe_pipeline/smoke/validation/operation_logs/synbios_q_probe_validation_q_university_whole/20260723-142948/events.out.tfevents.1784788188.ml-ubuntu22-04-desktop-v3-2-128gb-25m.28992.0: OK
results/formal_runs/synbios_moe/results/multi5_permute_fsdp_4gpu/probe_pipeline/smoke/validation/p_university_whole.json: OK
results/formal_runs/synbios_moe/results/multi5_permute_fsdp_4gpu/probe_pipeline/smoke/validation/q_university_whole.json: OK
results/formal_runs/synbios_moe/results/probe_pilot_comparison/comparison.csv: OK
results/formal_runs/synbios_moe/results/probe_pilot_comparison/summary.csv: OK
results/formal_runs/synbios_moe/results/probe_pilot_comparison/summary.json: OK
results/formal_runs/synbios_moe/results/probe_pilot_comparison_20260723/comparison.csv: OK
results/formal_runs/synbios_moe/results/probe_pilot_comparison_20260723/summary.csv: OK
results/formal_runs/synbios_moe/results/probe_pilot_comparison_20260723/summary.json: OK
results/formal_runs/synbios_moe/results/repository_audit_20260724/dataset_lineage.json: OK
results/formal_runs/synbios_moe/results/repository_audit_20260724/log_catalog.csv: OK
results/formal_runs/synbios_moe/results/repository_audit_20260724/path_contract.json: OK
results/formal_runs/synbios_moe/results/repository_audit_20260724/summary.json: OK
results/formal_runs/synbios_moe/results/single_cloze_eval/full_100k/operation_logs/synbios_cloze_evaluate_shard_0/20260721-135754/events.jsonl: OK
results/formal_runs/synbios_moe/results/single_cloze_eval/full_100k/operation_logs/synbios_cloze_evaluate_shard_0/20260721-135754/events.out.tfevents.1784613474.ml-ubuntu22-04-desktop-v3-2-128gb-25m.23098.0: OK
results/formal_runs/synbios_moe/results/single_cloze_eval/full_100k/operation_logs/synbios_cloze_evaluate_shard_1/20260721-135754/events.jsonl: OK
results/formal_runs/synbios_moe/results/single_cloze_eval/full_100k/operation_logs/synbios_cloze_evaluate_shard_1/20260721-135754/events.out.tfevents.1784613474.ml-ubuntu22-04-desktop-v3-2-128gb-25m.23101.0: OK
results/formal_runs/synbios_moe/results/single_cloze_eval/full_100k/operation_logs/synbios_cloze_evaluate_shard_1/20260721-140820/events.jsonl: OK
results/formal_runs/synbios_moe/results/single_cloze_eval/full_100k/operation_logs/synbios_cloze_evaluate_shard_1/20260721-140820/events.out.tfevents.1784614100.ml-ubuntu22-04-desktop-v3-2-128gb-25m.27271.0: OK
results/formal_runs/synbios_moe/results/single_cloze_eval/full_100k/operation_logs/synbios_cloze_evaluate_shard_2/20260721-135754/events.jsonl: OK
results/formal_runs/synbios_moe/results/single_cloze_eval/full_100k/operation_logs/synbios_cloze_evaluate_shard_2/20260721-135754/events.out.tfevents.1784613474.ml-ubuntu22-04-desktop-v3-2-128gb-25m.23104.0: OK
results/formal_runs/synbios_moe/results/single_cloze_eval/full_100k/operation_logs/synbios_cloze_evaluate_shard_2/20260721-140820/events.jsonl: OK
results/formal_runs/synbios_moe/results/single_cloze_eval/full_100k/operation_logs/synbios_cloze_evaluate_shard_2/20260721-140820/events.out.tfevents.1784614100.ml-ubuntu22-04-desktop-v3-2-128gb-25m.27274.0: OK
results/formal_runs/synbios_moe/results/single_cloze_eval/full_100k/operation_logs/synbios_cloze_evaluate_shard_3/20260721-135754/events.jsonl: OK
results/formal_runs/synbios_moe/results/single_cloze_eval/full_100k/operation_logs/synbios_cloze_evaluate_shard_3/20260721-135754/events.out.tfevents.1784613474.ml-ubuntu22-04-desktop-v3-2-128gb-25m.23107.0: OK
results/formal_runs/synbios_moe/results/single_cloze_eval/full_100k/operation_logs/synbios_cloze_evaluate_shard_3/20260721-140820/events.jsonl: OK
results/formal_runs/synbios_moe/results/single_cloze_eval/full_100k/operation_logs/synbios_cloze_evaluate_shard_3/20260721-140820/events.out.tfevents.1784614100.ml-ubuntu22-04-desktop-v3-2-128gb-25m.27277.0: OK
results/formal_runs/synbios_moe/results/single_cloze_eval/full_100k/shard_0.json: OK
results/formal_runs/synbios_moe/results/single_cloze_eval/full_100k/shard_1.json: OK
results/formal_runs/synbios_moe/results/single_cloze_eval/full_100k/shard_1_duplicate_range0_r1.json: OK
results/formal_runs/synbios_moe/results/single_cloze_eval/full_100k/shard_2.json: OK
results/formal_runs/synbios_moe/results/single_cloze_eval/full_100k/shard_2_duplicate_range0_r1.json: OK
results/formal_runs/synbios_moe/results/single_cloze_eval/full_100k/shard_3.json: OK
results/formal_runs/synbios_moe/results/single_cloze_eval/full_100k/shard_3_duplicate_range0_r1.json: OK
results/formal_runs/synbios_moe/results/single_cloze_eval/full_100k/summary.json: OK
results/formal_runs/synbios_moe/results/single_cloze_eval/operation_logs/synbios_cloze_evaluate_pilot_1000/20260721-134624/events.jsonl: OK
results/formal_runs/synbios_moe/results/single_cloze_eval/operation_logs/synbios_cloze_evaluate_pilot_1000/20260721-134624/events.out.tfevents.1784612784.ml-ubuntu22-04-desktop-v3-2-128gb-25m.18776.0: OK
results/formal_runs/synbios_moe/results/single_cloze_eval/operation_logs/synbios_cloze_evaluate_pilot_1000/20260721-134936/events.jsonl: OK
results/formal_runs/synbios_moe/results/single_cloze_eval/operation_logs/synbios_cloze_evaluate_pilot_1000/20260721-134936/events.out.tfevents.1784612976.ml-ubuntu22-04-desktop-v3-2-128gb-25m.20064.0: OK
results/formal_runs/synbios_moe/results/single_cloze_eval/operation_logs/synbios_cloze_evaluate_pilot_1000/20260721-135049/events.jsonl: OK
results/formal_runs/synbios_moe/results/single_cloze_eval/operation_logs/synbios_cloze_evaluate_pilot_1000/20260721-135049/events.out.tfevents.1784613049.ml-ubuntu22-04-desktop-v3-2-128gb-25m.20829.0: OK
results/formal_runs/synbios_moe/results/single_cloze_eval/operation_logs/synbios_cloze_evaluate_pilot_1000/20260721-135404/events.jsonl: OK
results/formal_runs/synbios_moe/results/single_cloze_eval/operation_logs/synbios_cloze_evaluate_pilot_1000/20260721-135404/events.out.tfevents.1784613245.ml-ubuntu22-04-desktop-v3-2-128gb-25m.21840.0: OK
results/formal_runs/synbios_moe/results/single_cloze_eval/pilot_1000.json: OK
results/formal_runs/synbios_moe/results/single_cloze_eval/pilot_1000_period_delimiter_r3.json: OK
results/formal_runs/synbios_moe/results/single_fsdp_4gpu/probe_pipeline/formal/logs/train_p_birth_city_first.log: OK
results/formal_runs/synbios_moe/results/single_fsdp_4gpu/probe_pipeline/formal/logs/train_p_birth_city_whole.log: OK
results/formal_runs/synbios_moe/results/single_fsdp_4gpu/probe_pipeline/formal/logs/train_p_birth_date_first.log: OK
results/formal_runs/synbios_moe/results/single_fsdp_4gpu/probe_pipeline/formal/logs/train_p_company_city_first.log: OK
results/formal_runs/synbios_moe/results/single_fsdp_4gpu/probe_pipeline/formal/logs/train_p_company_city_whole.log: OK
results/formal_runs/synbios_moe/results/single_fsdp_4gpu/probe_pipeline/formal/logs/train_p_company_first.log: OK
results/formal_runs/synbios_moe/results/single_fsdp_4gpu/probe_pipeline/formal/logs/train_p_company_whole.log: OK
results/formal_runs/synbios_moe/results/single_fsdp_4gpu/probe_pipeline/formal/logs/train_p_major_first.log: OK
results/formal_runs/synbios_moe/results/single_fsdp_4gpu/probe_pipeline/formal/logs/train_p_major_whole.log: OK
results/formal_runs/synbios_moe/results/single_fsdp_4gpu/probe_pipeline/formal/logs/train_p_university_first.log: OK
results/formal_runs/synbios_moe/results/single_fsdp_4gpu/probe_pipeline/formal/logs/train_p_university_whole.log: OK
results/formal_runs/synbios_moe/results/single_fsdp_4gpu/probe_pipeline/formal/logs/train_q_birth_city_first.log: OK
results/formal_runs/synbios_moe/results/single_fsdp_4gpu/probe_pipeline/formal/logs/train_q_birth_city_whole.log: OK
results/formal_runs/synbios_moe/results/single_fsdp_4gpu/probe_pipeline/formal/logs/train_q_birth_date_first.log: OK
results/formal_runs/synbios_moe/results/single_fsdp_4gpu/probe_pipeline/formal/logs/train_q_company_city_first.log: OK
results/formal_runs/synbios_moe/results/single_fsdp_4gpu/probe_pipeline/formal/logs/train_q_company_city_whole.log: OK
results/formal_runs/synbios_moe/results/single_fsdp_4gpu/probe_pipeline/formal/logs/train_q_company_first.log: OK
results/formal_runs/synbios_moe/results/single_fsdp_4gpu/probe_pipeline/formal/logs/train_q_company_whole.log: OK
results/formal_runs/synbios_moe/results/single_fsdp_4gpu/probe_pipeline/formal/logs/train_q_major_first.log: OK
results/formal_runs/synbios_moe/results/single_fsdp_4gpu/probe_pipeline/formal/logs/train_q_major_whole.log: OK
results/formal_runs/synbios_moe/results/single_fsdp_4gpu/probe_pipeline/formal/logs/train_q_university_first.log: OK
results/formal_runs/synbios_moe/results/single_fsdp_4gpu/probe_pipeline/formal/logs/train_q_university_whole.log: OK
results/formal_runs/synbios_moe/results/single_fsdp_4gpu/probe_pipeline/formal/logs/validation_p_birth_city_first.log: OK
results/formal_runs/synbios_moe/results/single_fsdp_4gpu/probe_pipeline/formal/logs/validation_p_birth_city_whole.log: OK
results/formal_runs/synbios_moe/results/single_fsdp_4gpu/probe_pipeline/formal/logs/validation_p_birth_date_first.log: OK
results/formal_runs/synbios_moe/results/single_fsdp_4gpu/probe_pipeline/formal/logs/validation_p_company_city_first.log: OK
results/formal_runs/synbios_moe/results/single_fsdp_4gpu/probe_pipeline/formal/logs/validation_p_company_city_whole.log: OK
results/formal_runs/synbios_moe/results/single_fsdp_4gpu/probe_pipeline/formal/logs/validation_p_company_first.log: OK
results/formal_runs/synbios_moe/results/single_fsdp_4gpu/probe_pipeline/formal/logs/validation_p_company_whole.log: OK
results/formal_runs/synbios_moe/results/single_fsdp_4gpu/probe_pipeline/formal/logs/validation_p_major_first.log: OK
results/formal_runs/synbios_moe/results/single_fsdp_4gpu/probe_pipeline/formal/logs/validation_p_major_whole.log: OK
results/formal_runs/synbios_moe/results/single_fsdp_4gpu/probe_pipeline/formal/logs/validation_p_university_first.log: OK
results/formal_runs/synbios_moe/results/single_fsdp_4gpu/probe_pipeline/formal/logs/validation_p_university_whole.log: OK
results/formal_runs/synbios_moe/results/single_fsdp_4gpu/probe_pipeline/formal/logs/validation_q_birth_city_first.log: OK
results/formal_runs/synbios_moe/results/single_fsdp_4gpu/probe_pipeline/formal/logs/validation_q_birth_city_whole.log: OK
results/formal_runs/synbios_moe/results/single_fsdp_4gpu/probe_pipeline/formal/logs/validation_q_birth_date_first.log: OK
results/formal_runs/synbios_moe/results/single_fsdp_4gpu/probe_pipeline/formal/logs/validation_q_company_city_first.log: OK
results/formal_runs/synbios_moe/results/single_fsdp_4gpu/probe_pipeline/formal/logs/validation_q_company_city_whole.log: OK
results/formal_runs/synbios_moe/results/single_fsdp_4gpu/probe_pipeline/formal/logs/validation_q_company_first.log: OK
results/formal_runs/synbios_moe/results/single_fsdp_4gpu/probe_pipeline/formal/logs/validation_q_company_whole.log: OK
results/formal_runs/synbios_moe/results/single_fsdp_4gpu/probe_pipeline/formal/logs/validation_q_major_first.log: OK
results/formal_runs/synbios_moe/results/single_fsdp_4gpu/probe_pipeline/formal/logs/validation_q_major_whole.log: OK
results/formal_runs/synbios_moe/results/single_fsdp_4gpu/probe_pipeline/formal/logs/validation_q_university_first.log: OK
results/formal_runs/synbios_moe/results/single_fsdp_4gpu/probe_pipeline/formal/logs/validation_q_university_whole.log: OK
results/formal_runs/synbios_moe/results/single_fsdp_4gpu/probe_pipeline/formal/operation_logs/synbios_probe_pipeline_probe_pipeline/20260723-175500/events.jsonl: OK
results/formal_runs/synbios_moe/results/single_fsdp_4gpu/probe_pipeline/formal/operation_logs/synbios_probe_pipeline_probe_pipeline/20260723-175500/events.out.tfevents.1784800500.ml-ubuntu22-04-desktop-v3-2-128gb-25m.104616.0: OK
results/formal_runs/synbios_moe/results/single_fsdp_4gpu/probe_pipeline/formal/pipeline.json: OK
results/formal_runs/synbios_moe/results/single_fsdp_4gpu/probe_pipeline/formal/pipeline_events.jsonl: OK
results/formal_runs/synbios_moe/results/single_fsdp_4gpu/probe_pipeline/formal/router/birth_city.json: OK
results/formal_runs/synbios_moe/results/single_fsdp_4gpu/probe_pipeline/formal/router/birth_date.json: OK
results/formal_runs/synbios_moe/results/single_fsdp_4gpu/probe_pipeline/formal/router/company.json: OK
results/formal_runs/synbios_moe/results/single_fsdp_4gpu/probe_pipeline/formal/router/company_city.json: OK
results/formal_runs/synbios_moe/results/single_fsdp_4gpu/probe_pipeline/formal/router/major.json: OK
results/formal_runs/synbios_moe/results/single_fsdp_4gpu/probe_pipeline/formal/router/operation_logs/synbios_analyze_birth_city/20260723-205802/events.jsonl: OK
results/formal_runs/synbios_moe/results/single_fsdp_4gpu/probe_pipeline/formal/router/operation_logs/synbios_analyze_birth_city/20260723-205802/events.out.tfevents.1784811482.ml-ubuntu22-04-desktop-v3-2-128gb-25m.156280.0: OK
results/formal_runs/synbios_moe/results/single_fsdp_4gpu/probe_pipeline/formal/router/operation_logs/synbios_analyze_birth_date/20260723-205752/events.jsonl: OK
results/formal_runs/synbios_moe/results/single_fsdp_4gpu/probe_pipeline/formal/router/operation_logs/synbios_analyze_birth_date/20260723-205752/events.out.tfevents.1784811472.ml-ubuntu22-04-desktop-v3-2-128gb-25m.156092.0: OK
results/formal_runs/synbios_moe/results/single_fsdp_4gpu/probe_pipeline/formal/router/operation_logs/synbios_analyze_company/20260723-205827/events.jsonl: OK
results/formal_runs/synbios_moe/results/single_fsdp_4gpu/probe_pipeline/formal/router/operation_logs/synbios_analyze_company/20260723-205827/events.out.tfevents.1784811507.ml-ubuntu22-04-desktop-v3-2-128gb-25m.156812.0: OK
results/formal_runs/synbios_moe/results/single_fsdp_4gpu/probe_pipeline/formal/router/operation_logs/synbios_analyze_company_city/20260723-205836/events.jsonl: OK
results/formal_runs/synbios_moe/results/single_fsdp_4gpu/probe_pipeline/formal/router/operation_logs/synbios_analyze_company_city/20260723-205836/events.out.tfevents.1784811516.ml-ubuntu22-04-desktop-v3-2-128gb-25m.156963.0: OK
results/formal_runs/synbios_moe/results/single_fsdp_4gpu/probe_pipeline/formal/router/operation_logs/synbios_analyze_major/20260723-205819/events.jsonl: OK
results/formal_runs/synbios_moe/results/single_fsdp_4gpu/probe_pipeline/formal/router/operation_logs/synbios_analyze_major/20260723-205819/events.out.tfevents.1784811499.ml-ubuntu22-04-desktop-v3-2-128gb-25m.156627.0: OK
results/formal_runs/synbios_moe/results/single_fsdp_4gpu/probe_pipeline/formal/router/operation_logs/synbios_analyze_university/20260723-205810/events.jsonl: OK
results/formal_runs/synbios_moe/results/single_fsdp_4gpu/probe_pipeline/formal/router/operation_logs/synbios_analyze_university/20260723-205810/events.out.tfevents.1784811490.ml-ubuntu22-04-desktop-v3-2-128gb-25m.156456.0: OK
results/formal_runs/synbios_moe/results/single_fsdp_4gpu/probe_pipeline/formal/router/university.json: OK
results/formal_runs/synbios_moe/results/single_fsdp_4gpu/probe_pipeline/formal/summary/single_formal_probe_overview.png: OK
results/formal_runs/synbios_moe/results/single_fsdp_4gpu/probe_pipeline/formal/summary/summary.csv: OK
results/formal_runs/synbios_moe/results/single_fsdp_4gpu/probe_pipeline/formal/summary/summary.json: OK
results/formal_runs/synbios_moe/results/single_fsdp_4gpu/probe_pipeline/formal/training/operation_logs/synbios_p_probe_p_birth_city_first/20260723-175503/events.jsonl: OK
results/formal_runs/synbios_moe/results/single_fsdp_4gpu/probe_pipeline/formal/training/operation_logs/synbios_p_probe_p_birth_city_first/20260723-175503/events.out.tfevents.1784800503.ml-ubuntu22-04-desktop-v3-2-128gb-25m.104701.0: OK
results/formal_runs/synbios_moe/results/single_fsdp_4gpu/probe_pipeline/formal/training/operation_logs/synbios_p_probe_p_birth_city_whole/20260723-181005/events.jsonl: OK
results/formal_runs/synbios_moe/results/single_fsdp_4gpu/probe_pipeline/formal/training/operation_logs/synbios_p_probe_p_birth_city_whole/20260723-181005/events.out.tfevents.1784801405.ml-ubuntu22-04-desktop-v3-2-128gb-25m.109270.0: OK
results/formal_runs/synbios_moe/results/single_fsdp_4gpu/probe_pipeline/formal/training/operation_logs/synbios_p_probe_p_birth_date_first/20260723-175503/events.jsonl: OK
results/formal_runs/synbios_moe/results/single_fsdp_4gpu/probe_pipeline/formal/training/operation_logs/synbios_p_probe_p_birth_date_first/20260723-175503/events.out.tfevents.1784800503.ml-ubuntu22-04-desktop-v3-2-128gb-25m.104699.0: OK
results/formal_runs/synbios_moe/results/single_fsdp_4gpu/probe_pipeline/formal/training/operation_logs/synbios_p_probe_p_company_city_first/20260723-195504/events.jsonl: OK
results/formal_runs/synbios_moe/results/single_fsdp_4gpu/probe_pipeline/formal/training/operation_logs/synbios_p_probe_p_company_city_first/20260723-195504/events.out.tfevents.1784807704.ml-ubuntu22-04-desktop-v3-2-128gb-25m.135135.0: OK
results/formal_runs/synbios_moe/results/single_fsdp_4gpu/probe_pipeline/formal/training/operation_logs/synbios_p_probe_p_company_city_whole/20260723-201006/events.jsonl: OK
results/formal_runs/synbios_moe/results/single_fsdp_4gpu/probe_pipeline/formal/training/operation_logs/synbios_p_probe_p_company_city_whole/20260723-201006/events.out.tfevents.1784808606.ml-ubuntu22-04-desktop-v3-2-128gb-25m.139353.0: OK
results/formal_runs/synbios_moe/results/single_fsdp_4gpu/probe_pipeline/formal/training/operation_logs/synbios_p_probe_p_company_first/20260723-191225/events.jsonl: OK
results/formal_runs/synbios_moe/results/single_fsdp_4gpu/probe_pipeline/formal/training/operation_logs/synbios_p_probe_p_company_first/20260723-191225/events.out.tfevents.1784805146.ml-ubuntu22-04-desktop-v3-2-128gb-25m.125856.0: OK
results/formal_runs/synbios_moe/results/single_fsdp_4gpu/probe_pipeline/formal/training/operation_logs/synbios_p_probe_p_company_whole/20260723-192742/events.jsonl: OK
results/formal_runs/synbios_moe/results/single_fsdp_4gpu/probe_pipeline/formal/training/operation_logs/synbios_p_probe_p_company_whole/20260723-192742/events.out.tfevents.1784806062.ml-ubuntu22-04-desktop-v3-2-128gb-25m.129299.0: OK
results/formal_runs/synbios_moe/results/single_fsdp_4gpu/probe_pipeline/formal/training/operation_logs/synbios_p_probe_p_major_first/20260723-185452/events.jsonl: OK
results/formal_runs/synbios_moe/results/single_fsdp_4gpu/probe_pipeline/formal/training/operation_logs/synbios_p_probe_p_major_first/20260723-185452/events.out.tfevents.1784804092.ml-ubuntu22-04-desktop-v3-2-128gb-25m.121841.0: OK
results/formal_runs/synbios_moe/results/single_fsdp_4gpu/probe_pipeline/formal/training/operation_logs/synbios_p_probe_p_major_whole/20260723-191024/events.jsonl: OK
results/formal_runs/synbios_moe/results/single_fsdp_4gpu/probe_pipeline/formal/training/operation_logs/synbios_p_probe_p_major_whole/20260723-191024/events.out.tfevents.1784805024.ml-ubuntu22-04-desktop-v3-2-128gb-25m.125245.0: OK
results/formal_runs/synbios_moe/results/single_fsdp_4gpu/probe_pipeline/formal/training/operation_logs/synbios_p_probe_p_university_first/20260723-181100/events.jsonl: OK
results/formal_runs/synbios_moe/results/single_fsdp_4gpu/probe_pipeline/formal/training/operation_logs/synbios_p_probe_p_university_first/20260723-181100/events.out.tfevents.1784801461.ml-ubuntu22-04-desktop-v3-2-128gb-25m.109871.0: OK
results/formal_runs/synbios_moe/results/single_fsdp_4gpu/probe_pipeline/formal/training/operation_logs/synbios_p_probe_p_university_whole/20260723-182631/events.jsonl: OK
results/formal_runs/synbios_moe/results/single_fsdp_4gpu/probe_pipeline/formal/training/operation_logs/synbios_p_probe_p_university_whole/20260723-182631/events.out.tfevents.1784802391.ml-ubuntu22-04-desktop-v3-2-128gb-25m.113520.0: OK
results/formal_runs/synbios_moe/results/single_fsdp_4gpu/probe_pipeline/formal/training/operation_logs/synbios_q_probe_q_birth_city_first/20260723-175504/events.jsonl: OK
results/formal_runs/synbios_moe/results/single_fsdp_4gpu/probe_pipeline/formal/training/operation_logs/synbios_q_probe_q_birth_city_first/20260723-175504/events.out.tfevents.1784800504.ml-ubuntu22-04-desktop-v3-2-128gb-25m.104702.0: OK
results/formal_runs/synbios_moe/results/single_fsdp_4gpu/probe_pipeline/formal/training/operation_logs/synbios_q_probe_q_birth_city_whole/20260723-181019/events.jsonl: OK
results/formal_runs/synbios_moe/results/single_fsdp_4gpu/probe_pipeline/formal/training/operation_logs/synbios_q_probe_q_birth_city_whole/20260723-181019/events.out.tfevents.1784801419.ml-ubuntu22-04-desktop-v3-2-128gb-25m.109425.0: OK
results/formal_runs/synbios_moe/results/single_fsdp_4gpu/probe_pipeline/formal/training/operation_logs/synbios_q_probe_q_birth_date_first/20260723-175504/events.jsonl: OK
results/formal_runs/synbios_moe/results/single_fsdp_4gpu/probe_pipeline/formal/training/operation_logs/synbios_q_probe_q_birth_date_first/20260723-175504/events.out.tfevents.1784800504.ml-ubuntu22-04-desktop-v3-2-128gb-25m.104700.0: OK
results/formal_runs/synbios_moe/results/single_fsdp_4gpu/probe_pipeline/formal/training/operation_logs/synbios_q_probe_q_company_city_first/20260723-195510/events.jsonl: OK
results/formal_runs/synbios_moe/results/single_fsdp_4gpu/probe_pipeline/formal/training/operation_logs/synbios_q_probe_q_company_city_first/20260723-195510/events.out.tfevents.1784807710.ml-ubuntu22-04-desktop-v3-2-128gb-25m.135246.0: OK
results/formal_runs/synbios_moe/results/single_fsdp_4gpu/probe_pipeline/formal/training/operation_logs/synbios_q_probe_q_company_city_whole/20260723-201026/events.jsonl: OK
results/formal_runs/synbios_moe/results/single_fsdp_4gpu/probe_pipeline/formal/training/operation_logs/synbios_q_probe_q_company_city_whole/20260723-201026/events.out.tfevents.1784808626.ml-ubuntu22-04-desktop-v3-2-128gb-25m.139516.0: OK
results/formal_runs/synbios_moe/results/single_fsdp_4gpu/probe_pipeline/formal/training/operation_logs/synbios_q_probe_q_company_first/20260723-191246/events.jsonl: OK
results/formal_runs/synbios_moe/results/single_fsdp_4gpu/probe_pipeline/formal/training/operation_logs/synbios_q_probe_q_company_first/20260723-191246/events.out.tfevents.1784805166.ml-ubuntu22-04-desktop-v3-2-128gb-25m.126019.0: OK
results/formal_runs/synbios_moe/results/single_fsdp_4gpu/probe_pipeline/formal/training/operation_logs/synbios_q_probe_q_company_whole/20260723-192744/events.jsonl: OK
results/formal_runs/synbios_moe/results/single_fsdp_4gpu/probe_pipeline/formal/training/operation_logs/synbios_q_probe_q_company_whole/20260723-192744/events.out.tfevents.1784806064.ml-ubuntu22-04-desktop-v3-2-128gb-25m.129355.0: OK
results/formal_runs/synbios_moe/results/single_fsdp_4gpu/probe_pipeline/formal/training/operation_logs/synbios_q_probe_q_major_first/20260723-185737/events.jsonl: OK
results/formal_runs/synbios_moe/results/single_fsdp_4gpu/probe_pipeline/formal/training/operation_logs/synbios_q_probe_q_major_first/20260723-185737/events.out.tfevents.1784804257.ml-ubuntu22-04-desktop-v3-2-128gb-25m.122517.0: OK
results/formal_runs/synbios_moe/results/single_fsdp_4gpu/probe_pipeline/formal/training/operation_logs/synbios_q_probe_q_major_whole/20260723-191052/events.jsonl: OK
results/formal_runs/synbios_moe/results/single_fsdp_4gpu/probe_pipeline/formal/training/operation_logs/synbios_q_probe_q_major_whole/20260723-191052/events.out.tfevents.1784805052.ml-ubuntu22-04-desktop-v3-2-128gb-25m.125436.0: OK
results/formal_runs/synbios_moe/results/single_fsdp_4gpu/probe_pipeline/formal/training/operation_logs/synbios_q_probe_q_university_first/20260723-181115/events.jsonl: OK
results/formal_runs/synbios_moe/results/single_fsdp_4gpu/probe_pipeline/formal/training/operation_logs/synbios_q_probe_q_university_first/20260723-181115/events.out.tfevents.1784801475.ml-ubuntu22-04-desktop-v3-2-128gb-25m.110038.0: OK
results/formal_runs/synbios_moe/results/single_fsdp_4gpu/probe_pipeline/formal/training/operation_logs/synbios_q_probe_q_university_whole/20260723-182658/events.jsonl: OK
results/formal_runs/synbios_moe/results/single_fsdp_4gpu/probe_pipeline/formal/training/operation_logs/synbios_q_probe_q_university_whole/20260723-182658/events.out.tfevents.1784802418.ml-ubuntu22-04-desktop-v3-2-128gb-25m.113705.0: OK
results/formal_runs/synbios_moe/results/single_fsdp_4gpu/probe_pipeline/formal/training/p_birth_city_first.json: OK
results/formal_runs/synbios_moe/results/single_fsdp_4gpu/probe_pipeline/formal/training/p_birth_city_whole.json: OK
results/formal_runs/synbios_moe/results/single_fsdp_4gpu/probe_pipeline/formal/training/p_birth_date_first.json: OK
results/formal_runs/synbios_moe/results/single_fsdp_4gpu/probe_pipeline/formal/training/p_company_city_first.json: OK
results/formal_runs/synbios_moe/results/single_fsdp_4gpu/probe_pipeline/formal/training/p_company_city_whole.json: OK
results/formal_runs/synbios_moe/results/single_fsdp_4gpu/probe_pipeline/formal/training/p_company_first.json: OK
results/formal_runs/synbios_moe/results/single_fsdp_4gpu/probe_pipeline/formal/training/p_company_whole.json: OK
results/formal_runs/synbios_moe/results/single_fsdp_4gpu/probe_pipeline/formal/training/p_major_first.json: OK
results/formal_runs/synbios_moe/results/single_fsdp_4gpu/probe_pipeline/formal/training/p_major_whole.json: OK
results/formal_runs/synbios_moe/results/single_fsdp_4gpu/probe_pipeline/formal/training/p_university_first.json: OK
results/formal_runs/synbios_moe/results/single_fsdp_4gpu/probe_pipeline/formal/training/p_university_whole.json: OK
results/formal_runs/synbios_moe/results/single_fsdp_4gpu/probe_pipeline/formal/training/q_birth_city_first.json: OK
results/formal_runs/synbios_moe/results/single_fsdp_4gpu/probe_pipeline/formal/training/q_birth_city_whole.json: OK
results/formal_runs/synbios_moe/results/single_fsdp_4gpu/probe_pipeline/formal/training/q_birth_date_first.json: OK
results/formal_runs/synbios_moe/results/single_fsdp_4gpu/probe_pipeline/formal/training/q_company_city_first.json: OK
results/formal_runs/synbios_moe/results/single_fsdp_4gpu/probe_pipeline/formal/training/q_company_city_whole.json: OK
results/formal_runs/synbios_moe/results/single_fsdp_4gpu/probe_pipeline/formal/training/q_company_first.json: OK
results/formal_runs/synbios_moe/results/single_fsdp_4gpu/probe_pipeline/formal/training/q_company_whole.json: OK
results/formal_runs/synbios_moe/results/single_fsdp_4gpu/probe_pipeline/formal/training/q_major_first.json: OK
results/formal_runs/synbios_moe/results/single_fsdp_4gpu/probe_pipeline/formal/training/q_major_whole.json: OK
results/formal_runs/synbios_moe/results/single_fsdp_4gpu/probe_pipeline/formal/training/q_university_first.json: OK
results/formal_runs/synbios_moe/results/single_fsdp_4gpu/probe_pipeline/formal/training/q_university_whole.json: OK
results/formal_runs/synbios_moe/results/single_fsdp_4gpu/probe_pipeline/formal/validation/operation_logs/synbios_p_probe_validation_p_birth_city_first/20260723-205430/events.jsonl: OK
results/formal_runs/synbios_moe/results/single_fsdp_4gpu/probe_pipeline/formal/validation/operation_logs/synbios_p_probe_validation_p_birth_city_first/20260723-205430/events.out.tfevents.1784811270.ml-ubuntu22-04-desktop-v3-2-128gb-25m.151940.0: OK
results/formal_runs/synbios_moe/results/single_fsdp_4gpu/probe_pipeline/formal/validation/operation_logs/synbios_p_probe_validation_p_birth_city_whole/20260723-205448/events.jsonl: OK
results/formal_runs/synbios_moe/results/single_fsdp_4gpu/probe_pipeline/formal/validation/operation_logs/synbios_p_probe_validation_p_birth_city_whole/20260723-205448/events.out.tfevents.1784811288.ml-ubuntu22-04-desktop-v3-2-128gb-25m.152477.0: OK
results/formal_runs/synbios_moe/results/single_fsdp_4gpu/probe_pipeline/formal/validation/operation_logs/synbios_p_probe_validation_p_birth_date_first/20260723-205430/events.jsonl: OK
results/formal_runs/synbios_moe/results/single_fsdp_4gpu/probe_pipeline/formal/validation/operation_logs/synbios_p_probe_validation_p_birth_date_first/20260723-205430/events.out.tfevents.1784811270.ml-ubuntu22-04-desktop-v3-2-128gb-25m.151938.0: OK
results/formal_runs/synbios_moe/results/single_fsdp_4gpu/probe_pipeline/formal/validation/operation_logs/synbios_p_probe_validation_p_company_city_first/20260723-205647/events.jsonl: OK
results/formal_runs/synbios_moe/results/single_fsdp_4gpu/probe_pipeline/formal/validation/operation_logs/synbios_p_probe_validation_p_company_city_first/20260723-205647/events.out.tfevents.1784811407.ml-ubuntu22-04-desktop-v3-2-128gb-25m.155047.0: OK
results/formal_runs/synbios_moe/results/single_fsdp_4gpu/probe_pipeline/formal/validation/operation_logs/synbios_p_probe_validation_p_company_city_whole/20260723-205704/events.jsonl: OK
results/formal_runs/synbios_moe/results/single_fsdp_4gpu/probe_pipeline/formal/validation/operation_logs/synbios_p_probe_validation_p_company_city_whole/20260723-205704/events.out.tfevents.1784811424.ml-ubuntu22-04-desktop-v3-2-128gb-25m.155373.0: OK
results/formal_runs/synbios_moe/results/single_fsdp_4gpu/probe_pipeline/formal/validation/operation_logs/synbios_p_probe_validation_p_company_first/20260723-205614/events.jsonl: OK
results/formal_runs/synbios_moe/results/single_fsdp_4gpu/probe_pipeline/formal/validation/operation_logs/synbios_p_probe_validation_p_company_first/20260723-205614/events.out.tfevents.1784811374.ml-ubuntu22-04-desktop-v3-2-128gb-25m.154202.0: OK
results/formal_runs/synbios_moe/results/single_fsdp_4gpu/probe_pipeline/formal/validation/operation_logs/synbios_p_probe_validation_p_company_whole/20260723-205630/events.jsonl: OK
results/formal_runs/synbios_moe/results/single_fsdp_4gpu/probe_pipeline/formal/validation/operation_logs/synbios_p_probe_validation_p_company_whole/20260723-205630/events.out.tfevents.1784811390.ml-ubuntu22-04-desktop-v3-2-128gb-25m.154571.0: OK
results/formal_runs/synbios_moe/results/single_fsdp_4gpu/probe_pipeline/formal/validation/operation_logs/synbios_p_probe_validation_p_major_first/20260723-205539/events.jsonl: OK
results/formal_runs/synbios_moe/results/single_fsdp_4gpu/probe_pipeline/formal/validation/operation_logs/synbios_p_probe_validation_p_major_first/20260723-205539/events.out.tfevents.1784811339.ml-ubuntu22-04-desktop-v3-2-128gb-25m.153412.0: OK
results/formal_runs/synbios_moe/results/single_fsdp_4gpu/probe_pipeline/formal/validation/operation_logs/synbios_p_probe_validation_p_major_whole/20260723-205555/events.jsonl: OK
results/formal_runs/synbios_moe/results/single_fsdp_4gpu/probe_pipeline/formal/validation/operation_logs/synbios_p_probe_validation_p_major_whole/20260723-205555/events.out.tfevents.1784811355.ml-ubuntu22-04-desktop-v3-2-128gb-25m.153741.0: OK
results/formal_runs/synbios_moe/results/single_fsdp_4gpu/probe_pipeline/formal/validation/operation_logs/synbios_p_probe_validation_p_university_first/20260723-205505/events.jsonl: OK
results/formal_runs/synbios_moe/results/single_fsdp_4gpu/probe_pipeline/formal/validation/operation_logs/synbios_p_probe_validation_p_university_first/20260723-205505/events.out.tfevents.1784811305.ml-ubuntu22-04-desktop-v3-2-128gb-25m.152844.0: OK
results/formal_runs/synbios_moe/results/single_fsdp_4gpu/probe_pipeline/formal/validation/operation_logs/synbios_p_probe_validation_p_university_whole/20260723-205523/events.jsonl: OK
results/formal_runs/synbios_moe/results/single_fsdp_4gpu/probe_pipeline/formal/validation/operation_logs/synbios_p_probe_validation_p_university_whole/20260723-205523/events.out.tfevents.1784811323.ml-ubuntu22-04-desktop-v3-2-128gb-25m.153109.0: OK
results/formal_runs/synbios_moe/results/single_fsdp_4gpu/probe_pipeline/formal/validation/operation_logs/synbios_q_probe_validation_q_birth_city_first/20260723-205430/events.jsonl: OK
results/formal_runs/synbios_moe/results/single_fsdp_4gpu/probe_pipeline/formal/validation/operation_logs/synbios_q_probe_validation_q_birth_city_first/20260723-205430/events.out.tfevents.1784811270.ml-ubuntu22-04-desktop-v3-2-128gb-25m.151941.0: OK
results/formal_runs/synbios_moe/results/single_fsdp_4gpu/probe_pipeline/formal/validation/operation_logs/synbios_q_probe_validation_q_birth_city_whole/20260723-205448/events.jsonl: OK
results/formal_runs/synbios_moe/results/single_fsdp_4gpu/probe_pipeline/formal/validation/operation_logs/synbios_q_probe_validation_q_birth_city_whole/20260723-205448/events.out.tfevents.1784811288.ml-ubuntu22-04-desktop-v3-2-128gb-25m.152478.0: OK
results/formal_runs/synbios_moe/results/single_fsdp_4gpu/probe_pipeline/formal/validation/operation_logs/synbios_q_probe_validation_q_birth_date_first/20260723-205430/events.jsonl: OK
results/formal_runs/synbios_moe/results/single_fsdp_4gpu/probe_pipeline/formal/validation/operation_logs/synbios_q_probe_validation_q_birth_date_first/20260723-205430/events.out.tfevents.1784811270.ml-ubuntu22-04-desktop-v3-2-128gb-25m.151939.0: OK
results/formal_runs/synbios_moe/results/single_fsdp_4gpu/probe_pipeline/formal/validation/operation_logs/synbios_q_probe_validation_q_company_city_first/20260723-205702/events.jsonl: OK
results/formal_runs/synbios_moe/results/single_fsdp_4gpu/probe_pipeline/formal/validation/operation_logs/synbios_q_probe_validation_q_company_city_first/20260723-205702/events.out.tfevents.1784811422.ml-ubuntu22-04-desktop-v3-2-128gb-25m.155318.0: OK
results/formal_runs/synbios_moe/results/single_fsdp_4gpu/probe_pipeline/formal/validation/operation_logs/synbios_q_probe_validation_q_company_city_whole/20260723-205718/events.jsonl: OK
results/formal_runs/synbios_moe/results/single_fsdp_4gpu/probe_pipeline/formal/validation/operation_logs/synbios_q_probe_validation_q_company_city_whole/20260723-205718/events.out.tfevents.1784811439.ml-ubuntu22-04-desktop-v3-2-128gb-25m.155722.0: OK
results/formal_runs/synbios_moe/results/single_fsdp_4gpu/probe_pipeline/formal/validation/operation_logs/synbios_q_probe_validation_q_company_first/20260723-205629/events.jsonl: OK
results/formal_runs/synbios_moe/results/single_fsdp_4gpu/probe_pipeline/formal/validation/operation_logs/synbios_q_probe_validation_q_company_first/20260723-205629/events.out.tfevents.1784811389.ml-ubuntu22-04-desktop-v3-2-128gb-25m.154527.0: OK
results/formal_runs/synbios_moe/results/single_fsdp_4gpu/probe_pipeline/formal/validation/operation_logs/synbios_q_probe_validation_q_company_whole/20260723-205645/events.jsonl: OK
results/formal_runs/synbios_moe/results/single_fsdp_4gpu/probe_pipeline/formal/validation/operation_logs/synbios_q_probe_validation_q_company_whole/20260723-205645/events.out.tfevents.1784811406.ml-ubuntu22-04-desktop-v3-2-128gb-25m.154982.0: OK
results/formal_runs/synbios_moe/results/single_fsdp_4gpu/probe_pipeline/formal/validation/operation_logs/synbios_q_probe_validation_q_major_first/20260723-205555/events.jsonl: OK
results/formal_runs/synbios_moe/results/single_fsdp_4gpu/probe_pipeline/formal/validation/operation_logs/synbios_q_probe_validation_q_major_first/20260723-205555/events.out.tfevents.1784811355.ml-ubuntu22-04-desktop-v3-2-128gb-25m.153740.0: OK
results/formal_runs/synbios_moe/results/single_fsdp_4gpu/probe_pipeline/formal/validation/operation_logs/synbios_q_probe_validation_q_major_whole/20260723-205613/events.jsonl: OK
results/formal_runs/synbios_moe/results/single_fsdp_4gpu/probe_pipeline/formal/validation/operation_logs/synbios_q_probe_validation_q_major_whole/20260723-205613/events.out.tfevents.1784811373.ml-ubuntu22-04-desktop-v3-2-128gb-25m.154152.0: OK
results/formal_runs/synbios_moe/results/single_fsdp_4gpu/probe_pipeline/formal/validation/operation_logs/synbios_q_probe_validation_q_university_first/20260723-205522/events.jsonl: OK
results/formal_runs/synbios_moe/results/single_fsdp_4gpu/probe_pipeline/formal/validation/operation_logs/synbios_q_probe_validation_q_university_first/20260723-205522/events.out.tfevents.1784811322.ml-ubuntu22-04-desktop-v3-2-128gb-25m.153108.0: OK
results/formal_runs/synbios_moe/results/single_fsdp_4gpu/probe_pipeline/formal/validation/operation_logs/synbios_q_probe_validation_q_university_whole/20260723-205539/events.jsonl: OK
results/formal_runs/synbios_moe/results/single_fsdp_4gpu/probe_pipeline/formal/validation/operation_logs/synbios_q_probe_validation_q_university_whole/20260723-205539/events.out.tfevents.1784811339.ml-ubuntu22-04-desktop-v3-2-128gb-25m.153409.0: OK
results/formal_runs/synbios_moe/results/single_fsdp_4gpu/probe_pipeline/formal/validation/p_birth_city_first.json: OK
results/formal_runs/synbios_moe/results/single_fsdp_4gpu/probe_pipeline/formal/validation/p_birth_city_whole.json: OK
results/formal_runs/synbios_moe/results/single_fsdp_4gpu/probe_pipeline/formal/validation/p_birth_date_first.json: OK
results/formal_runs/synbios_moe/results/single_fsdp_4gpu/probe_pipeline/formal/validation/p_company_city_first.json: OK
results/formal_runs/synbios_moe/results/single_fsdp_4gpu/probe_pipeline/formal/validation/p_company_city_whole.json: OK
results/formal_runs/synbios_moe/results/single_fsdp_4gpu/probe_pipeline/formal/validation/p_company_first.json: OK
results/formal_runs/synbios_moe/results/single_fsdp_4gpu/probe_pipeline/formal/validation/p_company_whole.json: OK
results/formal_runs/synbios_moe/results/single_fsdp_4gpu/probe_pipeline/formal/validation/p_major_first.json: OK
results/formal_runs/synbios_moe/results/single_fsdp_4gpu/probe_pipeline/formal/validation/p_major_whole.json: OK
results/formal_runs/synbios_moe/results/single_fsdp_4gpu/probe_pipeline/formal/validation/p_university_first.json: OK
results/formal_runs/synbios_moe/results/single_fsdp_4gpu/probe_pipeline/formal/validation/p_university_whole.json: OK
results/formal_runs/synbios_moe/results/single_fsdp_4gpu/probe_pipeline/formal/validation/q_birth_city_first.json: OK
results/formal_runs/synbios_moe/results/single_fsdp_4gpu/probe_pipeline/formal/validation/q_birth_city_whole.json: OK
results/formal_runs/synbios_moe/results/single_fsdp_4gpu/probe_pipeline/formal/validation/q_birth_date_first.json: OK
results/formal_runs/synbios_moe/results/single_fsdp_4gpu/probe_pipeline/formal/validation/q_company_city_first.json: OK
results/formal_runs/synbios_moe/results/single_fsdp_4gpu/probe_pipeline/formal/validation/q_company_city_whole.json: OK
results/formal_runs/synbios_moe/results/single_fsdp_4gpu/probe_pipeline/formal/validation/q_company_first.json: OK
results/formal_runs/synbios_moe/results/single_fsdp_4gpu/probe_pipeline/formal/validation/q_company_whole.json: OK
results/formal_runs/synbios_moe/results/single_fsdp_4gpu/probe_pipeline/formal/validation/q_major_first.json: OK
results/formal_runs/synbios_moe/results/single_fsdp_4gpu/probe_pipeline/formal/validation/q_major_whole.json: OK
results/formal_runs/synbios_moe/results/single_fsdp_4gpu/probe_pipeline/formal/validation/q_university_first.json: OK
results/formal_runs/synbios_moe/results/single_fsdp_4gpu/probe_pipeline/formal/validation/q_university_whole.json: OK
results/formal_runs/synbios_moe/results/single_fsdp_4gpu/probe_pipeline/pilot/logs/train_p_birth_city_first.log: OK
results/formal_runs/synbios_moe/results/single_fsdp_4gpu/probe_pipeline/pilot/logs/train_p_birth_city_whole.log: OK
results/formal_runs/synbios_moe/results/single_fsdp_4gpu/probe_pipeline/pilot/logs/train_p_birth_date_first.log: OK
results/formal_runs/synbios_moe/results/single_fsdp_4gpu/probe_pipeline/pilot/logs/train_p_company_city_first.log: OK
results/formal_runs/synbios_moe/results/single_fsdp_4gpu/probe_pipeline/pilot/logs/train_p_company_city_whole.log: OK
results/formal_runs/synbios_moe/results/single_fsdp_4gpu/probe_pipeline/pilot/logs/train_p_company_first.log: OK
results/formal_runs/synbios_moe/results/single_fsdp_4gpu/probe_pipeline/pilot/logs/train_p_company_whole.log: OK
results/formal_runs/synbios_moe/results/single_fsdp_4gpu/probe_pipeline/pilot/logs/train_p_major_first.log: OK
results/formal_runs/synbios_moe/results/single_fsdp_4gpu/probe_pipeline/pilot/logs/train_p_major_whole.log: OK
results/formal_runs/synbios_moe/results/single_fsdp_4gpu/probe_pipeline/pilot/logs/train_p_university_first.log: OK
results/formal_runs/synbios_moe/results/single_fsdp_4gpu/probe_pipeline/pilot/logs/train_p_university_whole.log: OK
results/formal_runs/synbios_moe/results/single_fsdp_4gpu/probe_pipeline/pilot/logs/train_q_birth_city_first.log: OK
results/formal_runs/synbios_moe/results/single_fsdp_4gpu/probe_pipeline/pilot/logs/train_q_birth_city_whole.log: OK
results/formal_runs/synbios_moe/results/single_fsdp_4gpu/probe_pipeline/pilot/logs/train_q_birth_date_first.log: OK
results/formal_runs/synbios_moe/results/single_fsdp_4gpu/probe_pipeline/pilot/logs/train_q_company_city_first.log: OK
results/formal_runs/synbios_moe/results/single_fsdp_4gpu/probe_pipeline/pilot/logs/train_q_company_city_whole.log: OK
results/formal_runs/synbios_moe/results/single_fsdp_4gpu/probe_pipeline/pilot/logs/train_q_company_first.log: OK
results/formal_runs/synbios_moe/results/single_fsdp_4gpu/probe_pipeline/pilot/logs/train_q_company_whole.log: OK
results/formal_runs/synbios_moe/results/single_fsdp_4gpu/probe_pipeline/pilot/logs/train_q_major_first.log: OK
results/formal_runs/synbios_moe/results/single_fsdp_4gpu/probe_pipeline/pilot/logs/train_q_major_whole.log: OK
results/formal_runs/synbios_moe/results/single_fsdp_4gpu/probe_pipeline/pilot/logs/train_q_university_first.log: OK
results/formal_runs/synbios_moe/results/single_fsdp_4gpu/probe_pipeline/pilot/logs/train_q_university_whole.log: OK
results/formal_runs/synbios_moe/results/single_fsdp_4gpu/probe_pipeline/pilot/logs/validation_p_birth_city_first.log: OK
results/formal_runs/synbios_moe/results/single_fsdp_4gpu/probe_pipeline/pilot/logs/validation_p_birth_city_whole.log: OK
results/formal_runs/synbios_moe/results/single_fsdp_4gpu/probe_pipeline/pilot/logs/validation_p_birth_date_first.log: OK
results/formal_runs/synbios_moe/results/single_fsdp_4gpu/probe_pipeline/pilot/logs/validation_p_company_city_first.log: OK
results/formal_runs/synbios_moe/results/single_fsdp_4gpu/probe_pipeline/pilot/logs/validation_p_company_city_whole.log: OK
results/formal_runs/synbios_moe/results/single_fsdp_4gpu/probe_pipeline/pilot/logs/validation_p_company_first.log: OK
results/formal_runs/synbios_moe/results/single_fsdp_4gpu/probe_pipeline/pilot/logs/validation_p_company_whole.log: OK
results/formal_runs/synbios_moe/results/single_fsdp_4gpu/probe_pipeline/pilot/logs/validation_p_major_first.log: OK
results/formal_runs/synbios_moe/results/single_fsdp_4gpu/probe_pipeline/pilot/logs/validation_p_major_whole.log: OK
results/formal_runs/synbios_moe/results/single_fsdp_4gpu/probe_pipeline/pilot/logs/validation_p_university_first.log: OK
results/formal_runs/synbios_moe/results/single_fsdp_4gpu/probe_pipeline/pilot/logs/validation_p_university_whole.log: OK
results/formal_runs/synbios_moe/results/single_fsdp_4gpu/probe_pipeline/pilot/logs/validation_q_birth_city_first.log: OK
results/formal_runs/synbios_moe/results/single_fsdp_4gpu/probe_pipeline/pilot/logs/validation_q_birth_city_whole.log: OK
results/formal_runs/synbios_moe/results/single_fsdp_4gpu/probe_pipeline/pilot/logs/validation_q_birth_date_first.log: OK
results/formal_runs/synbios_moe/results/single_fsdp_4gpu/probe_pipeline/pilot/logs/validation_q_company_city_first.log: OK
results/formal_runs/synbios_moe/results/single_fsdp_4gpu/probe_pipeline/pilot/logs/validation_q_company_city_whole.log: OK
results/formal_runs/synbios_moe/results/single_fsdp_4gpu/probe_pipeline/pilot/logs/validation_q_company_first.log: OK
results/formal_runs/synbios_moe/results/single_fsdp_4gpu/probe_pipeline/pilot/logs/validation_q_company_whole.log: OK
results/formal_runs/synbios_moe/results/single_fsdp_4gpu/probe_pipeline/pilot/logs/validation_q_major_first.log: OK
results/formal_runs/synbios_moe/results/single_fsdp_4gpu/probe_pipeline/pilot/logs/validation_q_major_whole.log: OK
results/formal_runs/synbios_moe/results/single_fsdp_4gpu/probe_pipeline/pilot/logs/validation_q_university_first.log: OK
results/formal_runs/synbios_moe/results/single_fsdp_4gpu/probe_pipeline/pilot/logs/validation_q_university_whole.log: OK
results/formal_runs/synbios_moe/results/single_fsdp_4gpu/probe_pipeline/pilot/operation_logs/synbios_probe_pipeline_probe_pipeline/20260723-143458/events.jsonl: OK
results/formal_runs/synbios_moe/results/single_fsdp_4gpu/probe_pipeline/pilot/operation_logs/synbios_probe_pipeline_probe_pipeline/20260723-143458/events.out.tfevents.1784788498.ml-ubuntu22-04-desktop-v3-2-128gb-25m.30831.0: OK
results/formal_runs/synbios_moe/results/single_fsdp_4gpu/probe_pipeline/pilot/pipeline.json: OK
results/formal_runs/synbios_moe/results/single_fsdp_4gpu/probe_pipeline/pilot/pipeline_events.jsonl: OK
results/formal_runs/synbios_moe/results/single_fsdp_4gpu/probe_pipeline/pilot/summary/summary.csv: OK
results/formal_runs/synbios_moe/results/single_fsdp_4gpu/probe_pipeline/pilot/summary/summary.json: OK
results/formal_runs/synbios_moe/results/single_fsdp_4gpu/probe_pipeline/pilot/training/operation_logs/synbios_p_probe_p_birth_city_first/20260723-143501/events.jsonl: OK
results/formal_runs/synbios_moe/results/single_fsdp_4gpu/probe_pipeline/pilot/training/operation_logs/synbios_p_probe_p_birth_city_first/20260723-143501/events.out.tfevents.1784788501.ml-ubuntu22-04-desktop-v3-2-128gb-25m.30893.0: OK
results/formal_runs/synbios_moe/results/single_fsdp_4gpu/probe_pipeline/pilot/training/operation_logs/synbios_p_probe_p_birth_city_whole/20260723-144617/events.jsonl: OK
results/formal_runs/synbios_moe/results/single_fsdp_4gpu/probe_pipeline/pilot/training/operation_logs/synbios_p_probe_p_birth_city_whole/20260723-144617/events.out.tfevents.1784789177.ml-ubuntu22-04-desktop-v3-2-128gb-25m.34810.0: OK
results/formal_runs/synbios_moe/results/single_fsdp_4gpu/probe_pipeline/pilot/training/operation_logs/synbios_p_probe_p_birth_date_first/20260723-143501/events.jsonl: OK
results/formal_runs/synbios_moe/results/single_fsdp_4gpu/probe_pipeline/pilot/training/operation_logs/synbios_p_probe_p_birth_date_first/20260723-143501/events.out.tfevents.1784788501.ml-ubuntu22-04-desktop-v3-2-128gb-25m.30891.0: OK
results/formal_runs/synbios_moe/results/single_fsdp_4gpu/probe_pipeline/pilot/training/operation_logs/synbios_p_probe_p_company_city_first/20260723-152211/events.jsonl: OK
results/formal_runs/synbios_moe/results/single_fsdp_4gpu/probe_pipeline/pilot/training/operation_logs/synbios_p_probe_p_company_city_first/20260723-152211/events.out.tfevents.1784791331.ml-ubuntu22-04-desktop-v3-2-128gb-25m.47274.0: OK
results/formal_runs/synbios_moe/results/single_fsdp_4gpu/probe_pipeline/pilot/training/operation_logs/synbios_p_probe_p_company_city_whole/20260723-153336/events.jsonl: OK
results/formal_runs/synbios_moe/results/single_fsdp_4gpu/probe_pipeline/pilot/training/operation_logs/synbios_p_probe_p_company_city_whole/20260723-153336/events.out.tfevents.1784792016.ml-ubuntu22-04-desktop-v3-2-128gb-25m.51096.0: OK
results/formal_runs/synbios_moe/results/single_fsdp_4gpu/probe_pipeline/pilot/training/operation_logs/synbios_p_probe_p_company_first/20260723-151054/events.jsonl: OK
results/formal_runs/synbios_moe/results/single_fsdp_4gpu/probe_pipeline/pilot/training/operation_logs/synbios_p_probe_p_company_first/20260723-151054/events.out.tfevents.1784790654.ml-ubuntu22-04-desktop-v3-2-128gb-25m.43209.0: OK
results/formal_runs/synbios_moe/results/single_fsdp_4gpu/probe_pipeline/pilot/training/operation_logs/synbios_p_probe_p_company_whole/20260723-152152/events.jsonl: OK
results/formal_runs/synbios_moe/results/single_fsdp_4gpu/probe_pipeline/pilot/training/operation_logs/synbios_p_probe_p_company_whole/20260723-152152/events.out.tfevents.1784791312.ml-ubuntu22-04-desktop-v3-2-128gb-25m.46973.0: OK
results/formal_runs/synbios_moe/results/single_fsdp_4gpu/probe_pipeline/pilot/training/operation_logs/synbios_p_probe_p_major_first/20260723-145850/events.jsonl: OK
results/formal_runs/synbios_moe/results/single_fsdp_4gpu/probe_pipeline/pilot/training/operation_logs/synbios_p_probe_p_major_first/20260723-145850/events.out.tfevents.1784789930.ml-ubuntu22-04-desktop-v3-2-128gb-25m.39439.0: OK
results/formal_runs/synbios_moe/results/single_fsdp_4gpu/probe_pipeline/pilot/training/operation_logs/synbios_p_probe_p_major_whole/20260723-150959/events.jsonl: OK
results/formal_runs/synbios_moe/results/single_fsdp_4gpu/probe_pipeline/pilot/training/operation_logs/synbios_p_probe_p_major_whole/20260723-150959/events.out.tfevents.1784790599.ml-ubuntu22-04-desktop-v3-2-128gb-25m.42738.0: OK
results/formal_runs/synbios_moe/results/single_fsdp_4gpu/probe_pipeline/pilot/training/operation_logs/synbios_p_probe_p_university_first/20260723-144729/events.jsonl: OK
results/formal_runs/synbios_moe/results/single_fsdp_4gpu/probe_pipeline/pilot/training/operation_logs/synbios_p_probe_p_university_first/20260723-144729/events.out.tfevents.1784789249.ml-ubuntu22-04-desktop-v3-2-128gb-25m.35489.0: OK
results/formal_runs/synbios_moe/results/single_fsdp_4gpu/probe_pipeline/pilot/training/operation_logs/synbios_p_probe_p_university_whole/20260723-145813/events.jsonl: OK
results/formal_runs/synbios_moe/results/single_fsdp_4gpu/probe_pipeline/pilot/training/operation_logs/synbios_p_probe_p_university_whole/20260723-145813/events.out.tfevents.1784789893.ml-ubuntu22-04-desktop-v3-2-128gb-25m.39144.0: OK
results/formal_runs/synbios_moe/results/single_fsdp_4gpu/probe_pipeline/pilot/training/operation_logs/synbios_q_probe_q_birth_city_first/20260723-143501/events.jsonl: OK
results/formal_runs/synbios_moe/results/single_fsdp_4gpu/probe_pipeline/pilot/training/operation_logs/synbios_q_probe_q_birth_city_first/20260723-143501/events.out.tfevents.1784788501.ml-ubuntu22-04-desktop-v3-2-128gb-25m.30894.0: OK
results/formal_runs/synbios_moe/results/single_fsdp_4gpu/probe_pipeline/pilot/training/operation_logs/synbios_q_probe_q_birth_city_whole/20260723-144634/events.jsonl: OK
results/formal_runs/synbios_moe/results/single_fsdp_4gpu/probe_pipeline/pilot/training/operation_logs/synbios_q_probe_q_birth_city_whole/20260723-144634/events.out.tfevents.1784789194.ml-ubuntu22-04-desktop-v3-2-128gb-25m.34988.0: OK
results/formal_runs/synbios_moe/results/single_fsdp_4gpu/probe_pipeline/pilot/training/operation_logs/synbios_q_probe_q_birth_date_first/20260723-143501/events.jsonl: OK
results/formal_runs/synbios_moe/results/single_fsdp_4gpu/probe_pipeline/pilot/training/operation_logs/synbios_q_probe_q_birth_date_first/20260723-143501/events.out.tfevents.1784788501.ml-ubuntu22-04-desktop-v3-2-128gb-25m.30892.0: OK
results/formal_runs/synbios_moe/results/single_fsdp_4gpu/probe_pipeline/pilot/training/operation_logs/synbios_q_probe_q_company_city_first/20260723-152238/events.jsonl: OK
results/formal_runs/synbios_moe/results/single_fsdp_4gpu/probe_pipeline/pilot/training/operation_logs/synbios_q_probe_q_company_city_first/20260723-152238/events.out.tfevents.1784791358.ml-ubuntu22-04-desktop-v3-2-128gb-25m.47521.0: OK
results/formal_runs/synbios_moe/results/single_fsdp_4gpu/probe_pipeline/pilot/training/operation_logs/synbios_q_probe_q_company_city_whole/20260723-153337/events.jsonl: OK
results/formal_runs/synbios_moe/results/single_fsdp_4gpu/probe_pipeline/pilot/training/operation_logs/synbios_q_probe_q_company_city_whole/20260723-153337/events.out.tfevents.1784792017.ml-ubuntu22-04-desktop-v3-2-128gb-25m.51140.0: OK
results/formal_runs/synbios_moe/results/single_fsdp_4gpu/probe_pipeline/pilot/training/operation_logs/synbios_q_probe_q_company_first/20260723-151100/events.jsonl: OK
results/formal_runs/synbios_moe/results/single_fsdp_4gpu/probe_pipeline/pilot/training/operation_logs/synbios_q_probe_q_company_first/20260723-151100/events.out.tfevents.1784790661.ml-ubuntu22-04-desktop-v3-2-128gb-25m.43344.0: OK
results/formal_runs/synbios_moe/results/single_fsdp_4gpu/probe_pipeline/pilot/training/operation_logs/synbios_q_probe_q_company_whole/20260723-152205/events.jsonl: OK
results/formal_runs/synbios_moe/results/single_fsdp_4gpu/probe_pipeline/pilot/training/operation_logs/synbios_q_probe_q_company_whole/20260723-152205/events.out.tfevents.1784791325.ml-ubuntu22-04-desktop-v3-2-128gb-25m.47154.0: OK
results/formal_runs/synbios_moe/results/single_fsdp_4gpu/probe_pipeline/pilot/training/operation_logs/synbios_q_probe_q_major_first/20260723-145948/events.jsonl: OK
results/formal_runs/synbios_moe/results/single_fsdp_4gpu/probe_pipeline/pilot/training/operation_logs/synbios_q_probe_q_major_first/20260723-145948/events.out.tfevents.1784789988.ml-ubuntu22-04-desktop-v3-2-128gb-25m.39742.0: OK
results/formal_runs/synbios_moe/results/single_fsdp_4gpu/probe_pipeline/pilot/training/operation_logs/synbios_q_probe_q_major_whole/20260723-151032/events.jsonl: OK
results/formal_runs/synbios_moe/results/single_fsdp_4gpu/probe_pipeline/pilot/training/operation_logs/synbios_q_probe_q_major_whole/20260723-151032/events.out.tfevents.1784790632.ml-ubuntu22-04-desktop-v3-2-128gb-25m.42972.0: OK
results/formal_runs/synbios_moe/results/single_fsdp_4gpu/probe_pipeline/pilot/training/operation_logs/synbios_q_probe_q_university_first/20260723-144729/events.jsonl: OK
results/formal_runs/synbios_moe/results/single_fsdp_4gpu/probe_pipeline/pilot/training/operation_logs/synbios_q_probe_q_university_first/20260723-144729/events.out.tfevents.1784789249.ml-ubuntu22-04-desktop-v3-2-128gb-25m.35490.0: OK
results/formal_runs/synbios_moe/results/single_fsdp_4gpu/probe_pipeline/pilot/training/operation_logs/synbios_q_probe_q_university_whole/20260723-145843/events.jsonl: OK
results/formal_runs/synbios_moe/results/single_fsdp_4gpu/probe_pipeline/pilot/training/operation_logs/synbios_q_probe_q_university_whole/20260723-145843/events.out.tfevents.1784789923.ml-ubuntu22-04-desktop-v3-2-128gb-25m.39326.0: OK
results/formal_runs/synbios_moe/results/single_fsdp_4gpu/probe_pipeline/pilot/training/p_birth_city_first.json: OK
results/formal_runs/synbios_moe/results/single_fsdp_4gpu/probe_pipeline/pilot/training/p_birth_city_whole.json: OK
results/formal_runs/synbios_moe/results/single_fsdp_4gpu/probe_pipeline/pilot/training/p_birth_date_first.json: OK
results/formal_runs/synbios_moe/results/single_fsdp_4gpu/probe_pipeline/pilot/training/p_company_city_first.json: OK
results/formal_runs/synbios_moe/results/single_fsdp_4gpu/probe_pipeline/pilot/training/p_company_city_whole.json: OK
results/formal_runs/synbios_moe/results/single_fsdp_4gpu/probe_pipeline/pilot/training/p_company_first.json: OK
results/formal_runs/synbios_moe/results/single_fsdp_4gpu/probe_pipeline/pilot/training/p_company_whole.json: OK
results/formal_runs/synbios_moe/results/single_fsdp_4gpu/probe_pipeline/pilot/training/p_major_first.json: OK
results/formal_runs/synbios_moe/results/single_fsdp_4gpu/probe_pipeline/pilot/training/p_major_whole.json: OK
results/formal_runs/synbios_moe/results/single_fsdp_4gpu/probe_pipeline/pilot/training/p_university_first.json: OK
results/formal_runs/synbios_moe/results/single_fsdp_4gpu/probe_pipeline/pilot/training/p_university_whole.json: OK
results/formal_runs/synbios_moe/results/single_fsdp_4gpu/probe_pipeline/pilot/training/q_birth_city_first.json: OK
results/formal_runs/synbios_moe/results/single_fsdp_4gpu/probe_pipeline/pilot/training/q_birth_city_whole.json: OK
results/formal_runs/synbios_moe/results/single_fsdp_4gpu/probe_pipeline/pilot/training/q_birth_date_first.json: OK
results/formal_runs/synbios_moe/results/single_fsdp_4gpu/probe_pipeline/pilot/training/q_company_city_first.json: OK
results/formal_runs/synbios_moe/results/single_fsdp_4gpu/probe_pipeline/pilot/training/q_company_city_whole.json: OK
results/formal_runs/synbios_moe/results/single_fsdp_4gpu/probe_pipeline/pilot/training/q_company_first.json: OK
results/formal_runs/synbios_moe/results/single_fsdp_4gpu/probe_pipeline/pilot/training/q_company_whole.json: OK
results/formal_runs/synbios_moe/results/single_fsdp_4gpu/probe_pipeline/pilot/training/q_major_first.json: OK
results/formal_runs/synbios_moe/results/single_fsdp_4gpu/probe_pipeline/pilot/training/q_major_whole.json: OK
results/formal_runs/synbios_moe/results/single_fsdp_4gpu/probe_pipeline/pilot/training/q_university_first.json: OK
results/formal_runs/synbios_moe/results/single_fsdp_4gpu/probe_pipeline/pilot/training/q_university_whole.json: OK
results/formal_runs/synbios_moe/results/single_fsdp_4gpu/probe_pipeline/pilot/validation/operation_logs/synbios_p_probe_validation_p_birth_city_first/20260723-154532/events.jsonl: OK
results/formal_runs/synbios_moe/results/single_fsdp_4gpu/probe_pipeline/pilot/validation/operation_logs/synbios_p_probe_validation_p_birth_city_first/20260723-154532/events.out.tfevents.1784792732.ml-ubuntu22-04-desktop-v3-2-128gb-25m.55139.0: OK
results/formal_runs/synbios_moe/results/single_fsdp_4gpu/probe_pipeline/pilot/validation/operation_logs/synbios_p_probe_validation_p_birth_city_whole/20260723-154551/events.jsonl: OK
results/formal_runs/synbios_moe/results/single_fsdp_4gpu/probe_pipeline/pilot/validation/operation_logs/synbios_p_probe_validation_p_birth_city_whole/20260723-154551/events.out.tfevents.1784792751.ml-ubuntu22-04-desktop-v3-2-128gb-25m.55628.0: OK
results/formal_runs/synbios_moe/results/single_fsdp_4gpu/probe_pipeline/pilot/validation/operation_logs/synbios_p_probe_validation_p_birth_date_first/20260723-154533/events.jsonl: OK
results/formal_runs/synbios_moe/results/single_fsdp_4gpu/probe_pipeline/pilot/validation/operation_logs/synbios_p_probe_validation_p_birth_date_first/20260723-154533/events.out.tfevents.1784792733.ml-ubuntu22-04-desktop-v3-2-128gb-25m.55137.0: OK
results/formal_runs/synbios_moe/results/single_fsdp_4gpu/probe_pipeline/pilot/validation/operation_logs/synbios_p_probe_validation_p_company_city_first/20260723-154750/events.jsonl: OK
results/formal_runs/synbios_moe/results/single_fsdp_4gpu/probe_pipeline/pilot/validation/operation_logs/synbios_p_probe_validation_p_company_city_first/20260723-154750/events.out.tfevents.1784792870.ml-ubuntu22-04-desktop-v3-2-128gb-25m.57549.0: OK
results/formal_runs/synbios_moe/results/single_fsdp_4gpu/probe_pipeline/pilot/validation/operation_logs/synbios_p_probe_validation_p_company_city_whole/20260723-154807/events.jsonl: OK
results/formal_runs/synbios_moe/results/single_fsdp_4gpu/probe_pipeline/pilot/validation/operation_logs/synbios_p_probe_validation_p_company_city_whole/20260723-154807/events.out.tfevents.1784792887.ml-ubuntu22-04-desktop-v3-2-128gb-25m.57797.0: OK
results/formal_runs/synbios_moe/results/single_fsdp_4gpu/probe_pipeline/pilot/validation/operation_logs/synbios_p_probe_validation_p_company_first/20260723-154716/events.jsonl: OK
results/formal_runs/synbios_moe/results/single_fsdp_4gpu/probe_pipeline/pilot/validation/operation_logs/synbios_p_probe_validation_p_company_first/20260723-154716/events.out.tfevents.1784792836.ml-ubuntu22-04-desktop-v3-2-128gb-25m.56966.0: OK
results/formal_runs/synbios_moe/results/single_fsdp_4gpu/probe_pipeline/pilot/validation/operation_logs/synbios_p_probe_validation_p_company_whole/20260723-154734/events.jsonl: OK
results/formal_runs/synbios_moe/results/single_fsdp_4gpu/probe_pipeline/pilot/validation/operation_logs/synbios_p_probe_validation_p_company_whole/20260723-154734/events.out.tfevents.1784792854.ml-ubuntu22-04-desktop-v3-2-128gb-25m.57278.0: OK
results/formal_runs/synbios_moe/results/single_fsdp_4gpu/probe_pipeline/pilot/validation/operation_logs/synbios_p_probe_validation_p_major_first/20260723-154643/events.jsonl: OK
results/formal_runs/synbios_moe/results/single_fsdp_4gpu/probe_pipeline/pilot/validation/operation_logs/synbios_p_probe_validation_p_major_first/20260723-154643/events.out.tfevents.1784792803.ml-ubuntu22-04-desktop-v3-2-128gb-25m.56422.0: OK
results/formal_runs/synbios_moe/results/single_fsdp_4gpu/probe_pipeline/pilot/validation/operation_logs/synbios_p_probe_validation_p_major_whole/20260723-154700/events.jsonl: OK
results/formal_runs/synbios_moe/results/single_fsdp_4gpu/probe_pipeline/pilot/validation/operation_logs/synbios_p_probe_validation_p_major_whole/20260723-154700/events.out.tfevents.1784792820.ml-ubuntu22-04-desktop-v3-2-128gb-25m.56707.0: OK
results/formal_runs/synbios_moe/results/single_fsdp_4gpu/probe_pipeline/pilot/validation/operation_logs/synbios_p_probe_validation_p_university_first/20260723-154609/events.jsonl: OK
results/formal_runs/synbios_moe/results/single_fsdp_4gpu/probe_pipeline/pilot/validation/operation_logs/synbios_p_probe_validation_p_university_first/20260723-154609/events.out.tfevents.1784792769.ml-ubuntu22-04-desktop-v3-2-128gb-25m.55934.0: OK
results/formal_runs/synbios_moe/results/single_fsdp_4gpu/probe_pipeline/pilot/validation/operation_logs/synbios_p_probe_validation_p_university_whole/20260723-154625/events.jsonl: OK
results/formal_runs/synbios_moe/results/single_fsdp_4gpu/probe_pipeline/pilot/validation/operation_logs/synbios_p_probe_validation_p_university_whole/20260723-154625/events.out.tfevents.1784792785.ml-ubuntu22-04-desktop-v3-2-128gb-25m.56109.0: OK
results/formal_runs/synbios_moe/results/single_fsdp_4gpu/probe_pipeline/pilot/validation/operation_logs/synbios_q_probe_validation_q_birth_city_first/20260723-154533/events.jsonl: OK
results/formal_runs/synbios_moe/results/single_fsdp_4gpu/probe_pipeline/pilot/validation/operation_logs/synbios_q_probe_validation_q_birth_city_first/20260723-154533/events.out.tfevents.1784792733.ml-ubuntu22-04-desktop-v3-2-128gb-25m.55140.0: OK
results/formal_runs/synbios_moe/results/single_fsdp_4gpu/probe_pipeline/pilot/validation/operation_logs/synbios_q_probe_validation_q_birth_city_whole/20260723-154551/events.jsonl: OK
results/formal_runs/synbios_moe/results/single_fsdp_4gpu/probe_pipeline/pilot/validation/operation_logs/synbios_q_probe_validation_q_birth_city_whole/20260723-154551/events.out.tfevents.1784792751.ml-ubuntu22-04-desktop-v3-2-128gb-25m.55629.0: OK
results/formal_runs/synbios_moe/results/single_fsdp_4gpu/probe_pipeline/pilot/validation/operation_logs/synbios_q_probe_validation_q_birth_date_first/20260723-154532/events.jsonl: OK
results/formal_runs/synbios_moe/results/single_fsdp_4gpu/probe_pipeline/pilot/validation/operation_logs/synbios_q_probe_validation_q_birth_date_first/20260723-154532/events.out.tfevents.1784792732.ml-ubuntu22-04-desktop-v3-2-128gb-25m.55138.0: OK
results/formal_runs/synbios_moe/results/single_fsdp_4gpu/probe_pipeline/pilot/validation/operation_logs/synbios_q_probe_validation_q_company_city_first/20260723-154803/events.jsonl: OK
results/formal_runs/synbios_moe/results/single_fsdp_4gpu/probe_pipeline/pilot/validation/operation_logs/synbios_q_probe_validation_q_company_city_first/20260723-154803/events.out.tfevents.1784792883.ml-ubuntu22-04-desktop-v3-2-128gb-25m.57715.0: OK
results/formal_runs/synbios_moe/results/single_fsdp_4gpu/probe_pipeline/pilot/validation/operation_logs/synbios_q_probe_validation_q_company_city_whole/20260723-154820/events.jsonl: OK
results/formal_runs/synbios_moe/results/single_fsdp_4gpu/probe_pipeline/pilot/validation/operation_logs/synbios_q_probe_validation_q_company_city_whole/20260723-154820/events.out.tfevents.1784792900.ml-ubuntu22-04-desktop-v3-2-128gb-25m.58018.0: OK
results/formal_runs/synbios_moe/results/single_fsdp_4gpu/probe_pipeline/pilot/validation/operation_logs/synbios_q_probe_validation_q_company_first/20260723-154731/events.jsonl: OK
results/formal_runs/synbios_moe/results/single_fsdp_4gpu/probe_pipeline/pilot/validation/operation_logs/synbios_q_probe_validation_q_company_first/20260723-154731/events.out.tfevents.1784792851.ml-ubuntu22-04-desktop-v3-2-128gb-25m.57176.0: OK
results/formal_runs/synbios_moe/results/single_fsdp_4gpu/probe_pipeline/pilot/validation/operation_logs/synbios_q_probe_validation_q_company_whole/20260723-154747/events.jsonl: OK
results/formal_runs/synbios_moe/results/single_fsdp_4gpu/probe_pipeline/pilot/validation/operation_logs/synbios_q_probe_validation_q_company_whole/20260723-154747/events.out.tfevents.1784792867.ml-ubuntu22-04-desktop-v3-2-128gb-25m.57432.0: OK
results/formal_runs/synbios_moe/results/single_fsdp_4gpu/probe_pipeline/pilot/validation/operation_logs/synbios_q_probe_validation_q_major_first/20260723-154658/events.jsonl: OK
results/formal_runs/synbios_moe/results/single_fsdp_4gpu/probe_pipeline/pilot/validation/operation_logs/synbios_q_probe_validation_q_major_first/20260723-154658/events.out.tfevents.1784792818.ml-ubuntu22-04-desktop-v3-2-128gb-25m.56650.0: OK
results/formal_runs/synbios_moe/results/single_fsdp_4gpu/probe_pipeline/pilot/validation/operation_logs/synbios_q_probe_validation_q_major_whole/20260723-154715/events.jsonl: OK
results/formal_runs/synbios_moe/results/single_fsdp_4gpu/probe_pipeline/pilot/validation/operation_logs/synbios_q_probe_validation_q_major_whole/20260723-154715/events.out.tfevents.1784792835.ml-ubuntu22-04-desktop-v3-2-128gb-25m.56922.0: OK
results/formal_runs/synbios_moe/results/single_fsdp_4gpu/probe_pipeline/pilot/validation/operation_logs/synbios_q_probe_validation_q_university_first/20260723-154625/events.jsonl: OK
results/formal_runs/synbios_moe/results/single_fsdp_4gpu/probe_pipeline/pilot/validation/operation_logs/synbios_q_probe_validation_q_university_first/20260723-154625/events.out.tfevents.1784792785.ml-ubuntu22-04-desktop-v3-2-128gb-25m.56108.0: OK
results/formal_runs/synbios_moe/results/single_fsdp_4gpu/probe_pipeline/pilot/validation/operation_logs/synbios_q_probe_validation_q_university_whole/20260723-154642/events.jsonl: OK
results/formal_runs/synbios_moe/results/single_fsdp_4gpu/probe_pipeline/pilot/validation/operation_logs/synbios_q_probe_validation_q_university_whole/20260723-154642/events.out.tfevents.1784792802.ml-ubuntu22-04-desktop-v3-2-128gb-25m.56365.0: OK
results/formal_runs/synbios_moe/results/single_fsdp_4gpu/probe_pipeline/pilot/validation/p_birth_city_first.json: OK
results/formal_runs/synbios_moe/results/single_fsdp_4gpu/probe_pipeline/pilot/validation/p_birth_city_whole.json: OK
results/formal_runs/synbios_moe/results/single_fsdp_4gpu/probe_pipeline/pilot/validation/p_birth_date_first.json: OK
results/formal_runs/synbios_moe/results/single_fsdp_4gpu/probe_pipeline/pilot/validation/p_company_city_first.json: OK
results/formal_runs/synbios_moe/results/single_fsdp_4gpu/probe_pipeline/pilot/validation/p_company_city_whole.json: OK
results/formal_runs/synbios_moe/results/single_fsdp_4gpu/probe_pipeline/pilot/validation/p_company_first.json: OK
results/formal_runs/synbios_moe/results/single_fsdp_4gpu/probe_pipeline/pilot/validation/p_company_whole.json: OK
results/formal_runs/synbios_moe/results/single_fsdp_4gpu/probe_pipeline/pilot/validation/p_major_first.json: OK
results/formal_runs/synbios_moe/results/single_fsdp_4gpu/probe_pipeline/pilot/validation/p_major_whole.json: OK
results/formal_runs/synbios_moe/results/single_fsdp_4gpu/probe_pipeline/pilot/validation/p_university_first.json: OK
results/formal_runs/synbios_moe/results/single_fsdp_4gpu/probe_pipeline/pilot/validation/p_university_whole.json: OK
results/formal_runs/synbios_moe/results/single_fsdp_4gpu/probe_pipeline/pilot/validation/q_birth_city_first.json: OK
results/formal_runs/synbios_moe/results/single_fsdp_4gpu/probe_pipeline/pilot/validation/q_birth_city_whole.json: OK
results/formal_runs/synbios_moe/results/single_fsdp_4gpu/probe_pipeline/pilot/validation/q_birth_date_first.json: OK
results/formal_runs/synbios_moe/results/single_fsdp_4gpu/probe_pipeline/pilot/validation/q_company_city_first.json: OK
results/formal_runs/synbios_moe/results/single_fsdp_4gpu/probe_pipeline/pilot/validation/q_company_city_whole.json: OK
results/formal_runs/synbios_moe/results/single_fsdp_4gpu/probe_pipeline/pilot/validation/q_company_first.json: OK
results/formal_runs/synbios_moe/results/single_fsdp_4gpu/probe_pipeline/pilot/validation/q_company_whole.json: OK
results/formal_runs/synbios_moe/results/single_fsdp_4gpu/probe_pipeline/pilot/validation/q_major_first.json: OK
results/formal_runs/synbios_moe/results/single_fsdp_4gpu/probe_pipeline/pilot/validation/q_major_whole.json: OK
results/formal_runs/synbios_moe/results/single_fsdp_4gpu/probe_pipeline/pilot/validation/q_university_first.json: OK
results/formal_runs/synbios_moe/results/single_fsdp_4gpu/probe_pipeline/pilot/validation/q_university_whole.json: OK
results/formal_runs/synbios_moe/results/single_fsdp_4gpu/probe_pipeline/pretrain_gate.json: OK
results/formal_runs/synbios_moe/results/single_fsdp_4gpu/probe_pipeline/smoke/logs/train_p_university_whole.log: OK
results/formal_runs/synbios_moe/results/single_fsdp_4gpu/probe_pipeline/smoke/logs/train_q_university_whole.log: OK
results/formal_runs/synbios_moe/results/single_fsdp_4gpu/probe_pipeline/smoke/logs/validation_p_university_whole.log: OK
results/formal_runs/synbios_moe/results/single_fsdp_4gpu/probe_pipeline/smoke/logs/validation_q_university_whole.log: OK
results/formal_runs/synbios_moe/results/single_fsdp_4gpu/probe_pipeline/smoke/operation_logs/synbios_probe_pipeline_probe_pipeline/20260723-141305/events.jsonl: OK
results/formal_runs/synbios_moe/results/single_fsdp_4gpu/probe_pipeline/smoke/operation_logs/synbios_probe_pipeline_probe_pipeline/20260723-141305/events.out.tfevents.1784787185.ml-ubuntu22-04-desktop-v3-2-128gb-25m.22850.0: OK
results/formal_runs/synbios_moe/results/single_fsdp_4gpu/probe_pipeline/smoke/pipeline.json: OK
results/formal_runs/synbios_moe/results/single_fsdp_4gpu/probe_pipeline/smoke/pipeline_events.jsonl: OK
results/formal_runs/synbios_moe/results/single_fsdp_4gpu/probe_pipeline/smoke/summary/summary.csv: OK
results/formal_runs/synbios_moe/results/single_fsdp_4gpu/probe_pipeline/smoke/summary/summary.json: OK
results/formal_runs/synbios_moe/results/single_fsdp_4gpu/probe_pipeline/smoke/training/operation_logs/synbios_p_probe_p_university_whole/20260723-141601/events.jsonl: OK
results/formal_runs/synbios_moe/results/single_fsdp_4gpu/probe_pipeline/smoke/training/operation_logs/synbios_p_probe_p_university_whole/20260723-141601/events.out.tfevents.1784787361.ml-ubuntu22-04-desktop-v3-2-128gb-25m.23789.0: OK
results/formal_runs/synbios_moe/results/single_fsdp_4gpu/probe_pipeline/smoke/training/operation_logs/synbios_q_probe_q_university_whole/20260723-141601/events.jsonl: OK
results/formal_runs/synbios_moe/results/single_fsdp_4gpu/probe_pipeline/smoke/training/operation_logs/synbios_q_probe_q_university_whole/20260723-141601/events.out.tfevents.1784787361.ml-ubuntu22-04-desktop-v3-2-128gb-25m.23790.0: OK
results/formal_runs/synbios_moe/results/single_fsdp_4gpu/probe_pipeline/smoke/training/p_university_whole.json: OK
results/formal_runs/synbios_moe/results/single_fsdp_4gpu/probe_pipeline/smoke/training/q_university_whole.json: OK
results/formal_runs/synbios_moe/results/single_fsdp_4gpu/probe_pipeline/smoke/validation/operation_logs/synbios_p_probe_validation_p_university_whole/20260723-141845/events.jsonl: OK
results/formal_runs/synbios_moe/results/single_fsdp_4gpu/probe_pipeline/smoke/validation/operation_logs/synbios_p_probe_validation_p_university_whole/20260723-141845/events.out.tfevents.1784787525.ml-ubuntu22-04-desktop-v3-2-128gb-25m.24734.0: OK
results/formal_runs/synbios_moe/results/single_fsdp_4gpu/probe_pipeline/smoke/validation/operation_logs/synbios_q_probe_validation_q_university_whole/20260723-141845/events.jsonl: OK
results/formal_runs/synbios_moe/results/single_fsdp_4gpu/probe_pipeline/smoke/validation/operation_logs/synbios_q_probe_validation_q_university_whole/20260723-141845/events.out.tfevents.1784787525.ml-ubuntu22-04-desktop-v3-2-128gb-25m.24735.0: OK
results/formal_runs/synbios_moe/results/single_fsdp_4gpu/probe_pipeline/smoke/validation/p_university_whole.json: OK
results/formal_runs/synbios_moe/results/single_fsdp_4gpu/probe_pipeline/smoke/validation/q_university_whole.json: OK
results/formal_runs/synbios_moe/runs/synbios_moe_multi5_permute_fsdp_4gpu/20260721-144408/events.jsonl: OK
results/formal_runs/synbios_moe/runs/synbios_moe_multi5_permute_fsdp_4gpu/20260721-144408/events.out.tfevents.1784616248.ml-ubuntu22-04-desktop-v3-2-128gb-25m.42143.0: OK
results/formal_runs/synbios_moe/runs/synbios_moe_single_fsdp_4gpu/20260721-042956/events.jsonl: OK
results/formal_runs/synbios_moe/runs/synbios_moe_single_fsdp_4gpu/20260721-042956/events.out.tfevents.1784579396.ml-ubuntu22-04-desktop-v3-2-128gb-25m.173884.0: OK
results/formal_runs/synbios_moe/runs/synbios_moe_single_fsdp_4gpu/20260721-045620/events.jsonl: OK
results/formal_runs/synbios_moe/runs/synbios_moe_single_fsdp_4gpu/20260721-045620/events.out.tfevents.1784580980.ml-ubuntu22-04-desktop-v3-2-128gb-25m.191522.0: OK
results/logs/README.md: OK
results/logs/checkpoint_optimization_tests.log: OK
results/logs/cloze_full_validation_20260721-1409.log: OK
results/logs/cloze_probe_gate_validation_20260721-1433.log: OK
results/logs/cuda_build_sm89_d64_20260725T080800Z.log: OK
results/logs/cuda_build_sm89_d64_20260725T080800Z.status: OK
results/logs/distributed_server_benchmark_20260721_030256.log: OK
results/logs/distributed_server_benchmark_20260721_030344.log: OK
results/logs/distributed_server_benchmark_20260721_030458.log: OK
results/logs/distributed_server_benchmark_20260721_030801.log: OK
results/logs/distributed_server_benchmark_20260721_031255.log: OK
results/logs/distributed_server_benchmark_20260721_032837.log: OK
results/logs/export_fidelity_results.log: OK
results/logs/export_final_benchmark_20260726T024700Z.log: OK
results/logs/export_final_benchmark_20260726T024700Z.status: OK
results/logs/export_handoff_20260726T030000Z.log: OK
results/logs/export_handoff_20260726T030000Z.status: OK
results/logs/export_test_results.log: OK
results/logs/fidelity_fsdp4_preflight.log: OK
results/logs/fidelity_fsdp4_preflight_r2.log: OK
results/logs/fidelity_gpu_telemetry_tests.log: OK
results/logs/fidelity_gpu_telemetry_tests_rerun.log: OK
results/logs/final_export_r2_20260726T031900Z.log: OK
results/logs/final_regression_20260726T025900Z.log: OK
results/logs/final_regression_20260726T025900Z.status: OK
results/logs/final_regression_r2_20260726T031800Z.log: OK
results/logs/final_regression_r2_20260726T031800Z.status: OK
results/logs/formal_probe_comparison_20260724_0052.log: OK
results/logs/formal_report_export_20260724_0102.log: OK
results/logs/ground_truth_first_capacity_20260725T093100Z.log: OK
results/logs/ground_truth_first_capacity_20260725T093100Z.status: OK
results/logs/ground_truth_first_capacity_r2_20260725T093500Z.log: OK
results/logs/ground_truth_first_capacity_r2_20260725T093500Z.status: OK
results/logs/ground_truth_first_full_regression_20260725T095900Z.log: OK
results/logs/ground_truth_first_full_regression_20260725T095900Z.status: OK
results/logs/ground_truth_first_pilot4000_20260725T100100Z.log: OK
results/logs/ground_truth_first_pilot4000_20260725T100100Z.status: OK
results/logs/ground_truth_first_pilot4000_r2_20260725T101100Z.log: OK
results/logs/ground_truth_first_pilot4000_r2_20260725T101100Z.status: OK
results/logs/ground_truth_first_pval_boundary_20260725T094600Z.log: OK
results/logs/ground_truth_first_pval_boundary_20260725T094600Z.status: OK
results/logs/ground_truth_first_semantic_audit_20260725T092300Z.log: OK
results/logs/ground_truth_first_semantic_audit_20260725T092300Z.status: OK
results/logs/ground_truth_first_semantic_audit_r2_20260725T092400Z.log: OK
results/logs/ground_truth_first_semantic_audit_r2_20260725T092400Z.status: OK
results/logs/ground_truth_first_semantic_audit_r3_20260725T092700Z.log: OK
results/logs/ground_truth_first_semantic_audit_r3_20260725T092700Z.status: OK
results/logs/ground_truth_first_smoke_20260725T095200Z.log: OK
results/logs/ground_truth_first_smoke_r2_20260725T095500Z.log: OK
results/logs/ground_truth_first_smoke_r3_20260725T095800Z.log: OK
results/logs/ground_truth_first_smoke_r3_20260725T095800Z.status: OK
results/logs/ground_truth_single_pass_smoke_20260725T100900Z.log: OK
results/logs/ground_truth_single_pass_smoke_20260725T100900Z.status: OK
results/logs/install_nvidia_ml_py.log: OK
results/logs/kernel_export_20260725T090000Z.log: OK
results/logs/kernel_export_20260725T090000Z.status: OK
results/logs/kernel_extensions_20260725T085100Z.log: OK
results/logs/kernel_extensions_20260725T085100Z.status: OK
results/logs/kernel_industrial_20260725T082500Z.log: OK
results/logs/kernel_industrial_20260725T082500Z.status: OK
results/logs/kernel_quality_r2_20260725T084600Z.log: OK
results/logs/kernel_quality_r2_20260725T084600Z.status: OK
results/logs/multi5_cloze_full_gpu0_20260721.log: OK
results/logs/multi5_cloze_full_gpu1_20260721.log: OK
results/logs/multi5_cloze_full_gpu2_20260721.log: OK
results/logs/multi5_cloze_full_gpu3_20260721.log: OK
results/logs/multi5_results_validation_20260721.log: OK
results/logs/multi5_results_validation_20260721.status: OK
results/logs/prelaunch_full_tests.log: OK
results/logs/prepush_validation_20260721-1333.log: OK
results/logs/probe_capacity_multi5_20260723_1402.log: OK
results/logs/probe_capacity_multi5_r2_20260723_1404.log: OK
results/logs/probe_capacity_multi5_r3_20260723_1406.log: OK
results/logs/probe_diagnostic_oracle_multi5_20260724_0035.log: OK
results/logs/probe_diagnostic_report_20260724_0112.log: OK
results/logs/probe_diagnostic_report_export_20260724_0119.log: OK
results/logs/probe_diagnostic_report_r2_20260724_0113.log: OK
results/logs/probe_diagnostic_routes_multi5_20260724_0035.log: OK
results/logs/probe_diagnostics_export2_20260724_0044.log: OK
results/logs/probe_diagnostics_export_20260724_0042.log: OK
results/logs/probe_final_export_20260723_1745.log: OK
results/logs/probe_formal_multi5_20260723_2105.log: OK
results/logs/probe_formal_multi5_restart2_20260723_2145.log: OK
results/logs/probe_formal_multi5_retry_20260723_2137.log: OK
results/logs/probe_formal_preflight_20260723_1730.log: OK
results/logs/probe_formal_single_export_20260723_210112.log: OK
results/logs/probe_formal_single_final_20260723_1757.log: OK
results/logs/probe_pilot_multi5_20260723_1551.log: OK
results/logs/probe_pilot_multi5_export_20260723_1722.log: OK
results/logs/probe_pilot_multi5_export_20260723_1738.log: OK
results/logs/probe_pilot_single_20260723_1434.log: OK
results/logs/probe_pilot_single_export_20260723_1549.log: OK
results/logs/probe_preflight_cache_20260723_1359.log: OK
results/logs/probe_report_cleanup_20260726T031600Z.log: OK
results/logs/probe_report_cleanup_20260726T031600Z.status: OK
results/logs/probe_report_cleanup_r2_20260726T031800Z.log: OK
results/logs/probe_report_cleanup_r2_20260726T031800Z.status: OK
results/logs/probe_results_export_20260723_1410.log: OK
results/logs/probe_smoke_export_20260723_1433.log: OK
results/logs/probe_smoke_multi5_20260723_1420.log: OK
results/logs/probe_smoke_single_20260723_1412.log: OK
results/logs/probe_tensorboard_final_20260723_1800.log: OK
results/logs/probe_tensorboard_final_restart_20260723_1805.log: OK
results/logs/probe_tensorboard_formal_20260723_1750.log: OK
results/logs/probe_tensorboard_multi5_20260723_2133.log: OK
results/logs/readme_results_validation_20260721-1452.log: OK
results/logs/restore_main_20260724_0155.log: OK
results/logs/restore_main_history_push_20260724_0156.log: OK
results/logs/single_cloze_full_gpu0_20260721-1357.log: OK
results/logs/single_cloze_full_gpu1_20260721-1357-r2.log: OK
results/logs/single_cloze_full_gpu1_20260721-1357_duplicate_range0_r1.log: OK
results/logs/single_cloze_full_gpu2_20260721-1357-r2.log: OK
results/logs/single_cloze_full_gpu2_20260721-1357_duplicate_range0_r1.log: OK
results/logs/single_cloze_full_gpu3_20260721-1357-r2.log: OK
results/logs/single_cloze_full_gpu3_20260721-1357_duplicate_range0_r1.log: OK
results/logs/single_cloze_pilot_1000_20260721-1346-r2.log: OK
results/logs/single_cloze_pilot_1000_20260721-1346-r3.log: OK
results/logs/single_cloze_pilot_1000_20260721-1346-r4.log: OK
results/logs/single_cloze_pilot_1000_20260721-1346.log: OK
results/logs/synbios_backend_benchmark_20260725T111400Z.log: OK
results/logs/synbios_backend_benchmark_20260725T111400Z.status: OK
results/logs/synbios_backend_benchmark_20260725T112400Z.log: OK
results/logs/synbios_backend_benchmark_20260725T113500Z.log: OK
results/logs/synbios_backend_benchmark_resume_20260726T023800Z.log: OK
results/logs/synbios_backend_benchmark_resume_20260726T023800Z.status: OK
results/logs/synbios_final_export_20260724_0138.log: OK
results/logs/synbios_final_pytest_20260724_0136.log: OK
results/logs/synbios_git_push_20260724_0140.log: OK
results/logs/synbios_main_provenance_push_20260724_0149.log: OK
results/logs/synbios_main_push_20260724_0148.log: OK
results/logs/synbios_moe_fsdp4_b112_stability.log: OK
results/logs/synbios_moe_fsdp4_capacity_initial.log: OK
results/logs/synbios_moe_fsdp4_capacity_refine.log: OK
results/logs/synbios_moe_fsdp4_validation.log: OK
results/logs/synbios_moe_fsdp_scaling_b64.log: OK
results/logs/synbios_moe_multi5_permute_fsdp4_formal.log: OK
results/logs/synbios_moe_single_fsdp4_formal.log: OK
results/logs/synbios_moe_single_prepare.log: OK
results/logs/synbios_multi5_permute_prepare.log: OK
results/logs/synbios_provenance_push_20260724_0141.log: OK
results/logs/synbios_push_export_20260724_0135.log: OK
results/logs/synbios_repository_audit_20260724_0128.log: OK
results/logs/synbios_repository_audit_export_20260724_0131.log: OK
results/logs/synbios_repository_audit_export_r2_20260724_0134.log: OK
results/logs/tensorboard.log: OK
results/logs/tensorboard_20260721-1324.log: OK
results/smoke/checkpoints/rtx4090_single_1gpu/epoch_000000_step_000000001/COMMITTED: OK
results/smoke/checkpoints/rtx4090_single_1gpu/epoch_000000_step_000000001/distributed/.metadata: OK
results/smoke/checkpoints/rtx4090_single_1gpu/epoch_000000_step_000000001/rng_rank_00000.pt: OK
results/smoke/checkpoints/rtx4090_single_1gpu/epoch_000000_step_000000001/runtime.pt: OK
results/smoke/distributed_worker_fix.json: OK
results/smoke/local_runs/rtx4090_single_1gpu/20260721-030701/events.jsonl: OK
results/smoke/local_runs/rtx4090_single_1gpu/20260721-030701/events.out.tfevents.1784574421.ml-ubuntu22-04-desktop-v3-2-128gb-25m.44448.0: OK
results/smoke/single_worker.json: OK
results/validation/pytest_checkpoint_optimization.xml: OK
results/validation/pytest_fidelity_gpu_telemetry.xml: OK
results/validation/pytest_full.xml: OK
results/validation/pytest_probe_formal_preflight_20260723.xml: OK
results/validation/pytest_probe_preflight_20260723.xml: OK
results/validation/synbios_moe/checkpoints/synbios_moe_single_fsdp_4gpu_validation/epoch_000000_step_000000003/COMMITTED: OK
results/validation/synbios_moe/checkpoints/synbios_moe_single_fsdp_4gpu_validation/epoch_000000_step_000000003/distributed/.metadata: OK
results/validation/synbios_moe/checkpoints/synbios_moe_single_fsdp_4gpu_validation/epoch_000000_step_000000003/rng_rank_00000.pt: OK
results/validation/synbios_moe/checkpoints/synbios_moe_single_fsdp_4gpu_validation/epoch_000000_step_000000003/rng_rank_00001.pt: OK
results/validation/synbios_moe/checkpoints/synbios_moe_single_fsdp_4gpu_validation/epoch_000000_step_000000003/rng_rank_00002.pt: OK
results/validation/synbios_moe/checkpoints/synbios_moe_single_fsdp_4gpu_validation/epoch_000000_step_000000003/rng_rank_00003.pt: OK
results/validation/synbios_moe/checkpoints/synbios_moe_single_fsdp_4gpu_validation/epoch_000000_step_000000003/runtime.pt: OK
results/validation/synbios_moe/checkpoints/synbios_moe_single_fsdp_4gpu_validation/epoch_000000_step_000000005/COMMITTED: OK
results/validation/synbios_moe/checkpoints/synbios_moe_single_fsdp_4gpu_validation/epoch_000000_step_000000005/distributed/.metadata: OK
results/validation/synbios_moe/checkpoints/synbios_moe_single_fsdp_4gpu_validation/epoch_000000_step_000000005/rng_rank_00000.pt: OK
results/validation/synbios_moe/checkpoints/synbios_moe_single_fsdp_4gpu_validation/epoch_000000_step_000000005/rng_rank_00001.pt: OK
results/validation/synbios_moe/checkpoints/synbios_moe_single_fsdp_4gpu_validation/epoch_000000_step_000000005/rng_rank_00002.pt: OK
results/validation/synbios_moe/checkpoints/synbios_moe_single_fsdp_4gpu_validation/epoch_000000_step_000000005/rng_rank_00003.pt: OK
results/validation/synbios_moe/checkpoints/synbios_moe_single_fsdp_4gpu_validation/epoch_000000_step_000000005/runtime.pt: OK
results/validation/synbios_moe/runs/synbios_moe_single_fsdp_4gpu_validation/20260721-040232/events.jsonl: OK
results/validation/synbios_moe/runs/synbios_moe_single_fsdp_4gpu_validation/20260721-040232/events.out.tfevents.1784577753.ml-ubuntu22-04-desktop-v3-2-128gb-25m.150850.0: OK
results/validation/synbios_moe/runs/synbios_moe_single_fsdp_4gpu_validation/20260721-040324/events.jsonl: OK
results/validation/synbios_moe/runs/synbios_moe_single_fsdp_4gpu_validation/20260721-040324/events.out.tfevents.1784577804.ml-ubuntu22-04-desktop-v3-2-128gb-25m.152321.0: OK
results/validation/synbios_moe/runs/synbios_moe_single_fsdp_4gpu_validation/20260721-040610/events.jsonl: OK
results/validation/synbios_moe/runs/synbios_moe_single_fsdp_4gpu_validation/20260721-040610/events.out.tfevents.1784577970.ml-ubuntu22-04-desktop-v3-2-128gb-25m.154884.0: OK
results/validation/synbios_moe/runs/synbios_moe_single_fsdp_4gpu_validation/20260721-045343/events.jsonl: OK
results/validation/synbios_moe/runs/synbios_moe_single_fsdp_4gpu_validation/20260721-045343/events.out.tfevents.1784580823.ml-ubuntu22-04-desktop-v3-2-128gb-25m.189243.0: OK
