All checks passed!
........................................................................ [ 61%]
.............................................                            [100%]
=============================== warnings summary ===============================
tests/test_checkpoint_contract.py::test_full_checkpoint_resumes_adam_but_model_reader_ignores_it
tests/test_checkpoint_contract.py::test_safety_checkpoint_without_model_export_restores_training_state
  /home/ubuntu/mini-train-sys/.venv/lib/python3.10/site-packages/torch/distributed/checkpoint/state_dict_saver.py:143: UserWarning: torch.distributed is unavailable or uninitialized, assuming the intent is to save in a single process.
    warnings.warn(

tests/test_checkpoint_contract.py::test_full_checkpoint_resumes_adam_but_model_reader_ignores_it
tests/test_checkpoint_contract.py::test_safety_checkpoint_without_model_export_restores_training_state
tests/test_distributed_checkpoint.py::test_ddp_checkpoint_reshards_into_single_process
  /home/ubuntu/mini-train-sys/.venv/lib/python3.10/site-packages/torch/distributed/checkpoint/state_dict_loader.py:142: UserWarning: torch.distributed is unavailable or uninitialized, assuming the intent is to load in a single process.
    warnings.warn(

-- Docs: https://docs.pytest.org/en/stable/how-to/capture-warnings.html
117 passed, 5 warnings in 15.66s
{
  "valid": true,
  "cache": "/data/mini-train-sys/artifacts/synbios_moe/single/probe_cache",
  "source_data": "/data/mini-train-sys/artifacts/synbios_moe/single",
  "profiles": 100000,
  "p_examples": 100000,
  "q_examples": 100000,
  "coverage_complete": true,
  "missing_validation_class_counts": {},
  "missing_validation_classes": {}
}
[model_load] step 1/1 | tok/s 0.0 | items/s 0.0 | gpu-peak 1.09/23.65 GiB | 100.0% | ETA 0:00:00
[model_load] step 1/1 | tok/s 0.0 | items/s 0.0 | gpu-peak 1.09/23.65 GiB | 100.0% | ETA 0:00:00
[model_load] step 1/1 | tok/s 0.0 | items/s 0.0 | gpu-peak 1.09/23.65 GiB | 100.0% | ETA 0:00:00
[model_load] step 1/1 | tok/s 0.0 | items/s 0.0 | gpu-peak 1.09/23.65 GiB | 100.0% | ETA 0:00:00
[probe_train] step 1/4000 | loss 5.69086 | lr 1.000e-03 | acc 0.0000 | grad 2.547 | data-wait 5.6% | tok/s 4,500.8 | gpu-peak 8.11/23.65 GiB | gpu-util 5.8% | 0.0% | ETA 2:22:09
[probe_train] step 1/4000 | loss 5.48807 | lr 1.000e-03 | acc 0.0000 | grad 2.527 | data-wait 11.3% | tok/s 4,221.9 | gpu-peak 8.11/23.65 GiB | gpu-util 6.9% | 0.0% | ETA 2:31:33
[probe_train] step 1/4000 | loss 5.86945 | lr 1.000e-03 | acc 0.0000 | grad 2.490 | data-wait 7.6% | tok/s 4,331.5 | gpu-peak 8.11/23.65 GiB | gpu-util 7.1% | 0.0% | ETA 2:27:43
[probe_train] step 1/4000 | loss 4.77648 | lr 1.000e-03 | acc 0.0000 | grad 2.853 | data-wait 6.1% | tok/s 4,341.8 | gpu-peak 8.11/23.65 GiB | gpu-util 2.7% | 0.0% | ETA 2:27:22
[probe_train] step 100/4000 | loss 3.08690 | lr 9.752e-04 | acc 0.1246 | grad 2.379 | data-wait 4.3% | tok/s 43,197.2 | gpu-peak 8.77/23.65 GiB | gpu-util 82.7% | 2.5% | ETA 0:14:50
[probe_train] step 100/4000 | loss 1.54431 | lr 9.752e-04 | acc 0.2943 | grad 2.185 | data-wait 4.3% | tok/s 42,791.1 | gpu-peak 8.77/23.65 GiB | gpu-util 80.0% | 2.5% | ETA 0:14:58
[probe_train] step 100/4000 | loss 2.72691 | lr 9.752e-04 | acc 0.1261 | grad 2.456 | data-wait 4.0% | tok/s 42,388.4 | gpu-peak 8.77/23.65 GiB | gpu-util 81.0% | 2.5% | ETA 0:15:07
[probe_train] step 100/4000 | loss 2.52536 | lr 9.752e-04 | acc 0.1732 | grad 2.435 | data-wait 6.8% | tok/s 40,091.1 | gpu-peak 8.76/23.65 GiB | gpu-util 75.4% | 2.5% | ETA 0:15:59
[probe_train] step 200/4000 | loss 2.32253 | lr 9.502e-04 | acc 0.2621 | grad 2.287 | data-wait 3.0% | tok/s 44,946.0 | gpu-peak 8.77/23.65 GiB | gpu-util 82.0% | 5.0% | ETA 0:13:53
[probe_train] step 200/4000 | loss 2.44048 | lr 9.502e-04 | acc 0.2159 | grad 2.222 | data-wait 3.0% | tok/s 44,144.2 | gpu-peak 8.77/23.65 GiB | gpu-util 81.0% | 5.0% | ETA 0:14:08
[probe_train] step 200/4000 | loss 1.52138 | lr 9.502e-04 | acc 0.3775 | grad 2.188 | data-wait 3.6% | tok/s 44,095.0 | gpu-peak 8.77/23.65 GiB | gpu-util 78.5% | 5.0% | ETA 0:14:09
[probe_train] step 200/4000 | loss 1.94521 | lr 9.502e-04 | acc 0.3274 | grad 2.247 | data-wait 6.0% | tok/s 41,544.9 | gpu-peak 8.76/23.65 GiB | gpu-util 74.7% | 5.0% | ETA 0:15:01
[probe_train] step 300/4000 | loss 2.26689 | lr 9.252e-04 | acc 0.3562 | grad 2.209 | data-wait 3.0% | tok/s 45,450.6 | gpu-peak 8.77/23.65 GiB | gpu-util 81.8% | 7.5% | ETA 0:13:22
[probe_train] step 300/4000 | loss 2.39998 | lr 9.252e-04 | acc 0.2825 | grad 2.235 | data-wait 3.1% | tok/s 44,518.0 | gpu-peak 8.77/23.65 GiB | gpu-util 80.5% | 7.5% | ETA 0:13:38
[probe_train] step 300/4000 | loss 1.55395 | lr 9.252e-04 | acc 0.4070 | grad 2.030 | data-wait 3.2% | tok/s 44,492.0 | gpu-peak 8.77/23.65 GiB | gpu-util 78.7% | 7.5% | ETA 0:13:39
[probe_train] step 300/4000 | loss 1.76430 | lr 9.252e-04 | acc 0.4034 | grad 2.185 | data-wait 6.1% | tok/s 41,952.7 | gpu-peak 8.76/23.65 GiB | gpu-util 74.2% | 7.5% | ETA 0:14:28
[probe_train] step 400/4000 | loss 2.00649 | lr 9.002e-04 | acc 0.4113 | grad 2.066 | data-wait 3.0% | tok/s 45,654.8 | gpu-peak 8.77/23.65 GiB | gpu-util 81.6% | 10.0% | ETA 0:12:57
[probe_train] step 400/4000 | loss 2.33432 | lr 9.002e-04 | acc 0.3040 | grad 2.223 | data-wait 3.0% | tok/s 44,725.8 | gpu-peak 8.77/23.65 GiB | gpu-util 80.5% | 10.0% | ETA 0:13:13
[probe_train] step 400/4000 | loss 1.44898 | lr 9.002e-04 | acc 0.4241 | grad 1.887 | data-wait 3.2% | tok/s 44,702.8 | gpu-peak 8.77/23.65 GiB | gpu-util 79.0% | 10.0% | ETA 0:13:13
[probe_train] step 400/4000 | loss 1.62401 | lr 9.002e-04 | acc 0.4442 | grad 2.000 | data-wait 3.5% | tok/s 42,490.3 | gpu-peak 8.76/23.65 GiB | gpu-util 76.9% | 10.0% | ETA 0:13:55
[probe_train] step 500/4000 | loss 2.07510 | lr 8.752e-04 | acc 0.4488 | grad 2.089 | data-wait 3.0% | tok/s 45,686.0 | gpu-peak 8.77/23.65 GiB | gpu-util 80.7% | 12.5% | ETA 0:12:35
[probe_train] step 500/4000 | loss 2.17911 | lr 8.752e-04 | acc 0.3267 | grad 2.110 | data-wait 3.1% | tok/s 44,865.4 | gpu-peak 8.77/23.65 GiB | gpu-util 80.7% | 12.5% | ETA 0:12:49
[probe_train] step 500/4000 | loss 1.45761 | lr 8.752e-04 | acc 0.4284 | grad 1.949 | data-wait 3.1% | tok/s 44,824.5 | gpu-peak 8.77/23.65 GiB | gpu-util 79.2% | 12.5% | ETA 0:12:49
[probe_train] step 500/4000 | loss 1.61789 | lr 8.752e-04 | acc 0.4823 | grad 1.986 | data-wait 2.9% | tok/s 42,871.2 | gpu-peak 8.77/23.65 GiB | gpu-util 77.5% | 12.5% | ETA 0:13:24
[probe_train] step 600/4000 | loss 1.87478 | lr 8.502e-04 | acc 0.4962 | grad 2.002 | data-wait 3.1% | tok/s 45,688.5 | gpu-peak 8.77/23.65 GiB | gpu-util 80.5% | 15.0% | ETA 0:12:14
[probe_train] step 600/4000 | loss 2.14466 | lr 8.502e-04 | acc 0.3431 | grad 2.029 | data-wait 3.0% | tok/s 44,945.0 | gpu-peak 8.77/23.65 GiB | gpu-util 80.7% | 15.0% | ETA 0:12:26
[probe_train] step 600/4000 | loss 1.51527 | lr 8.502e-04 | acc 0.4542 | grad 1.828 | data-wait 3.2% | tok/s 44,850.9 | gpu-peak 8.77/23.65 GiB | gpu-util 78.5% | 15.0% | ETA 0:12:27
[probe_train] step 600/4000 | loss 1.55733 | lr 8.502e-04 | acc 0.5128 | grad 1.948 | data-wait 2.9% | tok/s 43,090.3 | gpu-peak 8.77/23.65 GiB | gpu-util 77.0% | 15.0% | ETA 0:12:58
[probe_train] step 700/4000 | loss 1.74161 | lr 8.252e-04 | acc 0.5210 | grad 1.932 | data-wait 3.1% | tok/s 45,689.0 | gpu-peak 8.77/23.65 GiB | gpu-util 80.7% | 17.5% | ETA 0:11:52
[probe_train] step 700/4000 | loss 2.46025 | lr 8.252e-04 | acc 0.3440 | grad 2.104 | data-wait 3.1% | tok/s 44,989.3 | gpu-peak 8.77/23.65 GiB | gpu-util 80.6% | 17.5% | ETA 0:12:03
[probe_train] step 700/4000 | loss 1.27754 | lr 8.252e-04 | acc 0.4577 | grad 1.816 | data-wait 3.4% | tok/s 44,838.0 | gpu-peak 8.77/23.65 GiB | gpu-util 78.3% | 17.5% | ETA 0:12:05
[probe_train] step 700/4000 | loss 1.21185 | lr 8.252e-04 | acc 0.5682 | grad 1.782 | data-wait 2.8% | tok/s 43,175.4 | gpu-peak 8.77/23.65 GiB | gpu-util 76.1% | 17.5% | ETA 0:12:33
[probe_train] step 800/4000 | loss 1.55746 | lr 8.002e-04 | acc 0.5396 | grad 1.826 | data-wait 3.0% | tok/s 45,718.0 | gpu-peak 8.87/23.65 GiB | gpu-util 81.1% | 20.0% | ETA 0:11:30
[probe_train] step 800/4000 | loss 2.26506 | lr 8.002e-04 | acc 0.3466 | grad 1.963 | data-wait 3.1% | tok/s 45,021.5 | gpu-peak 8.86/23.65 GiB | gpu-util 80.6% | 20.0% | ETA 0:11:41
[probe_train] step 800/4000 | loss 1.27648 | lr 8.002e-04 | acc 0.4722 | grad 1.686 | data-wait 3.3% | tok/s 44,852.6 | gpu-peak 8.86/23.65 GiB | gpu-util 78.6% | 20.0% | ETA 0:11:43
[probe_train] step 800/4000 | loss 1.12491 | lr 8.002e-04 | acc 0.6303 | grad 1.797 | data-wait 2.9% | tok/s 43,237.0 | gpu-peak 8.87/23.65 GiB | gpu-util 76.1% | 20.0% | ETA 0:12:10
[probe_train] step 900/4000 | loss 1.40993 | lr 7.752e-04 | acc 0.5641 | grad 1.719 | data-wait 3.3% | tok/s 45,637.9 | gpu-peak 8.87/23.65 GiB | gpu-util 79.6% | 22.5% | ETA 0:11:10
[probe_train] step 900/4000 | loss 2.09006 | lr 7.752e-04 | acc 0.3543 | grad 1.827 | data-wait 3.1% | tok/s 45,044.6 | gpu-peak 8.87/23.65 GiB | gpu-util 80.6% | 22.5% | ETA 0:11:18
[probe_train] step 900/4000 | loss 1.38996 | lr 7.752e-04 | acc 0.4716 | grad 1.733 | data-wait 3.1% | tok/s 44,871.2 | gpu-peak 8.87/23.65 GiB | gpu-util 78.7% | 22.5% | ETA 0:11:21
[probe_train] step 900/4000 | loss 0.94149 | lr 7.752e-04 | acc 0.6621 | grad 1.505 | data-wait 2.9% | tok/s 43,306.1 | gpu-peak 8.87/23.65 GiB | gpu-util 76.5% | 22.5% | ETA 0:11:46
[probe_train] step 1000/4000 | loss 1.55655 | lr 7.502e-04 | acc 0.5830 | grad 1.768 | data-wait 2.9% | tok/s 45,676.5 | gpu-peak 8.87/23.65 GiB | gpu-util 81.5% | 25.0% | ETA 0:10:47
[probe_checkpoint] step 1000/4000 saved /data/mini-train-sys/artifacts/synbios_moe/results/single_fsdp_4gpu/probe_pipeline/formal/diagnostics/ground_truth_first_whole_p_pilot4000_20260726T033800Z/p_university.recovery.pt
[probe_train] step 1000/4000 | loss 2.08386 | lr 7.502e-04 | acc 0.3590 | grad 1.853 | data-wait 3.0% | tok/s 45,053.3 | gpu-peak 8.87/23.65 GiB | gpu-util 80.8% | 25.0% | ETA 0:10:56
[probe_checkpoint] step 1000/4000 saved /data/mini-train-sys/artifacts/synbios_moe/results/single_fsdp_4gpu/probe_pipeline/formal/diagnostics/ground_truth_first_whole_p_pilot4000_20260726T033800Z/p_company.recovery.pt
[probe_train] step 1000/4000 | loss 1.31370 | lr 7.502e-04 | acc 0.4877 | grad 1.605 | data-wait 3.1% | tok/s 44,891.0 | gpu-peak 8.87/23.65 GiB | gpu-util 79.0% | 25.0% | ETA 0:10:59
[probe_checkpoint] step 1000/4000 saved /data/mini-train-sys/artifacts/synbios_moe/results/single_fsdp_4gpu/probe_pipeline/formal/diagnostics/ground_truth_first_whole_p_pilot4000_20260726T033800Z/p_major.recovery.pt
[probe_train] step 1000/4000 | loss 1.07812 | lr 7.502e-04 | acc 0.6916 | grad 1.786 | data-wait 2.8% | tok/s 43,324.6 | gpu-peak 8.87/23.65 GiB | gpu-util 75.8% | 25.0% | ETA 0:11:22
[probe_checkpoint] step 1000/4000 saved /data/mini-train-sys/artifacts/synbios_moe/results/single_fsdp_4gpu/probe_pipeline/formal/diagnostics/ground_truth_first_whole_p_pilot4000_20260726T033800Z/p_birth_city.recovery.pt
[probe_train] step 1100/4000 | loss 1.42886 | lr 7.252e-04 | acc 0.5879 | grad 1.742 | data-wait 2.9% | tok/s 45,690.7 | gpu-peak 8.87/23.65 GiB | gpu-util 81.1% | 27.5% | ETA 0:10:25
[probe_train] step 1100/4000 | loss 2.15943 | lr 7.252e-04 | acc 0.3680 | grad 1.863 | data-wait 3.1% | tok/s 45,036.4 | gpu-peak 8.87/23.65 GiB | gpu-util 80.1% | 27.5% | ETA 0:10:35
[probe_train] step 1100/4000 | loss 1.27645 | lr 7.252e-04 | acc 0.4951 | grad 1.541 | data-wait 3.1% | tok/s 44,865.3 | gpu-peak 8.87/23.65 GiB | gpu-util 78.1% | 27.5% | ETA 0:10:37
[probe_train] step 1100/4000 | loss 1.08626 | lr 7.252e-04 | acc 0.7175 | grad 2.198 | data-wait 2.8% | tok/s 43,329.8 | gpu-peak 8.87/23.65 GiB | gpu-util 75.7% | 27.5% | ETA 0:11:00
[probe_train] step 1200/4000 | loss 1.68654 | lr 7.002e-04 | acc 0.5964 | grad 1.836 | data-wait 2.9% | tok/s 45,731.3 | gpu-peak 8.87/23.65 GiB | gpu-util 81.7% | 30.0% | ETA 0:10:03
[probe_train] step 1200/4000 | loss 2.10803 | lr 7.002e-04 | acc 0.3695 | grad 1.799 | data-wait 3.1% | tok/s 45,033.3 | gpu-peak 8.87/23.65 GiB | gpu-util 80.3% | 30.0% | ETA 0:10:13
[probe_train] step 1200/4000 | loss 1.19865 | lr 7.002e-04 | acc 0.4958 | grad 1.529 | data-wait 3.0% | tok/s 44,869.6 | gpu-peak 8.87/23.65 GiB | gpu-util 78.8% | 30.0% | ETA 0:10:15
[probe_train] step 1200/4000 | loss 0.97278 | lr 7.002e-04 | acc 0.7289 | grad 2.597 | data-wait 2.8% | tok/s 43,356.4 | gpu-peak 8.87/23.65 GiB | gpu-util 76.1% | 30.0% | ETA 0:10:36
[probe_train] step 1300/4000 | loss 1.29766 | lr 6.752e-04 | acc 0.6020 | grad 1.598 | data-wait 2.9% | tok/s 45,757.0 | gpu-peak 8.87/23.65 GiB | gpu-util 81.5% | 32.5% | ETA 0:09:41
[probe_train] step 1300/4000 | loss 1.91100 | lr 6.752e-04 | acc 0.3732 | grad 1.670 | data-wait 3.1% | tok/s 45,031.9 | gpu-peak 8.87/23.65 GiB | gpu-util 80.1% | 32.5% | ETA 0:09:51
[probe_train] step 1300/4000 | loss 1.14379 | lr 6.752e-04 | acc 0.5026 | grad 1.609 | data-wait 3.0% | tok/s 44,880.3 | gpu-peak 8.87/23.65 GiB | gpu-util 78.7% | 32.5% | ETA 0:09:53
[probe_train] step 1300/4000 | loss 1.09614 | lr 6.752e-04 | acc 0.7437 | grad 1.693 | data-wait 2.8% | tok/s 43,367.1 | gpu-peak 8.87/23.65 GiB | gpu-util 75.8% | 32.5% | ETA 0:10:13
[probe_train] step 1400/4000 | loss 1.44280 | lr 6.502e-04 | acc 0.6132 | grad 1.676 | data-wait 2.9% | tok/s 45,784.7 | gpu-peak 8.87/23.65 GiB | gpu-util 81.6% | 35.0% | ETA 0:09:20
[probe_train] step 1400/4000 | loss 2.26470 | lr 6.502e-04 | acc 0.3704 | grad 1.791 | data-wait 3.2% | tok/s 45,030.0 | gpu-peak 8.87/23.65 GiB | gpu-util 80.1% | 35.0% | ETA 0:09:29
[probe_train] step 1400/4000 | loss 1.27319 | lr 6.502e-04 | acc 0.5037 | grad 1.483 | data-wait 3.1% | tok/s 44,890.3 | gpu-peak 8.87/23.65 GiB | gpu-util 78.8% | 35.0% | ETA 0:09:31
[probe_train] step 1400/4000 | loss 0.89425 | lr 6.502e-04 | acc 0.7564 | grad 1.534 | data-wait 2.8% | tok/s 43,396.2 | gpu-peak 8.87/23.65 GiB | gpu-util 76.3% | 35.0% | ETA 0:09:50
[probe_train] step 1500/4000 | loss 1.27804 | lr 6.252e-04 | acc 0.6170 | grad 1.613 | data-wait 2.9% | tok/s 45,804.9 | gpu-peak 8.87/23.65 GiB | gpu-util 81.5% | 37.5% | ETA 0:08:58
[probe_train] step 1500/4000 | loss 2.08100 | lr 6.252e-04 | acc 0.3695 | grad 1.718 | data-wait 3.2% | tok/s 45,012.8 | gpu-peak 8.87/23.65 GiB | gpu-util 79.9% | 37.5% | ETA 0:09:07
[probe_train] step 1500/4000 | loss 1.12577 | lr 6.252e-04 | acc 0.5037 | grad 1.418 | data-wait 3.1% | tok/s 44,899.3 | gpu-peak 8.87/23.65 GiB | gpu-util 78.8% | 37.5% | ETA 0:09:09
[probe_train] step 1500/4000 | loss 0.91508 | lr 6.252e-04 | acc 0.7677 | grad 1.756 | data-wait 2.8% | tok/s 43,418.2 | gpu-peak 8.87/23.65 GiB | gpu-util 76.2% | 37.5% | ETA 0:09:27
[probe_train] step 1600/4000 | loss 1.45102 | lr 6.002e-04 | acc 0.6210 | grad 1.648 | data-wait 2.9% | tok/s 45,816.5 | gpu-peak 8.87/23.65 GiB | gpu-util 81.3% | 40.0% | ETA 0:08:36
[probe_train] step 1600/4000 | loss 2.08589 | lr 6.002e-04 | acc 0.3743 | grad 1.724 | data-wait 3.1% | tok/s 45,001.6 | gpu-peak 8.87/23.65 GiB | gpu-util 80.0% | 40.0% | ETA 0:08:45
[probe_train] step 1600/4000 | loss 1.45405 | lr 6.002e-04 | acc 0.5116 | grad 1.556 | data-wait 3.1% | tok/s 44,893.6 | gpu-peak 8.87/23.65 GiB | gpu-util 78.5% | 40.0% | ETA 0:08:47
[probe_train] step 1600/4000 | loss 0.82855 | lr 6.002e-04 | acc 0.7766 | grad 1.411 | data-wait 2.9% | tok/s 43,452.2 | gpu-peak 8.87/23.65 GiB | gpu-util 76.7% | 40.0% | ETA 0:09:04
[probe_train] step 1700/4000 | loss 1.41845 | lr 5.751e-04 | acc 0.6353 | grad 1.629 | data-wait 2.9% | tok/s 45,829.2 | gpu-peak 8.87/23.65 GiB | gpu-util 81.5% | 42.5% | ETA 0:08:14
[probe_train] step 1700/4000 | loss 2.17473 | lr 5.751e-04 | acc 0.3733 | grad 1.796 | data-wait 3.0% | tok/s 44,999.4 | gpu-peak 8.87/23.65 GiB | gpu-util 80.2% | 42.5% | ETA 0:08:24
[probe_train] step 1700/4000 | loss 1.35333 | lr 5.751e-04 | acc 0.5183 | grad 1.498 | data-wait 3.3% | tok/s 44,881.2 | gpu-peak 8.87/23.65 GiB | gpu-util 78.2% | 42.5% | ETA 0:08:25
[probe_train] step 1700/4000 | loss 0.79211 | lr 5.751e-04 | acc 0.7827 | grad 1.474 | data-wait 3.0% | tok/s 43,595.8 | gpu-peak 8.87/23.65 GiB | gpu-util 80.3% | 42.5% | ETA 0:08:40
[probe_train] step 1800/4000 | loss 1.31303 | lr 5.501e-04 | acc 0.6327 | grad 1.584 | data-wait 2.9% | tok/s 45,846.1 | gpu-peak 8.87/23.65 GiB | gpu-util 81.6% | 45.0% | ETA 0:07:53
[probe_train] step 1800/4000 | loss 2.05154 | lr 5.501e-04 | acc 0.3797 | grad 1.735 | data-wait 3.1% | tok/s 44,991.7 | gpu-peak 8.87/23.65 GiB | gpu-util 80.0% | 45.0% | ETA 0:08:02
[probe_train] step 1800/4000 | loss 1.15728 | lr 5.501e-04 | acc 0.5190 | grad 1.476 | data-wait 3.0% | tok/s 44,897.4 | gpu-peak 8.87/23.65 GiB | gpu-util 79.0% | 45.0% | ETA 0:08:03
[probe_train] step 1800/4000 | loss 0.88539 | lr 5.501e-04 | acc 0.7836 | grad 1.724 | data-wait 3.1% | tok/s 43,747.6 | gpu-peak 8.87/23.65 GiB | gpu-util 81.3% | 45.0% | ETA 0:08:15
[probe_train] step 1900/4000 | loss 1.50246 | lr 5.251e-04 | acc 0.6336 | grad 1.679 | data-wait 2.9% | tok/s 45,855.7 | gpu-peak 8.87/23.65 GiB | gpu-util 81.4% | 47.5% | ETA 0:07:31
[probe_train] step 1900/4000 | loss 2.12066 | lr 5.251e-04 | acc 0.3791 | grad 1.649 | data-wait 3.1% | tok/s 44,978.6 | gpu-peak 8.87/23.65 GiB | gpu-util 79.8% | 47.5% | ETA 0:07:40
[probe_train] step 1900/4000 | loss 1.28354 | lr 5.251e-04 | acc 0.5209 | grad 1.528 | data-wait 3.0% | tok/s 44,901.5 | gpu-peak 8.87/23.65 GiB | gpu-util 78.9% | 47.5% | ETA 0:07:41
[probe_train] step 1900/4000 | loss 0.83752 | lr 5.251e-04 | acc 0.7834 | grad 1.414 | data-wait 3.0% | tok/s 43,873.6 | gpu-peak 8.87/23.65 GiB | gpu-util 80.8% | 47.5% | ETA 0:07:51
[probe_train] step 2000/4000 | loss 1.11043 | lr 5.001e-04 | acc 0.6451 | grad 1.347 | data-wait 2.9% | tok/s 45,848.5 | gpu-peak 8.87/23.65 GiB | gpu-util 80.8% | 50.0% | ETA 0:07:10
[probe_checkpoint] step 2000/4000 saved /data/mini-train-sys/artifacts/synbios_moe/results/single_fsdp_4gpu/probe_pipeline/formal/diagnostics/ground_truth_first_whole_p_pilot4000_20260726T033800Z/p_university.recovery.pt
[probe_train] step 2000/4000 | loss 1.98940 | lr 5.001e-04 | acc 0.3816 | grad 1.633 | data-wait 3.0% | tok/s 44,966.8 | gpu-peak 8.87/23.65 GiB | gpu-util 79.8% | 50.0% | ETA 0:07:18
[probe_checkpoint] step 2000/4000 saved /data/mini-train-sys/artifacts/synbios_moe/results/single_fsdp_4gpu/probe_pipeline/formal/diagnostics/ground_truth_first_whole_p_pilot4000_20260726T033800Z/p_company.recovery.pt
[probe_train] step 2000/4000 | loss 1.22797 | lr 5.001e-04 | acc 0.5268 | grad 1.390 | data-wait 3.0% | tok/s 44,892.0 | gpu-peak 8.87/23.65 GiB | gpu-util 78.3% | 50.0% | ETA 0:07:19
[probe_checkpoint] step 2000/4000 saved /data/mini-train-sys/artifacts/synbios_moe/results/single_fsdp_4gpu/probe_pipeline/formal/diagnostics/ground_truth_first_whole_p_pilot4000_20260726T033800Z/p_major.recovery.pt
[probe_train] step 2000/4000 | loss 0.63965 | lr 5.001e-04 | acc 0.7996 | grad 2.336 | data-wait 3.0% | tok/s 43,986.2 | gpu-peak 8.87/23.65 GiB | gpu-util 80.7% | 50.0% | ETA 0:07:28
[probe_checkpoint] step 2000/4000 saved /data/mini-train-sys/artifacts/synbios_moe/results/single_fsdp_4gpu/probe_pipeline/formal/diagnostics/ground_truth_first_whole_p_pilot4000_20260726T033800Z/p_birth_city.recovery.pt
[probe_train] step 2100/4000 | loss 1.42623 | lr 4.751e-04 | acc 0.6380 | grad 1.602 | data-wait 2.9% | tok/s 45,851.6 | gpu-peak 8.87/23.65 GiB | gpu-util 81.2% | 52.5% | ETA 0:06:48
[probe_train] step 2100/4000 | loss 1.97546 | lr 4.751e-04 | acc 0.3876 | grad 1.628 | data-wait 3.3% | tok/s 44,921.6 | gpu-peak 8.87/23.65 GiB | gpu-util 78.4% | 52.5% | ETA 0:06:57
[probe_train] step 2100/4000 | loss 1.34233 | lr 4.751e-04 | acc 0.5256 | grad 1.540 | data-wait 3.0% | tok/s 44,896.7 | gpu-peak 8.87/23.65 GiB | gpu-util 78.8% | 52.5% | ETA 0:06:57
[probe_train] step 2100/4000 | loss 0.92969 | lr 4.751e-04 | acc 0.7906 | grad 1.620 | data-wait 3.0% | tok/s 44,096.7 | gpu-peak 8.87/23.65 GiB | gpu-util 81.1% | 52.5% | ETA 0:07:04
[probe_train] step 2200/4000 | loss 1.10681 | lr 4.501e-04 | acc 0.6480 | grad 1.395 | data-wait 3.4% | tok/s 45,789.1 | gpu-peak 8.87/23.65 GiB | gpu-util 78.6% | 55.0% | ETA 0:06:27
[probe_train] step 2200/4000 | loss 1.03472 | lr 4.501e-04 | acc 0.5295 | grad 1.302 | data-wait 3.0% | tok/s 44,890.8 | gpu-peak 8.87/23.65 GiB | gpu-util 78.4% | 55.0% | ETA 0:06:35
[probe_train] step 2200/4000 | loss 2.06082 | lr 4.501e-04 | acc 0.3873 | grad 1.605 | data-wait 5.1% | tok/s 44,647.4 | gpu-peak 8.87/23.65 GiB | gpu-util 70.1% | 55.0% | ETA 0:06:37
[probe_train] step 2200/4000 | loss 0.88114 | lr 4.501e-04 | acc 0.7970 | grad 1.706 | data-wait 3.0% | tok/s 44,197.4 | gpu-peak 8.87/23.65 GiB | gpu-util 81.1% | 55.0% | ETA 0:06:41
[probe_train] step 2300/4000 | loss 1.14265 | lr 4.251e-04 | acc 0.6492 | grad 1.450 | data-wait 3.7% | tok/s 45,720.7 | gpu-peak 8.87/23.65 GiB | gpu-util 78.0% | 57.5% | ETA 0:06:06
[probe_train] step 2300/4000 | loss 1.13756 | lr 4.251e-04 | acc 0.5323 | grad 1.370 | data-wait 3.0% | tok/s 44,890.6 | gpu-peak 8.87/23.65 GiB | gpu-util 78.7% | 57.5% | ETA 0:06:13
[probe_train] step 2300/4000 | loss 1.87409 | lr 4.251e-04 | acc 0.3916 | grad 1.625 | data-wait 3.2% | tok/s 44,642.6 | gpu-peak 8.87/23.65 GiB | gpu-util 79.3% | 57.5% | ETA 0:06:15
[probe_train] step 2300/4000 | loss 0.75649 | lr 4.251e-04 | acc 0.8016 | grad 1.336 | data-wait 3.1% | tok/s 44,278.5 | gpu-peak 8.87/23.65 GiB | gpu-util 80.6% | 57.5% | ETA 0:06:18
[probe_train] step 2400/4000 | loss 1.06380 | lr 4.001e-04 | acc 0.6652 | grad 1.402 | data-wait 3.3% | tok/s 45,705.6 | gpu-peak 8.87/23.65 GiB | gpu-util 80.2% | 60.0% | ETA 0:05:45
[probe_train] step 2400/4000 | loss 1.19054 | lr 4.001e-04 | acc 0.5470 | grad 1.373 | data-wait 3.6% | tok/s 44,873.2 | gpu-peak 8.87/23.65 GiB | gpu-util 77.9% | 60.0% | ETA 0:05:51
[probe_train] step 2400/4000 | loss 1.65212 | lr 4.001e-04 | acc 0.3958 | grad 1.523 | data-wait 3.3% | tok/s 44,646.4 | gpu-peak 8.87/23.65 GiB | gpu-util 79.7% | 60.0% | ETA 0:05:53
[probe_train] step 2400/4000 | loss 0.58214 | lr 4.001e-04 | acc 0.8100 | grad 1.291 | data-wait 3.4% | tok/s 44,340.4 | gpu-peak 8.87/23.65 GiB | gpu-util 80.1% | 60.0% | ETA 0:05:55
[probe_train] step 2500/4000 | loss 1.15512 | lr 3.751e-04 | acc 0.6730 | grad 1.452 | data-wait 2.9% | tok/s 45,710.6 | gpu-peak 8.87/23.65 GiB | gpu-util 81.1% | 62.5% | ETA 0:05:23
[probe_train] step 2500/4000 | loss 1.16912 | lr 3.751e-04 | acc 0.5576 | grad 1.386 | data-wait 3.1% | tok/s 44,868.7 | gpu-peak 8.87/23.65 GiB | gpu-util 78.4% | 62.5% | ETA 0:05:29
[probe_train] step 2500/4000 | loss 1.94583 | lr 3.751e-04 | acc 0.4140 | grad 1.634 | data-wait 3.0% | tok/s 44,657.4 | gpu-peak 8.87/23.65 GiB | gpu-util 80.1% | 62.5% | ETA 0:05:31
[probe_train] step 2500/4000 | loss 0.67330 | lr 3.751e-04 | acc 0.8191 | grad 1.654 | data-wait 3.1% | tok/s 44,412.0 | gpu-peak 8.87/23.65 GiB | gpu-util 80.7% | 62.5% | ETA 0:05:33
[probe_train] step 2600/4000 | loss 1.11667 | lr 3.501e-04 | acc 0.6675 | grad 1.378 | data-wait 2.9% | tok/s 45,720.9 | gpu-peak 8.87/23.65 GiB | gpu-util 81.3% | 65.0% | ETA 0:05:01
[probe_train] step 2600/4000 | loss 1.15851 | lr 3.501e-04 | acc 0.5595 | grad 1.332 | data-wait 3.0% | tok/s 44,878.7 | gpu-peak 8.87/23.65 GiB | gpu-util 79.1% | 65.0% | ETA 0:05:07
[probe_train] step 2600/4000 | loss 1.87898 | lr 3.501e-04 | acc 0.4159 | grad 1.581 | data-wait 3.0% | tok/s 44,670.7 | gpu-peak 8.87/23.65 GiB | gpu-util 80.4% | 65.0% | ETA 0:05:09
[probe_train] step 2600/4000 | loss 0.58005 | lr 3.501e-04 | acc 0.8210 | grad 1.188 | data-wait 3.0% | tok/s 44,489.4 | gpu-peak 8.87/23.65 GiB | gpu-util 81.2% | 65.0% | ETA 0:05:10
[probe_train] step 2700/4000 | loss 1.17654 | lr 3.251e-04 | acc 0.6676 | grad 1.506 | data-wait 2.9% | tok/s 45,730.5 | gpu-peak 8.87/23.65 GiB | gpu-util 81.4% | 67.5% | ETA 0:04:40
[probe_train] step 2700/4000 | loss 1.25987 | lr 3.251e-04 | acc 0.5523 | grad 1.437 | data-wait 3.2% | tok/s 44,873.7 | gpu-peak 8.87/23.65 GiB | gpu-util 78.4% | 67.5% | ETA 0:04:45
[probe_train] step 2700/4000 | loss 1.89735 | lr 3.251e-04 | acc 0.4031 | grad 1.589 | data-wait 3.0% | tok/s 44,674.9 | gpu-peak 8.87/23.65 GiB | gpu-util 80.0% | 67.5% | ETA 0:04:46
[probe_train] step 2700/4000 | loss 0.70276 | lr 3.251e-04 | acc 0.8191 | grad 1.781 | data-wait 3.0% | tok/s 44,550.0 | gpu-peak 8.87/23.65 GiB | gpu-util 80.7% | 67.5% | ETA 0:04:47
[probe_train] step 2800/4000 | loss 1.23614 | lr 3.001e-04 | acc 0.6792 | grad 1.464 | data-wait 2.9% | tok/s 45,742.8 | gpu-peak 8.87/23.65 GiB | gpu-util 81.5% | 70.0% | ETA 0:04:18
[probe_train] step 2800/4000 | loss 1.17710 | lr 3.001e-04 | acc 0.5542 | grad 1.340 | data-wait 3.2% | tok/s 44,871.2 | gpu-peak 8.87/23.65 GiB | gpu-util 78.5% | 70.0% | ETA 0:04:23
[probe_train] step 2800/4000 | loss 2.02366 | lr 3.001e-04 | acc 0.4100 | grad 1.588 | data-wait 3.0% | tok/s 44,681.9 | gpu-peak 8.87/23.65 GiB | gpu-util 80.1% | 70.0% | ETA 0:04:24
[probe_train] step 2800/4000 | loss 0.78340 | lr 3.001e-04 | acc 0.8216 | grad 1.563 | data-wait 3.0% | tok/s 44,606.0 | gpu-peak 8.87/23.65 GiB | gpu-util 80.7% | 70.0% | ETA 0:04:25
[probe_train] step 2900/4000 | loss 1.14818 | lr 2.751e-04 | acc 0.6652 | grad 1.461 | data-wait 2.9% | tok/s 45,752.4 | gpu-peak 8.87/23.65 GiB | gpu-util 81.4% | 72.5% | ETA 0:03:57
[probe_train] step 2900/4000 | loss 1.18979 | lr 2.751e-04 | acc 0.5606 | grad 1.338 | data-wait 3.2% | tok/s 44,870.0 | gpu-peak 8.87/23.65 GiB | gpu-util 78.5% | 72.5% | ETA 0:04:01
[probe_train] step 2900/4000 | loss 1.85418 | lr 2.751e-04 | acc 0.4151 | grad 1.639 | data-wait 3.0% | tok/s 44,685.1 | gpu-peak 8.87/23.65 GiB | gpu-util 79.9% | 72.5% | ETA 0:04:02
[probe_train] step 2900/4000 | loss 0.66513 | lr 2.751e-04 | acc 0.8222 | grad 1.257 | data-wait 3.0% | tok/s 44,660.4 | gpu-peak 8.87/23.65 GiB | gpu-util 80.8% | 72.5% | ETA 0:04:02
[probe_train] step 3000/4000 | loss 1.11208 | lr 2.501e-04 | acc 0.6733 | grad 1.391 | data-wait 2.9% | tok/s 45,757.5 | gpu-peak 8.87/23.65 GiB | gpu-util 81.1% | 75.0% | ETA 0:03:35
[probe_checkpoint] step 3000/4000 saved /data/mini-train-sys/artifacts/synbios_moe/results/single_fsdp_4gpu/probe_pipeline/formal/diagnostics/ground_truth_first_whole_p_pilot4000_20260726T033800Z/p_university.recovery.pt
[probe_train] step 3000/4000 | loss 1.20258 | lr 2.501e-04 | acc 0.5598 | grad 1.374 | data-wait 3.2% | tok/s 44,863.3 | gpu-peak 8.87/23.65 GiB | gpu-util 78.2% | 75.0% | ETA 0:03:39
[probe_checkpoint] step 3000/4000 saved /data/mini-train-sys/artifacts/synbios_moe/results/single_fsdp_4gpu/probe_pipeline/formal/diagnostics/ground_truth_first_whole_p_pilot4000_20260726T033800Z/p_major.recovery.pt
[probe_train] step 3000/4000 | loss 0.67940 | lr 2.501e-04 | acc 0.8259 | grad 1.219 | data-wait 2.9% | tok/s 44,702.3 | gpu-peak 8.88/23.65 GiB | gpu-util 80.1% | 75.0% | ETA 0:03:40
[probe_checkpoint] step 3000/4000 saved /data/mini-train-sys/artifacts/synbios_moe/results/single_fsdp_4gpu/probe_pipeline/formal/diagnostics/ground_truth_first_whole_p_pilot4000_20260726T033800Z/p_birth_city.recovery.pt
[probe_train] step 3000/4000 | loss 1.82217 | lr 2.501e-04 | acc 0.4109 | grad 1.598 | data-wait 3.1% | tok/s 44,676.8 | gpu-peak 8.87/23.65 GiB | gpu-util 79.3% | 75.0% | ETA 0:03:40
[probe_checkpoint] step 3000/4000 saved /data/mini-train-sys/artifacts/synbios_moe/results/single_fsdp_4gpu/probe_pipeline/formal/diagnostics/ground_truth_first_whole_p_pilot4000_20260726T033800Z/p_company.recovery.pt
[probe_train] step 3100/4000 | loss 1.27703 | lr 2.251e-04 | acc 0.6703 | grad 1.539 | data-wait 2.9% | tok/s 45,764.4 | gpu-peak 8.87/23.65 GiB | gpu-util 81.3% | 77.5% | ETA 0:03:13
[probe_train] step 3100/4000 | loss 1.26163 | lr 2.251e-04 | acc 0.5600 | grad 1.418 | data-wait 3.2% | tok/s 44,860.9 | gpu-peak 8.87/23.65 GiB | gpu-util 78.5% | 77.5% | ETA 0:03:17
[probe_train] step 3100/4000 | loss 0.68497 | lr 2.251e-04 | acc 0.8258 | grad 1.487 | data-wait 3.0% | tok/s 44,743.7 | gpu-peak 8.88/23.65 GiB | gpu-util 80.3% | 77.5% | ETA 0:03:18
[probe_train] step 3100/4000 | loss 2.03231 | lr 2.251e-04 | acc 0.4076 | grad 1.662 | data-wait 3.0% | tok/s 44,677.9 | gpu-peak 8.87/23.65 GiB | gpu-util 79.8% | 77.5% | ETA 0:03:18
[probe_train] step 3200/4000 | loss 1.22844 | lr 2.001e-04 | acc 0.6730 | grad 1.458 | data-wait 2.9% | tok/s 45,773.2 | gpu-peak 8.87/23.65 GiB | gpu-util 81.3% | 80.0% | ETA 0:02:52
[probe_train] step 3200/4000 | loss 1.15575 | lr 2.001e-04 | acc 0.5587 | grad 1.349 | data-wait 3.0% | tok/s 44,884.1 | gpu-peak 8.87/23.65 GiB | gpu-util 80.0% | 80.0% | ETA 0:02:55
[probe_train] step 3200/4000 | loss 0.70112 | lr 2.001e-04 | acc 0.8220 | grad 1.262 | data-wait 3.0% | tok/s 44,782.0 | gpu-peak 8.88/23.65 GiB | gpu-util 80.2% | 80.0% | ETA 0:02:56
[probe_train] step 3200/4000 | loss 2.00308 | lr 2.001e-04 | acc 0.4095 | grad 1.645 | data-wait 3.0% | tok/s 44,675.5 | gpu-peak 8.87/23.65 GiB | gpu-util 79.4% | 80.0% | ETA 0:02:56
[probe_train] step 3300/4000 | loss 1.24006 | lr 1.750e-04 | acc 0.6694 | grad 1.516 | data-wait 2.9% | tok/s 45,778.4 | gpu-peak 8.87/23.65 GiB | gpu-util 81.3% | 82.5% | ETA 0:02:30
[probe_train] step 3300/4000 | loss 1.16557 | lr 1.750e-04 | acc 0.5598 | grad 1.474 | data-wait 3.0% | tok/s 44,914.7 | gpu-peak 8.87/23.65 GiB | gpu-util 80.5% | 82.5% | ETA 0:02:33
[probe_train] step 3300/4000 | loss 0.80294 | lr 1.750e-04 | acc 0.8200 | grad 1.393 | data-wait 3.0% | tok/s 44,820.6 | gpu-peak 8.88/23.65 GiB | gpu-util 80.5% | 82.5% | ETA 0:02:34
[probe_train] step 3300/4000 | loss 1.96228 | lr 1.750e-04 | acc 0.4105 | grad 1.583 | data-wait 3.0% | tok/s 44,671.5 | gpu-peak 8.87/23.65 GiB | gpu-util 79.5% | 82.5% | ETA 0:02:34
[probe_train] step 3400/4000 | loss 1.15684 | lr 1.500e-04 | acc 0.6743 | grad 1.464 | data-wait 2.9% | tok/s 45,787.2 | gpu-peak 8.87/23.65 GiB | gpu-util 81.5% | 85.0% | ETA 0:02:09
[probe_train] step 3400/4000 | loss 1.13217 | lr 1.500e-04 | acc 0.5666 | grad 1.297 | data-wait 3.0% | tok/s 44,949.1 | gpu-peak 8.87/23.65 GiB | gpu-util 81.0% | 85.0% | ETA 0:02:11
[probe_train] step 3400/4000 | loss 0.67648 | lr 1.500e-04 | acc 0.8256 | grad 1.236 | data-wait 3.0% | tok/s 44,853.0 | gpu-peak 8.88/23.65 GiB | gpu-util 80.1% | 85.0% | ETA 0:02:11
[probe_train] step 3400/4000 | loss 2.00922 | lr 1.500e-04 | acc 0.4139 | grad 1.587 | data-wait 2.9% | tok/s 44,680.1 | gpu-peak 8.87/23.65 GiB | gpu-util 80.2% | 85.0% | ETA 0:02:12
[probe_train] step 3500/4000 | loss 1.14844 | lr 1.250e-04 | acc 0.6747 | grad 1.423 | data-wait 3.0% | tok/s 45,775.0 | gpu-peak 8.87/23.65 GiB | gpu-util 80.1% | 87.5% | ETA 0:01:47
[probe_train] step 3500/4000 | loss 1.19504 | lr 1.250e-04 | acc 0.5609 | grad 1.387 | data-wait 3.0% | tok/s 44,981.3 | gpu-peak 8.87/23.65 GiB | gpu-util 81.0% | 87.5% | ETA 0:01:49
[probe_train] step 3500/4000 | loss 0.67190 | lr 1.250e-04 | acc 0.8241 | grad 1.290 | data-wait 3.0% | tok/s 44,888.9 | gpu-peak 8.88/23.65 GiB | gpu-util 80.5% | 87.5% | ETA 0:01:49
[probe_train] step 3500/4000 | loss 1.93951 | lr 1.250e-04 | acc 0.4061 | grad 1.609 | data-wait 3.0% | tok/s 44,685.1 | gpu-peak 8.87/23.65 GiB | gpu-util 80.0% | 87.5% | ETA 0:01:50
[probe_train] step 3600/4000 | loss 1.13234 | lr 1.000e-04 | acc 0.6738 | grad 1.397 | data-wait 3.1% | tok/s 45,762.1 | gpu-peak 8.87/23.65 GiB | gpu-util 80.0% | 90.0% | ETA 0:01:26
[probe_train] step 3600/4000 | loss 1.30858 | lr 1.000e-04 | acc 0.5673 | grad 1.449 | data-wait 3.0% | tok/s 45,012.2 | gpu-peak 8.87/23.65 GiB | gpu-util 81.1% | 90.0% | ETA 0:01:27
[probe_train] step 3600/4000 | loss 0.57109 | lr 1.000e-04 | acc 0.8306 | grad 1.173 | data-wait 3.0% | tok/s 44,926.7 | gpu-peak 8.88/23.65 GiB | gpu-util 80.9% | 90.0% | ETA 0:01:27
[probe_train] step 3600/4000 | loss 1.95375 | lr 1.000e-04 | acc 0.4087 | grad 1.646 | data-wait 2.9% | tok/s 44,689.4 | gpu-peak 8.87/23.65 GiB | gpu-util 80.1% | 90.0% | ETA 0:01:28
[probe_train] step 3700/4000 | loss 1.19430 | lr 7.502e-05 | acc 0.6774 | grad 1.453 | data-wait 3.2% | tok/s 45,743.3 | gpu-peak 8.87/23.65 GiB | gpu-util 79.6% | 92.5% | ETA 0:01:04
[probe_train] step 3700/4000 | loss 1.20633 | lr 7.502e-05 | acc 0.5597 | grad 1.316 | data-wait 3.0% | tok/s 45,044.6 | gpu-peak 8.87/23.65 GiB | gpu-util 81.2% | 92.5% | ETA 0:01:05
[probe_train] step 3700/4000 | loss 0.79228 | lr 7.502e-05 | acc 0.8301 | grad 1.308 | data-wait 3.0% | tok/s 44,951.6 | gpu-peak 8.88/23.65 GiB | gpu-util 80.0% | 92.5% | ETA 0:01:05
[probe_train] step 3700/4000 | loss 1.93111 | lr 7.502e-05 | acc 0.4144 | grad 1.561 | data-wait 3.0% | tok/s 44,688.9 | gpu-peak 8.87/23.65 GiB | gpu-util 79.7% | 92.5% | ETA 0:01:06
[probe_train] step 3800/4000 | loss 1.00667 | lr 5.001e-05 | acc 0.6821 | grad 1.356 | data-wait 3.0% | tok/s 45,733.5 | gpu-peak 8.87/23.65 GiB | gpu-util 80.2% | 95.0% | ETA 0:00:43
[probe_train] step 3800/4000 | loss 1.05167 | lr 5.001e-05 | acc 0.5602 | grad 1.259 | data-wait 3.0% | tok/s 45,073.2 | gpu-peak 8.87/23.65 GiB | gpu-util 81.0% | 95.0% | ETA 0:00:43
[probe_train] step 3800/4000 | loss 0.67298 | lr 5.001e-05 | acc 0.8305 | grad 1.139 | data-wait 3.0% | tok/s 44,977.4 | gpu-peak 8.88/23.65 GiB | gpu-util 80.1% | 95.0% | ETA 0:00:43
[probe_train] step 3800/4000 | loss 1.80962 | lr 5.001e-05 | acc 0.4134 | grad 1.551 | data-wait 3.0% | tok/s 44,689.5 | gpu-peak 8.87/23.65 GiB | gpu-util 79.7% | 95.0% | ETA 0:00:44
[probe_train] step 3900/4000 | loss 1.06168 | lr 2.501e-05 | acc 0.6734 | grad 1.383 | data-wait 3.0% | tok/s 45,719.8 | gpu-peak 8.87/23.65 GiB | gpu-util 79.8% | 97.5% | ETA 0:00:21
[probe_train] step 3900/4000 | loss 1.08625 | lr 2.501e-05 | acc 0.5706 | grad 1.275 | data-wait 3.0% | tok/s 45,096.7 | gpu-peak 8.87/23.65 GiB | gpu-util 80.7% | 97.5% | ETA 0:00:21
[probe_train] step 3900/4000 | loss 0.51919 | lr 2.501e-05 | acc 0.8255 | grad 1.093 | data-wait 2.9% | tok/s 45,001.4 | gpu-peak 8.88/23.65 GiB | gpu-util 80.0% | 97.5% | ETA 0:00:21
[probe_train] step 3900/4000 | loss 1.81281 | lr 2.501e-05 | acc 0.4123 | grad 1.553 | data-wait 3.0% | tok/s 44,683.0 | gpu-peak 8.87/23.65 GiB | gpu-util 79.3% | 97.5% | ETA 0:00:22
[probe_train] step 4000/4000 | loss 1.05830 | lr 0.000e+00 | acc 0.6743 | grad 1.373 | data-wait 3.1% | tok/s 45,701.9 | gpu-peak 8.87/23.65 GiB | gpu-util 79.2% | 100.0% | ETA 0:00:00
[ground_truth_probe_validation] {"event": "ground_truth_probe_validation", "step": 1, "batch": 1, "batches_total": 98, "progress_percent": 1.02, "elapsed_seconds": 1.954, "eta_seconds": 189.547, "items_processed": 3072, "items_per_sec": 1572.089, "tokens_processed": 251904, "tokens_per_sec": 128911.31, "accuracy_running": 0.6790364583333334, "accuracy_by_position_running": [0.07421875, 0.099609375, 0.943359375, 0.984375, 0.984375, 0.98828125], "gpu_memory_allocated_mb": 1142.93, "gpu_memory_reserved_mb": 22154.0, "gpu_peak_memory_allocated_mb": 8521.95, "gpu_memory_allocated_mb_max": 1142.93, "gpu_memory_reserved_mb_max": 22154.0, "gpu_peak_memory_allocated_mb_max": 8521.95, "gpu_memory_allocated_mb_total": 1142.93, "gpu_memory_reserved_mb_total": 22154.0, "gpu_memory_capacity_mb_max": 24217.31, "gpu_memory_capacity_mb_total": 24217.31, "gpu_memory_current_percent_max": 4.72, "gpu_memory_reserved_percent_max": 91.48, "gpu_memory_peak_percent_max": 35.19, "monitored_world_size": 1}
[probe_train] step 4000/4000 | loss 1.17313 | lr 0.000e+00 | acc 0.5677 | grad 1.309 | data-wait 3.2% | tok/s 45,097.1 | gpu-peak 8.87/23.65 GiB | gpu-util 79.1% | 100.0% | ETA 0:00:00
[probe_train] step 4000/4000 | loss 0.63761 | lr 0.000e+00 | acc 0.8287 | grad 1.434 | data-wait 3.1% | tok/s 45,016.5 | gpu-peak 8.88/23.65 GiB | gpu-util 79.5% | 100.0% | ETA 0:00:00
[ground_truth_probe_validation] {"event": "ground_truth_probe_validation", "step": 1, "batch": 1, "batches_total": 98, "progress_percent": 1.02, "elapsed_seconds": 2.232, "eta_seconds": 216.483, "items_processed": 3072, "items_per_sec": 1376.477, "tokens_processed": 251904, "tokens_per_sec": 112871.142, "accuracy_running": 0.5550130208333334, "accuracy_by_position_running": [0.21484375, 0.298828125, 0.283203125, 0.87890625, 0.92578125, 0.728515625], "gpu_memory_allocated_mb": 1140.24, "gpu_memory_reserved_mb": 10224.0, "gpu_peak_memory_allocated_mb": 8794.74, "gpu_memory_allocated_mb_max": 1140.24, "gpu_memory_reserved_mb_max": 10224.0, "gpu_peak_memory_allocated_mb_max": 8794.74, "gpu_memory_allocated_mb_total": 1140.24, "gpu_memory_reserved_mb_total": 10224.0, "gpu_memory_capacity_mb_max": 24217.31, "gpu_memory_capacity_mb_total": 24217.31, "gpu_memory_current_percent_max": 4.71, "gpu_memory_reserved_percent_max": 42.22, "gpu_memory_peak_percent_max": 36.32, "monitored_world_size": 1}
[ground_truth_probe_validation] {"event": "ground_truth_probe_validation", "step": 1, "batch": 1, "batches_total": 98, "progress_percent": 1.02, "elapsed_seconds": 2.292, "eta_seconds": 222.369, "items_processed": 3072, "items_per_sec": 1340.043, "tokens_processed": 251904, "tokens_per_sec": 109883.555, "accuracy_running": 0.8385416666666666, "accuracy_by_position_running": [0.13671875, 0.97265625, 0.970703125, 0.984375, 0.98828125, 0.978515625], "gpu_memory_allocated_mb": 1141.7, "gpu_memory_reserved_mb": 9262.0, "gpu_peak_memory_allocated_mb": 8521.37, "gpu_memory_allocated_mb_max": 1141.7, "gpu_memory_reserved_mb_max": 9262.0, "gpu_peak_memory_allocated_mb_max": 8521.37, "gpu_memory_allocated_mb_total": 1141.7, "gpu_memory_reserved_mb_total": 9262.0, "gpu_memory_capacity_mb_max": 24217.31, "gpu_memory_capacity_mb_total": 24217.31, "gpu_memory_current_percent_max": 4.71, "gpu_memory_reserved_percent_max": 38.25, "gpu_memory_peak_percent_max": 35.19, "monitored_world_size": 1}
[probe_train] step 4000/4000 | loss 2.01715 | lr 0.000e+00 | acc 0.4162 | grad 1.635 | data-wait 3.2% | tok/s 44,671.2 | gpu-peak 8.87/23.65 GiB | gpu-util 78.7% | 100.0% | ETA 0:00:00
[ground_truth_probe_validation] {"event": "ground_truth_probe_validation", "step": 1, "batch": 1, "batches_total": 98, "progress_percent": 1.02, "elapsed_seconds": 2.223, "eta_seconds": 215.612, "items_processed": 3072, "items_per_sec": 1382.037, "tokens_processed": 251904, "tokens_per_sec": 113326.995, "accuracy_running": 0.3876953125, "accuracy_by_position_running": [0.09765625, 0.09765625, 0.095703125, 0.130859375, 0.912109375, 0.9921875], "gpu_memory_allocated_mb": 1142.28, "gpu_memory_reserved_mb": 10160.0, "gpu_peak_memory_allocated_mb": 8910.81, "gpu_memory_allocated_mb_max": 1142.28, "gpu_memory_reserved_mb_max": 10160.0, "gpu_peak_memory_allocated_mb_max": 8910.81, "gpu_memory_allocated_mb_total": 1142.28, "gpu_memory_reserved_mb_total": 10160.0, "gpu_memory_capacity_mb_max": 24217.31, "gpu_memory_capacity_mb_total": 24217.31, "gpu_memory_current_percent_max": 4.72, "gpu_memory_reserved_percent_max": 41.95, "gpu_memory_peak_percent_max": 36.8, "monitored_world_size": 1}
[ground_truth_probe_validation] {"event": "ground_truth_probe_validation", "step": 98, "batch": 98, "batches_total": 98, "progress_percent": 100.0, "elapsed_seconds": 191.467, "eta_seconds": 0.0, "items_processed": 300708, "items_per_sec": 1570.551, "tokens_processed": 24342336, "tokens_per_sec": 127136.209, "accuracy_running": 0.676659749657475, "accuracy_by_position_running": [0.0805698551418652, 0.09900634502573925, 0.94227622810168, 0.9714673370844806, 0.9833193662955425, 0.9833193662955425], "gpu_memory_allocated_mb": 1143.31, "gpu_memory_reserved_mb": 10012.0, "gpu_peak_memory_allocated_mb": 8705.02, "gpu_memory_allocated_mb_max": 1143.31, "gpu_memory_reserved_mb_max": 10012.0, "gpu_peak_memory_allocated_mb_max": 8705.02, "gpu_memory_allocated_mb_total": 1143.31, "gpu_memory_reserved_mb_total": 10012.0, "gpu_memory_capacity_mb_max": 24217.31, "gpu_memory_capacity_mb_total": 24217.31, "gpu_memory_current_percent_max": 4.72, "gpu_memory_reserved_percent_max": 41.34, "gpu_memory_peak_percent_max": 35.95, "monitored_world_size": 1}
{"validation_accuracy": [0.676659749657475], "train_accuracy": null, "loss_curve": [{"step": 1, "loss": 5.869445323944092, "lr": 0.001, "accuracy": 0.0, "accuracy_by_position": [0.0], "grad_norm": 2.4904861450195312, "data_wait_ms": 167.19200800025646, "data_wait_percent": 7.550626601890239, "step_time_ms": 2214.2799109997213, "sequence_length": 75, "accuracy_position_0": 0.0, "gpu_compute_utilization_percent_local_min": 0.0, "gpu_compute_utilization_percent_local_mean": 7.076923076923077, "gpu_compute_utilization_percent_local_max": 39.0, "gpu_memory_controller_utilization_percent_local_min": 0.0, "gpu_memory_controller_utilization_percent_local_mean": 3.076923076923077, "gpu_memory_controller_utilization_percent_local_max": 20.0, "gpu_utilization_samples_local": 13.0}, {"step": 100, "loss": 3.0869011878967285, "lr": 0.0009752438109527382, "accuracy": 0.12460543215274811, "accuracy_by_position": [0.12460543215274811], "grad_norm": 2.3789315223693848, "data_wait_ms": 9.002247242421223, "data_wait_percent": 4.3230988603547855, "step_time_ms": 208.23597917171924, "sequence_length": 78, "accuracy_position_0": 0.12460543215274811, "gpu_compute_utilization_percent_local_min": 50.0, "gpu_compute_utilization_percent_local_mean": 82.68932038834951, "gpu_compute_utilization_percent_local_max": 87.0, "gpu_memory_controller_utilization_percent_local_min": 32.0, "gpu_memory_controller_utilization_percent_local_mean": 50.51456310679612, "gpu_memory_controller_utilization_percent_local_max": 54.0, "gpu_utilization_samples_local": 103.0}, {"step": 200, "loss": 2.322525978088379, "lr": 0.0009502375593898474, "accuracy": 0.2621093690395355, "accuracy_by_position": [0.2621093690395355], "grad_norm": 2.2868988513946533, "data_wait_ms": 6.3074374500001795, "data_wait_percent": 3.0018725263998496, "step_time_ms": 210.11676526999963, "sequence_length": 74, "accuracy_position_0": 0.2621093690395355, "gpu_compute_utilization_percent_local_min": 79.0, "gpu_compute_utilization_percent_local_mean": 82.01904761904763, "gpu_compute_utilization_percent_local_max": 85.0, "gpu_memory_controller_utilization_percent_local_min": 47.0, "gpu_memory_controller_utilization_percent_local_mean": 49.77142857142857, "gpu_memory_controller_utilization_percent_local_max": 52.0, "gpu_utilization_samples_local": 105.0}, {"step": 300, "loss": 2.2668862342834473, "lr": 0.0009252313078269567, "accuracy": 0.35624998807907104, "accuracy_by_position": [0.35624998807907104], "grad_norm": 2.208991527557373, "data_wait_ms": 6.313882679992275, "data_wait_percent": 2.980042266235905, "step_time_ms": 211.87225267000485, "sequence_length": 74, "accuracy_position_0": 0.35624998807907104, "gpu_compute_utilization_percent_local_min": 78.0, "gpu_compute_utilization_percent_local_mean": 81.75700934579439, "gpu_compute_utilization_percent_local_max": 86.0, "gpu_memory_controller_utilization_percent_local_min": 45.0, "gpu_memory_controller_utilization_percent_local_mean": 49.401869158878505, "gpu_memory_controller_utilization_percent_local_max": 53.0, "gpu_utilization_samples_local": 107.0}, {"step": 400, "loss": 2.006488561630249, "lr": 0.000900225056264066, "accuracy": 0.41132810711860657, "accuracy_by_position": [0.41132810711860657], "grad_norm": 2.0661306381225586, "data_wait_ms": 6.322621120016265, "data_wait_percent": 2.962925603235241, "step_time_ms": 213.3911534299932, "sequence_length": 76, "accuracy_position_0": 0.41132810711860657, "gpu_compute_utilization_percent_local_min": 78.0, "gpu_compute_utilization_percent_local_mean": 81.56603773584905, "gpu_compute_utilization_percent_local_max": 85.0, "gpu_memory_controller_utilization_percent_local_min": 46.0, "gpu_memory_controller_utilization_percent_local_mean": 49.24528301886792, "gpu_memory_controller_utilization_percent_local_max": 52.0, "gpu_utilization_samples_local": 106.0}, {"step": 500, "loss": 2.0751044750213623, "lr": 0.0008752188047011754, "accuracy": 0.4488281011581421, "accuracy_by_position": [0.4488281011581421], "grad_norm": 2.0890088081359863, "data_wait_ms": 6.439368990013463, "data_wait_percent": 2.9887969324205494, "step_time_ms": 215.45020072000625, "sequence_length": 75, "accuracy_position_0": 0.4488281011581421, "gpu_compute_utilization_percent_local_min": 73.0, "gpu_compute_utilization_percent_local_mean": 80.73394495412845, "gpu_compute_utilization_percent_local_max": 85.0, "gpu_memory_controller_utilization_percent_local_min": 42.0, "gpu_memory_controller_utilization_percent_local_mean": 48.72477064220183, "gpu_memory_controller_utilization_percent_local_max": 52.0, "gpu_utilization_samples_local": 109.0}, {"step": 600, "loss": 1.8747751712799072, "lr": 0.0008502125531382846, "accuracy": 0.49617186188697815, "accuracy_by_position": [0.49617186188697815], "grad_norm": 2.0020792484283447, "data_wait_ms": 6.605232160000014, "data_wait_percent": 3.054801134594064, "step_time_ms": 216.22462048999296, "sequence_length": 79, "accuracy_position_0": 0.49617186188697815, "gpu_compute_utilization_percent_local_min": 69.0, "gpu_compute_utilization_percent_local_mean": 80.54629629629629, "gpu_compute_utilization_percent_local_max": 84.0, "gpu_memory_controller_utilization_percent_local_min": 40.0, "gpu_memory_controller_utilization_percent_local_mean": 48.666666666666664, "gpu_memory_controller_utilization_percent_local_max": 52.0, "gpu_utilization_samples_local": 108.0}, {"step": 700, "loss": 1.74160897731781, "lr": 0.0008252063015753939, "accuracy": 0.5210155844688416, "accuracy_by_position": [0.5210155844688416], "grad_norm": 1.9321775436401367, "data_wait_ms": 6.648467289924156, "data_wait_percent": 3.0802506814008486, "step_time_ms": 215.84176022000065, "sequence_length": 77, "accuracy_position_0": 0.5210155844688416, "gpu_compute_utilization_percent_local_min": 70.0, "gpu_compute_utilization_percent_local_mean": 80.65137614678899, "gpu_compute_utilization_percent_local_max": 85.0, "gpu_memory_controller_utilization_percent_local_min": 40.0, "gpu_memory_controller_utilization_percent_local_mean": 48.62385321100918, "gpu_memory_controller_utilization_percent_local_max": 52.0, "gpu_utilization_samples_local": 109.0}, {"step": 800, "loss": 1.5574607849121094, "lr": 0.0008002000500125032, "accuracy": 0.5396093726158142, "accuracy_by_position": [0.5396093726158142], "grad_norm": 1.825899600982666, "data_wait_ms": 6.443652150037451, "data_wait_percent": 2.999137829247327, "step_time_ms": 214.85015084000224, "sequence_length": 75, "accuracy_position_0": 0.5396093726158142, "gpu_compute_utilization_percent_local_min": 66.0, "gpu_compute_utilization_percent_local_mean": 81.09345794392523, "gpu_compute_utilization_percent_local_max": 85.0, "gpu_memory_controller_utilization_percent_local_min": 38.0, "gpu_memory_controller_utilization_percent_local_mean": 48.73831775700935, "gpu_memory_controller_utilization_percent_local_max": 53.0, "gpu_utilization_samples_local": 107.0}, {"step": 900, "loss": 1.4099273681640625, "lr": 0.0007751937984496125, "accuracy": 0.5640624761581421, "accuracy_by_position": [0.5640624761581421], "grad_norm": 1.7191182374954224, "data_wait_ms": 7.251242509973963, "data_wait_percent": 3.3035630863565317, "step_time_ms": 219.49762485000065, "sequence_length": 78, "accuracy_position_0": 0.5640624761581421, "gpu_compute_utilization_percent_local_min": 60.0, "gpu_compute_utilization_percent_local_mean": 79.6036036036036, "gpu_compute_utilization_percent_local_max": 85.0, "gpu_memory_controller_utilization_percent_local_min": 35.0, "gpu_memory_controller_utilization_percent_local_mean": 47.891891891891895, "gpu_memory_controller_utilization_percent_local_max": 52.0, "gpu_utilization_samples_local": 111.0}, {"step": 1000, "loss": 1.5565475225448608, "lr": 0.0007501875468867216, "accuracy": 0.5829687118530273, "accuracy_by_position": [0.5829687118530273], "grad_norm": 1.7684619426727295, "data_wait_ms": 6.275666009987617, "data_wait_percent": 2.9369395090507564, "step_time_ms": 213.68046534999849, "sequence_length": 79, "accuracy_position_0": 0.5829687118530273, "gpu_compute_utilization_percent_local_min": 78.0, "gpu_compute_utilization_percent_local_mean": 81.4766355140187, "gpu_compute_utilization_percent_local_max": 86.0, "gpu_memory_controller_utilization_percent_local_min": 46.0, "gpu_memory_controller_utilization_percent_local_mean": 48.89719626168224, "gpu_memory_controller_utilization_percent_local_max": 52.0, "gpu_utilization_samples_local": 107.0}, {"step": 1100, "loss": 1.4288610219955444, "lr": 0.000725181295323831, "accuracy": 0.587890625, "accuracy_by_position": [0.587890625], "grad_norm": 1.7420158386230469, "data_wait_ms": 6.186848849993112, "data_wait_percent": 2.8754903872938082, "step_time_ms": 215.1580432100036, "sequence_length": 75, "accuracy_position_0": 0.587890625, "gpu_compute_utilization_percent_local_min": 51.0, "gpu_compute_utilization_percent_local_mean": 81.13888888888889, "gpu_compute_utilization_percent_local_max": 86.0, "gpu_memory_controller_utilization_percent_local_min": 30.0, "gpu_memory_controller_utilization_percent_local_mean": 48.648148148148145, "gpu_memory_controller_utilization_percent_local_max": 53.0, "gpu_utilization_samples_local": 108.0}, {"step": 1200, "loss": 1.686538577079773, "lr": 0.0007001750437609402, "accuracy": 0.5964062213897705, "accuracy_by_position": [0.5964062213897705], "grad_norm": 1.8356387615203857, "data_wait_ms": 6.206506900034583, "data_wait_percent": 2.9044486730351387, "step_time_ms": 213.68967396999324, "sequence_length": 78, "accuracy_position_0": 0.5964062213897705, "gpu_compute_utilization_percent_local_min": 79.0, "gpu_compute_utilization_percent_local_mean": 81.73831775700934, "gpu_compute_utilization_percent_local_max": 85.0, "gpu_memory_controller_utilization_percent_local_min": 46.0, "gpu_memory_controller_utilization_percent_local_mean": 49.03738317757009, "gpu_memory_controller_utilization_percent_local_max": 52.0, "gpu_utilization_samples_local": 107.0}, {"step": 1300, "loss": 1.297663927078247, "lr": 0.0006751687921980496, "accuracy": 0.6020312309265137, "accuracy_by_position": [0.6020312309265137], "grad_norm": 1.5983502864837646, "data_wait_ms": 6.242716929982635, "data_wait_percent": 2.9221322358618087, "step_time_ms": 213.63567512000373, "sequence_length": 77, "accuracy_position_0": 0.6020312309265137, "gpu_compute_utilization_percent_local_min": 77.0, "gpu_compute_utilization_percent_local_mean": 81.46728971962617, "gpu_compute_utilization_percent_local_max": 85.0, "gpu_memory_controller_utilization_percent_local_min": 45.0, "gpu_memory_controller_utilization_percent_local_mean": 48.85981308411215, "gpu_memory_controller_utilization_percent_local_max": 52.0, "gpu_utilization_samples_local": 107.0}, {"step": 1400, "loss": 1.4428033828735352, "lr": 0.0006501625406351587, "accuracy": 0.6132031083106995, "accuracy_by_position": [0.6132031083106995], "grad_norm": 1.6762745380401611, "data_wait_ms": 6.2264039399633475, "data_wait_percent": 2.9039302525907624, "step_time_ms": 214.41299887999776, "sequence_length": 79, "accuracy_position_0": 0.6132031083106995, "gpu_compute_utilization_percent_local_min": 79.0, "gpu_compute_utilization_percent_local_mean": 81.55555555555556, "gpu_compute_utilization_percent_local_max": 85.0, "gpu_memory_controller_utilization_percent_local_min": 46.0, "gpu_memory_controller_utilization_percent_local_mean": 48.9537037037037, "gpu_memory_controller_utilization_percent_local_max": 53.0, "gpu_utilization_samples_local": 108.0}, {"step": 1500, "loss": 1.2780426740646362, "lr": 0.000625156289072268, "accuracy": 0.6169531345367432, "accuracy_by_position": [0.6169531345367432], "grad_norm": 1.6126154661178589, "data_wait_ms": 6.228687060010998, "data_wait_percent": 2.9191983524279985, "step_time_ms": 213.3697785500044, "sequence_length": 75, "accuracy_position_0": 0.6169531345367432, "gpu_compute_utilization_percent_local_min": 78.0, "gpu_compute_utilization_percent_local_mean": 81.46728971962617, "gpu_compute_utilization_percent_local_max": 85.0, "gpu_memory_controller_utilization_percent_local_min": 46.0, "gpu_memory_controller_utilization_percent_local_mean": 48.822429906542055, "gpu_memory_controller_utilization_percent_local_max": 52.0, "gpu_utilization_samples_local": 107.0}, {"step": 1600, "loss": 1.451017141342163, "lr": 0.0006001500375093774, "accuracy": 0.6210156083106995, "accuracy_by_position": [0.6210156083106995], "grad_norm": 1.6478854417800903, "data_wait_ms": 6.2618314300743805, "data_wait_percent": 2.9212255368896214, "step_time_ms": 214.35631555999862, "sequence_length": 78, "accuracy_position_0": 0.6210156083106995, "gpu_compute_utilization_percent_local_min": 77.0, "gpu_compute_utilization_percent_local_mean": 81.26168224299066, "gpu_compute_utilization_percent_local_max": 85.0, "gpu_memory_controller_utilization_percent_local_min": 45.0, "gpu_memory_controller_utilization_percent_local_mean": 48.74766355140187, "gpu_memory_controller_utilization_percent_local_max": 52.0, "gpu_utilization_samples_local": 107.0}, {"step": 1700, "loss": 1.4184542894363403, "lr": 0.0005751437859464867, "accuracy": 0.6353124976158142, "accuracy_by_position": [0.6353124976158142], "grad_norm": 1.6287668943405151, "data_wait_ms": 6.241457880032613, "data_wait_percent": 2.913627259530161, "step_time_ms": 214.21607240999947, "sequence_length": 78, "accuracy_position_0": 0.6353124976158142, "gpu_compute_utilization_percent_local_min": 77.0, "gpu_compute_utilization_percent_local_mean": 81.45370370370371, "gpu_compute_utilization_percent_local_max": 85.0, "gpu_memory_controller_utilization_percent_local_min": 44.0, "gpu_memory_controller_utilization_percent_local_mean": 48.7962962962963, "gpu_memory_controller_utilization_percent_local_max": 52.0, "gpu_utilization_samples_local": 108.0}, {"step": 1800, "loss": 1.313034176826477, "lr": 0.0005501375343835959, "accuracy": 0.6326562166213989, "accuracy_by_position": [0.6326562166213989], "grad_norm": 1.5840297937393188, "data_wait_ms": 6.319337569993877, "data_wait_percent": 2.949908791075545, "step_time_ms": 214.22145624000223, "sequence_length": 76, "accuracy_position_0": 0.6326562166213989, "gpu_compute_utilization_percent_local_min": 79.0, "gpu_compute_utilization_percent_local_mean": 81.57009345794393, "gpu_compute_utilization_percent_local_max": 85.0, "gpu_memory_controller_utilization_percent_local_min": 46.0, "gpu_memory_controller_utilization_percent_local_mean": 48.953271028037385, "gpu_memory_controller_utilization_percent_local_max": 51.0, "gpu_utilization_samples_local": 107.0}, {"step": 1900, "loss": 1.5024559497833252, "lr": 0.0005251312828207052, "accuracy": 0.633593738079071, "accuracy_by_position": [0.633593738079071], "grad_norm": 1.6787691116333008, "data_wait_ms": 6.25934831999075, "data_wait_percent": 2.9327899969278017, "step_time_ms": 213.4264071599955, "sequence_length": 76, "accuracy_position_0": 0.633593738079071, "gpu_compute_utilization_percent_local_min": 76.0, "gpu_compute_utilization_percent_local_mean": 81.42592592592592, "gpu_compute_utilization_percent_local_max": 85.0, "gpu_memory_controller_utilization_percent_local_min": 45.0, "gpu_memory_controller_utilization_percent_local_mean": 48.75, "gpu_memory_controller_utilization_percent_local_max": 52.0, "gpu_utilization_samples_local": 108.0}, {"step": 2000, "loss": 1.1104304790496826, "lr": 0.0005001250312578145, "accuracy": 0.6450781226158142, "accuracy_by_position": [0.6450781226158142], "grad_norm": 1.346896767616272, "data_wait_ms": 6.2566318200515525, "data_wait_percent": 2.8957877523934967, "step_time_ms": 216.05975144000695, "sequence_length": 81, "accuracy_position_0": 0.6450781226158142, "gpu_compute_utilization_percent_local_min": 45.0, "gpu_compute_utilization_percent_local_mean": 80.83333333333333, "gpu_compute_utilization_percent_local_max": 85.0, "gpu_memory_controller_utilization_percent_local_min": 27.0, "gpu_memory_controller_utilization_percent_local_mean": 48.46296296296296, "gpu_memory_controller_utilization_percent_local_max": 52.0, "gpu_utilization_samples_local": 108.0}, {"step": 2100, "loss": 1.426226019859314, "lr": 0.00047511877969492376, "accuracy": 0.6380468606948853, "accuracy_by_position": [0.6380468606948853], "grad_norm": 1.6017094850540161, "data_wait_ms": 6.242890639960024, "data_wait_percent": 2.906463770781566, "step_time_ms": 214.79334105999442, "sequence_length": 76, "accuracy_position_0": 0.6380468606948853, "gpu_compute_utilization_percent_local_min": 77.0, "gpu_compute_utilization_percent_local_mean": 81.1574074074074, "gpu_compute_utilization_percent_local_max": 85.0, "gpu_memory_controller_utilization_percent_local_min": 45.0, "gpu_memory_controller_utilization_percent_local_mean": 48.68518518518518, "gpu_memory_controller_utilization_percent_local_max": 52.0, "gpu_utilization_samples_local": 108.0}, {"step": 2200, "loss": 1.1068059206008911, "lr": 0.0004501125281320331, "accuracy": 0.6480468511581421, "accuracy_by_position": [0.6480468511581421], "grad_norm": 1.3952285051345825, "data_wait_ms": 7.495944169986615, "data_wait_percent": 3.386891597289019, "step_time_ms": 221.322234700001, "sequence_length": 75, "accuracy_position_0": 0.6480468511581421, "gpu_compute_utilization_percent_local_min": 62.0, "gpu_compute_utilization_percent_local_mean": 78.62162162162163, "gpu_compute_utilization_percent_local_max": 85.0, "gpu_memory_controller_utilization_percent_local_min": 36.0, "gpu_memory_controller_utilization_percent_local_mean": 47.270270270270274, "gpu_memory_controller_utilization_percent_local_max": 51.0, "gpu_utilization_samples_local": 111.0}, {"step": 2300, "loss": 1.1426466703414917, "lr": 0.00042510627656914223, "accuracy": 0.649218738079071, "accuracy_by_position": [0.649218738079071], "grad_norm": 1.450018286705017, "data_wait_ms": 8.181230739992316, "data_wait_percent": 3.6654430293635287, "step_time_ms": 223.1989605200033, "sequence_length": 76, "accuracy_position_0": 0.649218738079071, "gpu_compute_utilization_percent_local_min": 60.0, "gpu_compute_utilization_percent_local_mean": 77.97321428571429, "gpu_compute_utilization_percent_local_max": 84.0, "gpu_memory_controller_utilization_percent_local_min": 35.0, "gpu_memory_controller_utilization_percent_local_mean": 47.00892857142857, "gpu_memory_controller_utilization_percent_local_max": 52.0, "gpu_utilization_samples_local": 112.0}, {"step": 2400, "loss": 1.0638015270233154, "lr": 0.00040010002500625154, "accuracy": 0.665234386920929, "accuracy_by_position": [0.665234386920929], "grad_norm": 1.4020781517028809, "data_wait_ms": 7.066817380009525, "data_wait_percent": 3.2696787583076183, "step_time_ms": 216.13185582999904, "sequence_length": 79, "accuracy_position_0": 0.665234386920929, "gpu_compute_utilization_percent_local_min": 50.0, "gpu_compute_utilization_percent_local_mean": 80.17592592592592, "gpu_compute_utilization_percent_local_max": 84.0, "gpu_memory_controller_utilization_percent_local_min": 29.0, "gpu_memory_controller_utilization_percent_local_mean": 47.97222222222222, "gpu_memory_controller_utilization_percent_local_max": 51.0, "gpu_utilization_samples_local": 108.0}, {"step": 2500, "loss": 1.1551183462142944, "lr": 0.0003750937734433608, "accuracy": 0.673046886920929, "accuracy_by_position": [0.673046886920929], "grad_norm": 1.4517287015914917, "data_wait_ms": 6.255852650047018, "data_wait_percent": 2.90561801487862, "step_time_ms": 215.30196392000107, "sequence_length": 76, "accuracy_position_0": 0.673046886920929, "gpu_compute_utilization_percent_local_min": 77.0, "gpu_compute_utilization_percent_local_mean": 81.0925925925926, "gpu_compute_utilization_percent_local_max": 85.0, "gpu_memory_controller_utilization_percent_local_min": 44.0, "gpu_memory_controller_utilization_percent_local_mean": 48.592592592592595, "gpu_memory_controller_utilization_percent_local_max": 51.0, "gpu_utilization_samples_local": 108.0}, {"step": 2600, "loss": 1.1166659593582153, "lr": 0.0003500875218804701, "accuracy": 0.6674999594688416, "accuracy_by_position": [0.6674999594688416], "grad_norm": 1.377709984779358, "data_wait_ms": 6.2677826700473815, "data_wait_percent": 2.916419264343317, "step_time_ms": 214.91363559000092, "sequence_length": 77, "accuracy_position_0": 0.6674999594688416, "gpu_compute_utilization_percent_local_min": 76.0, "gpu_compute_utilization_percent_local_mean": 81.31481481481481, "gpu_compute_utilization_percent_local_max": 85.0, "gpu_memory_controller_utilization_percent_local_min": 45.0, "gpu_memory_controller_utilization_percent_local_mean": 48.77777777777778, "gpu_memory_controller_utilization_percent_local_max": 51.0, "gpu_utilization_samples_local": 108.0}, {"step": 2700, "loss": 1.176535964012146, "lr": 0.00032508127031757937, "accuracy": 0.6675781011581421, "accuracy_by_position": [0.6675781011581421], "grad_norm": 1.5055702924728394, "data_wait_ms": 6.252054889973806, "data_wait_percent": 2.919787223888225, "step_time_ms": 214.12707195999246, "sequence_length": 77, "accuracy_position_0": 0.6675781011581421, "gpu_compute_utilization_percent_local_min": 79.0, "gpu_compute_utilization_percent_local_mean": 81.37037037037037, "gpu_compute_utilization_percent_local_max": 86.0, "gpu_memory_controller_utilization_percent_local_min": 46.0, "gpu_memory_controller_utilization_percent_local_mean": 48.78703703703704, "gpu_memory_controller_utilization_percent_local_max": 52.0, "gpu_utilization_samples_local": 108.0}, {"step": 2800, "loss": 1.2361361980438232, "lr": 0.0003000750187546887, "accuracy": 0.6792187094688416, "accuracy_by_position": [0.6792187094688416], "grad_norm": 1.4640294313430786, "data_wait_ms": 6.252658700022948, "data_wait_percent": 2.9177608383991736, "step_time_ms": 214.29647755000587, "sequence_length": 79, "accuracy_position_0": 0.6792187094688416, "gpu_compute_utilization_percent_local_min": 74.0, "gpu_compute_utilization_percent_local_mean": 81.50467289719626, "gpu_compute_utilization_percent_local_max": 86.0, "gpu_memory_controller_utilization_percent_local_min": 44.0, "gpu_memory_controller_utilization_percent_local_mean": 49.0, "gpu_memory_controller_utilization_percent_local_max": 53.0, "gpu_utilization_samples_local": 107.0}, {"step": 2900, "loss": 1.148176670074463, "lr": 0.00027506876719179794, "accuracy": 0.6651562452316284, "accuracy_by_position": [0.6651562452316284], "grad_norm": 1.4606318473815918, "data_wait_ms": 6.246803809917765, "data_wait_percent": 2.918234751387431, "step_time_ms": 214.0610451900011, "sequence_length": 79, "accuracy_position_0": 0.6651562452316284, "gpu_compute_utilization_percent_local_min": 77.0, "gpu_compute_utilization_percent_local_mean": 81.4074074074074, "gpu_compute_utilization_percent_local_max": 85.0, "gpu_memory_controller_utilization_percent_local_min": 45.0, "gpu_memory_controller_utilization_percent_local_mean": 48.7037037037037, "gpu_memory_controller_utilization_percent_local_max": 52.0, "gpu_utilization_samples_local": 108.0}, {"step": 3000, "loss": 1.1120827198028564, "lr": 0.00025006251562890725, "accuracy": 0.6732812523841858, "accuracy_by_position": [0.6732812523841858], "grad_norm": 1.3914293050765991, "data_wait_ms": 6.26629109003261, "data_wait_percent": 2.9129235247632987, "step_time_ms": 215.12034341999424, "sequence_length": 82, "accuracy_position_0": 0.6732812523841858, "gpu_compute_utilization_percent_local_min": 39.0, "gpu_compute_utilization_percent_local_mean": 81.1214953271028, "gpu_compute_utilization_percent_local_max": 85.0, "gpu_memory_controller_utilization_percent_local_min": 22.0, "gpu_memory_controller_utilization_percent_local_mean": 48.654205607476634, "gpu_memory_controller_utilization_percent_local_max": 52.0, "gpu_utilization_samples_local": 107.0}, {"step": 3100, "loss": 1.2770276069641113, "lr": 0.00022505626406601654, "accuracy": 0.6703124642372131, "accuracy_by_position": [0.6703124642372131], "grad_norm": 1.539395809173584, "data_wait_ms": 6.2325298500309145, "data_wait_percent": 2.9047123639088768, "step_time_ms": 214.56616247000056, "sequence_length": 76, "accuracy_position_0": 0.6703124642372131, "gpu_compute_utilization_percent_local_min": 76.0, "gpu_compute_utilization_percent_local_mean": 81.26851851851852, "gpu_compute_utilization_percent_local_max": 86.0, "gpu_memory_controller_utilization_percent_local_min": 45.0, "gpu_memory_controller_utilization_percent_local_mean": 48.72222222222222, "gpu_memory_controller_utilization_percent_local_max": 52.0, "gpu_utilization_samples_local": 108.0}, {"step": 3200, "loss": 1.228438138961792, "lr": 0.00020005001250312582, "accuracy": 0.673046886920929, "accuracy_by_position": [0.673046886920929], "grad_norm": 1.4583159685134888, "data_wait_ms": 6.240080869938538, "data_wait_percent": 2.9120047255382118, "step_time_ms": 214.28814367000086, "sequence_length": 79, "accuracy_position_0": 0.673046886920929, "gpu_compute_utilization_percent_local_min": 75.0, "gpu_compute_utilization_percent_local_mean": 81.32407407407408, "gpu_compute_utilization_percent_local_max": 84.0, "gpu_memory_controller_utilization_percent_local_min": 44.0, "gpu_memory_controller_utilization_percent_local_mean": 48.666666666666664, "gpu_memory_controller_utilization_percent_local_max": 52.0, "gpu_utilization_samples_local": 108.0}, {"step": 3300, "loss": 1.2400580644607544, "lr": 0.0001750437609402351, "accuracy": 0.6693750023841858, "accuracy_by_position": [0.6693750023841858], "grad_norm": 1.5159307718276978, "data_wait_ms": 6.244755640036601, "data_wait_percent": 2.9091918163554515, "step_time_ms": 214.65602938000302, "sequence_length": 78, "accuracy_position_0": 0.6693750023841858, "gpu_compute_utilization_percent_local_min": 75.0, "gpu_compute_utilization_percent_local_mean": 81.26851851851852, "gpu_compute_utilization_percent_local_max": 85.0, "gpu_memory_controller_utilization_percent_local_min": 44.0, "gpu_memory_controller_utilization_percent_local_mean": 48.72222222222222, "gpu_memory_controller_utilization_percent_local_max": 52.0, "gpu_utilization_samples_local": 108.0}, {"step": 3400, "loss": 1.1568446159362793, "lr": 0.0001500375093773444, "accuracy": 0.6742968559265137, "accuracy_by_position": [0.6742968559265137], "grad_norm": 1.4643157720565796, "data_wait_ms": 6.230497729975468, "data_wait_percent": 2.9077131570161514, "step_time_ms": 214.27484052000182, "sequence_length": 75, "accuracy_position_0": 0.6742968559265137, "gpu_compute_utilization_percent_local_min": 79.0, "gpu_compute_utilization_percent_local_mean": 81.53271028037383, "gpu_compute_utilization_percent_local_max": 86.0, "gpu_memory_controller_utilization_percent_local_min": 45.0, "gpu_memory_controller_utilization_percent_local_mean": 48.925233644859816, "gpu_memory_controller_utilization_percent_local_max": 52.0, "gpu_utilization_samples_local": 107.0}, {"step": 3500, "loss": 1.1484371423721313, "lr": 0.00012503125781445357, "accuracy": 0.6746875047683716, "accuracy_by_position": [0.6746875047683716], "grad_norm": 1.4234836101531982, "data_wait_ms": 6.521285959988745, "data_wait_percent": 2.998135064434407, "step_time_ms": 217.5114135900003, "sequence_length": 78, "accuracy_position_0": 0.6746875047683716, "gpu_compute_utilization_percent_local_min": 72.0, "gpu_compute_utilization_percent_local_mean": 80.09174311926606, "gpu_compute_utilization_percent_local_max": 86.0, "gpu_memory_controller_utilization_percent_local_min": 42.0, "gpu_memory_controller_utilization_percent_local_mean": 48.03669724770642, "gpu_memory_controller_utilization_percent_local_max": 52.0, "gpu_utilization_samples_local": 109.0}, {"step": 3600, "loss": 1.1323356628417969, "lr": 0.00010002500625156286, "accuracy": 0.673828125, "accuracy_by_position": [0.673828125], "grad_norm": 1.3971571922302246, "data_wait_ms": 6.7892220899921085, "data_wait_percent": 3.117639161769482, "step_time_ms": 217.76805260999936, "sequence_length": 74, "accuracy_position_0": 0.673828125, "gpu_compute_utilization_percent_local_min": 72.0, "gpu_compute_utilization_percent_local_mean": 80.04545454545455, "gpu_compute_utilization_percent_local_max": 85.0, "gpu_memory_controller_utilization_percent_local_min": 42.0, "gpu_memory_controller_utilization_percent_local_mean": 48.154545454545456, "gpu_memory_controller_utilization_percent_local_max": 52.0, "gpu_utilization_samples_local": 110.0}, {"step": 3700, "loss": 1.1943045854568481, "lr": 7.501875468867214e-05, "accuracy": 0.6774218678474426, "accuracy_by_position": [0.6774218678474426], "grad_norm": 1.4528043270111084, "data_wait_ms": 7.025150920007945, "data_wait_percent": 3.205383536334001, "step_time_ms": 219.1672491099962, "sequence_length": 73, "accuracy_position_0": 0.6774218678474426, "gpu_compute_utilization_percent_local_min": 68.0, "gpu_compute_utilization_percent_local_mean": 79.61818181818182, "gpu_compute_utilization_percent_local_max": 84.0, "gpu_memory_controller_utilization_percent_local_min": 40.0, "gpu_memory_controller_utilization_percent_local_mean": 47.86363636363637, "gpu_memory_controller_utilization_percent_local_max": 51.0, "gpu_utilization_samples_local": 110.0}, {"step": 3800, "loss": 1.0066652297973633, "lr": 5.001250312578143e-05, "accuracy": 0.6821093559265137, "accuracy_by_position": [0.6821093559265137], "grad_norm": 1.3564071655273438, "data_wait_ms": 6.475389790084591, "data_wait_percent": 2.972479920949494, "step_time_ms": 217.8446940699996, "sequence_length": 80, "accuracy_position_0": 0.6821093559265137, "gpu_compute_utilization_percent_local_min": 73.0, "gpu_compute_utilization_percent_local_mean": 80.1559633027523, "gpu_compute_utilization_percent_local_max": 85.0, "gpu_memory_controller_utilization_percent_local_min": 42.0, "gpu_memory_controller_utilization_percent_local_mean": 48.22935779816514, "gpu_memory_controller_utilization_percent_local_max": 52.0, "gpu_utilization_samples_local": 109.0}, {"step": 3900, "loss": 1.061677098274231, "lr": 2.5006251562890714e-05, "accuracy": 0.6733593344688416, "accuracy_by_position": [0.6733593344688416], "grad_norm": 1.3833680152893066, "data_wait_ms": 6.512038369992297, "data_wait_percent": 2.985366645856661, "step_time_ms": 218.13194633999956, "sequence_length": 75, "accuracy_position_0": 0.6733593344688416, "gpu_compute_utilization_percent_local_min": 44.0, "gpu_compute_utilization_percent_local_mean": 79.8348623853211, "gpu_compute_utilization_percent_local_max": 85.0, "gpu_memory_controller_utilization_percent_local_min": 26.0, "gpu_memory_controller_utilization_percent_local_mean": 47.89908256880734, "gpu_memory_controller_utilization_percent_local_max": 51.0, "gpu_utilization_samples_local": 109.0}, {"step": 4000, "loss": 1.0582997798919678, "lr": 0.0, "accuracy": 0.6742968559265137, "accuracy_by_position": [0.6742968559265137], "grad_norm": 1.373022198677063, "data_wait_ms": 6.7509061800228665, "data_wait_percent": 3.095140672207395, "step_time_ms": 218.11306479999985, "sequence_length": 76, "accuracy_position_0": 0.6742968559265137, "gpu_compute_utilization_percent_local_min": 44.0, "gpu_compute_utilization_percent_local_mean": 79.15454545454546, "gpu_compute_utilization_percent_local_max": 85.0, "gpu_memory_controller_utilization_percent_local_min": 26.0, "gpu_memory_controller_utilization_percent_local_mean": 47.5, "gpu_memory_controller_utilization_percent_local_max": 52.0, "gpu_utilization_samples_local": 110.0}], "batch_size": 128, "evaluation_batch_size": 3072, "steps": 4000, "resumed_from_step": 0, "recovery_checkpoints_saved": 3, "trainable_parameters": 334286, "monitoring": {"train": {"event": "probe_train", "step": 4000, "steps_total": 4000, "progress_percent": 100.0, "elapsed_seconds": 863.137, "eta_seconds": 0.0, "items_processed": 512000, "items_per_sec": 593.185, "tokens_processed": 39447040, "tokens_per_sec": 45701.931, "loss": 1.0582997798919678, "lr": 0.0, "accuracy": 0.6742968559265137, "accuracy_by_position": [0.6742968559265137], "grad_norm": 1.373022198677063, "data_wait_ms": 6.7509061800228665, "data_wait_percent": 3.095140672207395, "step_time_ms": 218.11306479999985, "sequence_length": 76, "accuracy_position_0": 0.6742968559265137, "gpu_compute_utilization_percent_local_min": 44.0, "gpu_compute_utilization_percent_local_mean": 79.15454545454546, "gpu_compute_utilization_percent_local_max": 85.0, "gpu_memory_controller_utilization_percent_local_min": 26.0, "gpu_memory_controller_utilization_percent_local_mean": 47.5, "gpu_memory_controller_utilization_percent_local_max": 52.0, "gpu_utilization_samples_local": 110.0, "gpu_memory_allocated_mb": 1142.57, "gpu_memory_reserved_mb": 13104.0, "gpu_peak_memory_allocated_mb": 9087.91, "gpu_memory_allocated_mb_max": 1142.57, "gpu_memory_reserved_mb_max": 13104.0, "gpu_peak_memory_allocated_mb_max": 9087.91, "gpu_memory_allocated_mb_total": 1142.57, "gpu_memory_reserved_mb_total": 13104.0, "gpu_memory_capacity_mb_max": 24217.31, "gpu_memory_capacity_mb_total": 24217.31, "gpu_memory_current_percent_max": 4.72, "gpu_memory_reserved_percent_max": 54.11, "gpu_memory_peak_percent_max": 37.53, "monitored_world_size": 1}, "train_evaluation": {}, "validation": {"event": "ground_truth_probe_validation", "step": 98, "batch": 98, "batches_total": 98, "progress_percent": 100.0, "elapsed_seconds": 191.467, "eta_seconds": 0.0, "items_processed": 300708, "items_per_sec": 1570.551, "tokens_processed": 24342336, "tokens_per_sec": 127136.209, "accuracy_running": 0.676659749657475, "accuracy_by_position_running": [0.0805698551418652, 0.09900634502573925, 0.94227622810168, 0.9714673370844806, 0.9833193662955425, 0.9833193662955425], "gpu_memory_allocated_mb": 1143.31, "gpu_memory_reserved_mb": 10012.0, "gpu_peak_memory_allocated_mb": 8705.02, "gpu_memory_allocated_mb_max": 1143.31, "gpu_memory_reserved_mb_max": 10012.0, "gpu_peak_memory_allocated_mb_max": 8705.02, "gpu_memory_allocated_mb_total": 1143.31, "gpu_memory_reserved_mb_total": 10012.0, "gpu_memory_capacity_mb_max": 24217.31, "gpu_memory_capacity_mb_total": 24217.31, "gpu_memory_current_percent_max": 4.72, "gpu_memory_reserved_percent_max": 41.34, "gpu_memory_peak_percent_max": 35.95, "monitored_world_size": 1}}, "protocol": "ground_truth_first_whole_rank_matched_v1", "kind": "p", "attribute": "university", "rank": 2, "max_validation_examples": null, "seed": 1337, "reference_whole_probe_checkpoint": "/data/mini-train-sys/artifacts/synbios_moe/results/single_fsdp_4gpu/probe_pipeline/formal/training/p_university_whole.pt", "reference_whole_probe_checkpoint_sha256": "d25eed8f00ff78c5fb41bcff71e6602546787f84e34bf3bbef0da4a80d4d02b7", "reference_whole_probe_rank": 2, "probe_cache_manifest_sha256": "9dcfd2cff38d6f3d29d7f10c2a3247b634f31395b3cda3755a755c8964ffaf5b", "backbone_checkpoint": "/data/mini-train-sys/artifacts/synbios_moe/checkpoints/synbios_moe_single_fsdp_4gpu/epoch_000540_step_000017280", "target": "whole", "class_names": ["Albany University", "Albany1 University", "Albany10 University", "Albany11 University", "Albany12 University", "Albany13 University", "Albany14 University", "Albany2 University", "Albany3 University", "Albany4 University", "Albany5 University", "Albany6 University", "Albany7 University", "Albany8 University", "Albany9 University", "Atlanta University", "Atlanta1 University", "Atlanta10 University", "Atlanta11 University", "Atlanta12 University", "Atlanta13 University", "Atlanta14 University", "Atlanta2 University", "Atlanta3 University", "Atlanta4 University", "Atlanta5 University", "Atlanta6 University", "Atlanta7 University", "Atlanta8 University", "Atlanta9 University", "Austin University", "Austin1 University", "Austin10 University", "Austin11 University", "Austin12 University", "Austin13 University", "Austin14 University", "Austin2 University", "Austin3 University", "Austin4 University", "Austin5 University", "Austin6 University", "Austin7 University", "Austin8 University", "Austin9 University", "Boston University", "Boston1 University", "Boston10 University", "Boston11 University", "Boston12 University", "Boston13 University", "Boston14 University", "Boston2 University", "Boston3 University", "Boston4 University", "Boston5 University", "Boston6 University", "Boston7 University", "Boston8 University", "Boston9 University", "Cambridge University", "Cambridge1 University", "Cambridge10 University", "Cambridge11 University", "Cambridge12 University", "Cambridge13 University", "Cambridge14 University", "Cambridge2 University", "Cambridge3 University", "Cambridge4 University", "Cambridge5 University", "Cambridge6 University", "Cambridge7 University", "Cambridge8 University", "Cambridge9 University", "Chicago University", "Chicago1 University", "Chicago10 University", "Chicago11 University", "Chicago12 University", "Chicago13 University", "Chicago14 University", "Chicago2 University", "Chicago3 University", "Chicago4 University", "Chicago5 University", "Chicago6 University", "Chicago7 University", "Chicago8 University", "Chicago9 University", "Dallas University", "Dallas1 University", "Dallas10 University", "Dallas11 University", "Dallas12 University", "Dallas13 University", "Dallas14 University", "Dallas2 University", "Dallas3 University", "Dallas4 University", "Dallas5 University", "Dallas6 University", "Dallas7 University", "Dallas8 University", "Dallas9 University", "Denver University", "Denver1 University", "Denver10 University", "Denver11 University", "Denver12 University", "Denver13 University", "Denver14 University", "Denver2 University", "Denver3 University", "Denver4 University", "Denver5 University", "Denver6 University", "Denver7 University", "Denver8 University", "Denver9 University", "Durham University", "Durham1 University", "Durham10 University", "Durham11 University", "Durham12 University", "Durham13 University", "Durham14 University", "Durham2 University", "Durham3 University", "Durham4 University", "Durham5 University", "Durham6 University", "Durham7 University", "Durham8 University", "Durham9 University", "Fresno University", "Fresno1 University", "Fresno10 University", "Fresno11 University", "Fresno12 University", "Fresno13 University", "Fresno14 University", "Fresno2 University", "Fresno3 University", "Fresno4 University", "Fresno5 University", "Fresno6 University", "Fresno7 University", "Fresno8 University", "Fresno9 University", "Madison University", "Madison1 University", "Madison10 University", "Madison11 University", "Madison12 University", "Madison13 University", "Madison14 University", "Madison2 University", "Madison3 University", "Madison4 University", "Madison5 University", "Madison6 University", "Madison7 University", "Madison8 University", "Madison9 University", "Miami University", "Miami1 University", "Miami10 University", "Miami11 University", "Miami12 University", "Miami13 University", "Miami14 University", "Miami2 University", "Miami3 University", "Miami4 University", "Miami5 University", "Miami6 University", "Miami7 University", "Miami8 University", "Miami9 University", "Oakland University", "Oakland1 University", "Oakland10 University", "Oakland11 University", "Oakland12 University", "Oakland13 University", "Oakland14 University", "Oakland2 University", "Oakland3 University", "Oakland4 University", "Oakland5 University", "Oakland6 University", "Oakland7 University", "Oakland8 University", "Oakland9 University", "Orlando University", "Orlando1 University", "Orlando10 University", "Orlando11 University", "Orlando12 University", "Orlando13 University", "Orlando14 University", "Orlando2 University", "Orlando3 University", "Orlando4 University", "Orlando5 University", "Orlando6 University", "Orlando7 University", "Orlando8 University", "Orlando9 University", "Phoenix University", "Phoenix1 University", "Phoenix10 University", "Phoenix11 University", "Phoenix12 University", "Phoenix13 University", "Phoenix14 University", "Phoenix2 University", "Phoenix3 University", "Phoenix4 University", "Phoenix5 University", "Phoenix6 University", "Phoenix7 University", "Phoenix8 University", "Phoenix9 University", "Portland University", "Portland1 University", "Portland10 University", "Portland11 University", "Portland12 University", "Portland13 University", "Portland14 University", "Portland2 University", "Portland3 University", "Portland4 University", "Portland5 University", "Portland6 University", "Portland7 University", "Portland8 University", "Portland9 University", "Princeton University", "Princeton1 University", "Princeton10 University", "Princeton11 University", "Princeton12 University", "Princeton13 University", "Princeton14 University", "Princeton2 University", "Princeton3 University", "Princeton4 University", "Princeton5 University", "Princeton6 University", "Princeton7 University", "Princeton8 University", "Princeton9 University", "Raleigh University", "Raleigh1 University", "Raleigh10 University", "Raleigh11 University", "Raleigh12 University", "Raleigh13 University", "Raleigh14 University", "Raleigh2 University", "Raleigh3 University", "Raleigh4 University", "Raleigh5 University", "Raleigh6 University", "Raleigh7 University", "Raleigh8 University", "Raleigh9 University", "Seattle University", "Seattle1 University", "Seattle10 University", "Seattle11 University", "Seattle12 University", "Seattle13 University", "Seattle14 University", "Seattle2 University", "Seattle3 University", "Seattle4 University", "Seattle5 University", "Seattle6 University", "Seattle7 University", "Seattle8 University", "Seattle9 University", "Tacoma University", "Tacoma1 University", "Tacoma10 University", "Tacoma11 University", "Tacoma12 University", "Tacoma13 University", "Tacoma14 University", "Tacoma2 University", "Tacoma3 University", "Tacoma4 University", "Tacoma5 University", "Tacoma6 University", "Tacoma7 University", "Tacoma8 University", "Tacoma9 University"], "classes": 300, "first_token_class_names": ["10656", "10727", "12369", "13117", "14457", "14909", "23173", "29285", "30928", "34520", "39927", "45132", "4842", "6182", "7312", "8437", "8533", "9371", "9533", "9643"], "first_token_text": {"10656": " Denver", "10727": " Portland", "12369": " Oakland", "13117": " Orlando", "14457": " Cambridge", "14909": " Madison", "23173": " Princeton", "29285": " Albany", "30928": " Durham", "34520": " Raleigh", "39927": " Fresno", "45132": " Tacoma", "4842": " Chicago", "6182": " Boston", "7312": " Seattle", "8437": " Miami", "8533": " Dallas", "9371": " Atlanta", "9533": " Austin", "9643": " Phoenix"}, "ground_truth_first_token": true, "ground_truth_first_accuracy_by_position": [1.0, 1.0, 1.0, 1.0, 1.0, 1.0], "whole_accuracy_validation_by_source_position": [0.0805698551418652, 0.09900634502573925, 0.94227622810168, 0.9714673370844806, 0.9833193662955425, 0.9833193662955425], "whole_correct_validation_by_source_position": [4038, 4962, 47225, 48688, 49282, 49282], "whole_total_validation_by_source_position": [50118, 50118, 50118, 50118, 50118, 50118], "validation_examples_total": 300708, "validation_examples_evaluated": 300708, "input_protocol": "P: biography prefix through original pre-attribute readout, append cached ground-truth leading-space t1, read t1 final-layer hidden", "backbone_parameters_updated": false, "architecture_match": {"probe_class": "AttributeProbe", "rank": 2, "reference_rank": 2, "low_rank_embedding_delta": true, "normalizer": "LayerNorm", "classifier_classes": 300}, "alignment_checks": {"first_whole_sample_indices_equal": true, "first_whole_profile_indices_equal": true, "first_whole_token_offsets_equal": true, "first_whole_readout_positions_equal": true, "person_disjoint_cache_split": true}, "stage_two_trainable_components": ["low_rank_embedding_delta", "normalizer", "whole_classifier"], "data": "/data/mini-train-sys/artifacts/synbios_moe/single", "probe_cache": "/data/mini-train-sys/artifacts/synbios_moe/single/probe_cache", "probe_dir": "/data/mini-train-sys/artifacts/synbios_moe/results/single_fsdp_4gpu/probe_pipeline/formal/training", "checkpoint": "/data/mini-train-sys/artifacts/synbios_moe/checkpoints/synbios_moe_single_fsdp_4gpu/epoch_000540_step_000017280", "model_parameters": {"total": 293494272, "active_estimate": 123624960}, "provenance": {"python_version": "3.10.12", "torch_version": "2.5.1+cu118", "cuda_runtime": "11.8", "hostname": "ml-ubuntu22-04-desktop-v3-2-128gb-25m", "platform": "Linux-5.15.0-72-generic-x86_64-with-glibc2.35", "git_revision": "69fb61dc5128b168728319f052eb9b9986609e75", "git_branch": "train", "git_dirty": true, "world_size": 1}, "log_dir": "artifacts/synbios_moe/results/single_fsdp_4gpu/probe_pipeline/formal/diagnostics/ground_truth_first_whole_p_pilot4000_20260726T033800Z/operation_logs/synbios_p_ground_truth_first_whole_p_university/20260726-113707"}
[model_load] step 1/1 | tok/s 0.0 | items/s 0.0 | gpu-peak 1.09/23.65 GiB | 100.0% | ETA 0:00:00
[probe_train] step 1/4000 | loss 5.17485 | lr 1.000e-03 | acc 0.0078 | grad 5.156 | data-wait 5.1% | tok/s 9,810.2 | gpu-peak 8.11/23.65 GiB | gpu-util 10.0% | 0.0% | ETA 1:05:13
[ground_truth_probe_validation] {"event": "ground_truth_probe_validation", "step": 98, "batch": 98, "batches_total": 98, "progress_percent": 100.0, "elapsed_seconds": 193.805, "eta_seconds": 0.0, "items_processed": 300708, "items_per_sec": 1551.6, "tokens_processed": 24342336, "tokens_per_sec": 125602.117, "accuracy_running": 0.5546743019806589, "accuracy_by_position_running": [0.21820503611476916, 0.29035476275988664, 0.2919709485613951, 0.883654575202522, 0.9073386807135161, 0.7365218085318648], "gpu_memory_allocated_mb": 1140.24, "gpu_memory_reserved_mb": 14826.0, "gpu_peak_memory_allocated_mb": 9005.77, "gpu_memory_allocated_mb_max": 1140.24, "gpu_memory_reserved_mb_max": 14826.0, "gpu_peak_memory_allocated_mb_max": 9005.77, "gpu_memory_allocated_mb_total": 1140.24, "gpu_memory_reserved_mb_total": 14826.0, "gpu_memory_capacity_mb_max": 24217.31, "gpu_memory_capacity_mb_total": 24217.31, "gpu_memory_current_percent_max": 4.71, "gpu_memory_reserved_percent_max": 61.22, "gpu_memory_peak_percent_max": 37.19, "monitored_world_size": 1}
{"validation_accuracy": [0.5546743019806589], "train_accuracy": null, "loss_curve": [{"step": 1, "loss": 4.776482582092285, "lr": 0.001, "accuracy": 0.0, "accuracy_by_position": [0.0], "grad_norm": 2.852874755859375, "data_wait_ms": 134.86465699998007, "data_wait_percent": 6.105704870040745, "step_time_ms": 2208.830263999971, "sequence_length": 75, "accuracy_position_0": 0.0, "gpu_compute_utilization_percent_local_min": 0.0, "gpu_compute_utilization_percent_local_mean": 2.6666666666666665, "gpu_compute_utilization_percent_local_max": 18.0, "gpu_memory_controller_utilization_percent_local_min": 0.0, "gpu_memory_controller_utilization_percent_local_mean": 0.6666666666666666, "gpu_memory_controller_utilization_percent_local_max": 8.0, "gpu_utilization_samples_local": 12.0}, {"step": 100, "loss": 1.5443083047866821, "lr": 0.0009752438109527382, "accuracy": 0.2943497598171234, "accuracy_by_position": [0.2943497598171234], "grad_norm": 2.1853601932525635, "data_wait_ms": 9.00043576764875, "data_wait_percent": 4.276263709371596, "step_time_ms": 210.47429203030555, "sequence_length": 78, "accuracy_position_0": 0.2943497598171234, "gpu_compute_utilization_percent_local_min": 18.0, "gpu_compute_utilization_percent_local_mean": 79.96190476190476, "gpu_compute_utilization_percent_local_max": 87.0, "gpu_memory_controller_utilization_percent_local_min": 8.0, "gpu_memory_controller_utilization_percent_local_mean": 49.457142857142856, "gpu_memory_controller_utilization_percent_local_max": 54.0, "gpu_utilization_samples_local": 105.0}, {"step": 200, "loss": 1.521378517150879, "lr": 0.0009502375593898474, "accuracy": 0.3774999976158142, "accuracy_by_position": [0.3774999976158142], "grad_norm": 2.1877601146698, "data_wait_ms": 7.707591640046303, "data_wait_percent": 3.5616341677009, "step_time_ms": 216.4060450099987, "sequence_length": 74, "accuracy_position_0": 0.3774999976158142, "gpu_compute_utilization_percent_local_min": 64.0, "gpu_compute_utilization_percent_local_mean": 78.5045871559633, "gpu_compute_utilization_percent_local_max": 84.0, "gpu_memory_controller_utilization_percent_local_min": 37.0, "gpu_memory_controller_utilization_percent_local_mean": 48.28440366972477, "gpu_memory_controller_utilization_percent_local_max": 52.0, "gpu_utilization_samples_local": 109.0}, {"step": 300, "loss": 1.5539450645446777, "lr": 0.0009252313078269567, "accuracy": 0.40703123807907104, "accuracy_by_position": [0.40703123807907104], "grad_norm": 2.029540777206421, "data_wait_ms": 6.916920960002244, "data_wait_percent": 3.181211433760107, "step_time_ms": 217.4304067500043, "sequence_length": 74, "accuracy_position_0": 0.40703123807907104, "gpu_compute_utilization_percent_local_min": 65.0, "gpu_compute_utilization_percent_local_mean": 78.73394495412845, "gpu_compute_utilization_percent_local_max": 84.0, "gpu_memory_controller_utilization_percent_local_min": 39.0, "gpu_memory_controller_utilization_percent_local_mean": 48.357798165137616, "gpu_memory_controller_utilization_percent_local_max": 52.0, "gpu_utilization_samples_local": 109.0}, {"step": 400, "loss": 1.448980689048767, "lr": 0.000900225056264066, "accuracy": 0.42406249046325684, "accuracy_by_position": [0.42406249046325684], "grad_norm": 1.8870328664779663, "data_wait_ms": 6.865149060013209, "data_wait_percent": 3.1524206362225793, "step_time_ms": 217.77389035999477, "sequence_length": 76, "accuracy_position_0": 0.42406249046325684, "gpu_compute_utilization_percent_local_min": 70.0, "gpu_compute_utilization_percent_local_mean": 79.01834862385321, "gpu_compute_utilization_percent_local_max": 85.0, "gpu_memory_controller_utilization_percent_local_min": 42.0, "gpu_memory_controller_utilization_percent_local_mean": 48.42201834862385, "gpu_memory_controller_utilization_percent_local_max": 52.0, "gpu_utilization_samples_local": 109.0}, {"step": 500, "loss": 1.457606315612793, "lr": 0.0008752188047011754, "accuracy": 0.4284375011920929, "accuracy_by_position": [0.4284375011920929], "grad_norm": 1.9493286609649658, "data_wait_ms": 6.8225308900491655, "data_wait_percent": 3.132443194853361, "step_time_ms": 217.8022222799973, "sequence_length": 75, "accuracy_position_0": 0.4284375011920929, "gpu_compute_utilization_percent_local_min": 67.0, "gpu_compute_utilization_percent_local_mean": 79.19090909090909, "gpu_compute_utilization_percent_local_max": 84.0, "gpu_memory_controller_utilization_percent_local_min": 40.0, "gpu_memory_controller_utilization_percent_local_mean": 48.31818181818182, "gpu_memory_controller_utilization_percent_local_max": 51.0, "gpu_utilization_samples_local": 110.0}, {"step": 600, "loss": 1.5152673721313477, "lr": 0.0008502125531382846, "accuracy": 0.4542187452316284, "accuracy_by_position": [0.4542187452316284], "grad_norm": 1.8283963203430176, "data_wait_ms": 7.039323830013018, "data_wait_percent": 3.204487952253974, "step_time_ms": 219.67078469000626, "sequence_length": 79, "accuracy_position_0": 0.4542187452316284, "gpu_compute_utilization_percent_local_min": 64.0, "gpu_compute_utilization_percent_local_mean": 78.50909090909092, "gpu_compute_utilization_percent_local_max": 84.0, "gpu_memory_controller_utilization_percent_local_min": 38.0, "gpu_memory_controller_utilization_percent_local_mean": 48.04545454545455, "gpu_memory_controller_utilization_percent_local_max": 51.0, "gpu_utilization_samples_local": 110.0}, {"step": 700, "loss": 1.277538537979126, "lr": 0.0008252063015753939, "accuracy": 0.45765623450279236, "accuracy_by_position": [0.45765623450279236], "grad_norm": 1.8163996934890747, "data_wait_ms": 7.444651670020903, "data_wait_percent": 3.378757426833104, "step_time_ms": 220.336967989997, "sequence_length": 77, "accuracy_position_0": 0.45765623450279236, "gpu_compute_utilization_percent_local_min": 67.0, "gpu_compute_utilization_percent_local_mean": 78.26363636363637, "gpu_compute_utilization_percent_local_max": 82.0, "gpu_memory_controller_utilization_percent_local_min": 40.0, "gpu_memory_controller_utilization_percent_local_mean": 47.654545454545456, "gpu_memory_controller_utilization_percent_local_max": 52.0, "gpu_utilization_samples_local": 110.0}, {"step": 800, "loss": 1.2764782905578613, "lr": 0.0008002000500125032, "accuracy": 0.47218748927116394, "accuracy_by_position": [0.47218748927116394], "grad_norm": 1.6862233877182007, "data_wait_ms": 7.144407730047533, "data_wait_percent": 3.255384788786133, "step_time_ms": 219.46430894000514, "sequence_length": 75, "accuracy_position_0": 0.47218748927116394, "gpu_compute_utilization_percent_local_min": 65.0, "gpu_compute_utilization_percent_local_mean": 78.62162162162163, "gpu_compute_utilization_percent_local_max": 84.0, "gpu_memory_controller_utilization_percent_local_min": 39.0, "gpu_memory_controller_utilization_percent_local_mean": 47.81981981981982, "gpu_memory_controller_utilization_percent_local_max": 52.0, "gpu_utilization_samples_local": 111.0}, {"step": 900, "loss": 1.3899576663970947, "lr": 0.0007751937984496125, "accuracy": 0.4715624749660492, "accuracy_by_position": [0.4715624749660492], "grad_norm": 1.7332472801208496, "data_wait_ms": 6.897802010062151, "data_wait_percent": 3.143338390114424, "step_time_ms": 219.4419166499938, "sequence_length": 78, "accuracy_position_0": 0.4715624749660492, "gpu_compute_utilization_percent_local_min": 68.0, "gpu_compute_utilization_percent_local_mean": 78.7, "gpu_compute_utilization_percent_local_max": 85.0, "gpu_memory_controller_utilization_percent_local_min": 40.0, "gpu_memory_controller_utilization_percent_local_mean": 47.90909090909091, "gpu_memory_controller_utilization_percent_local_max": 52.0, "gpu_utilization_samples_local": 110.0}, {"step": 1000, "loss": 1.313696026802063, "lr": 0.0007501875468867216, "accuracy": 0.4877343773841858, "accuracy_by_position": [0.4877343773841858], "grad_norm": 1.6052701473236084, "data_wait_ms": 6.683378969974001, "data_wait_percent": 3.062711014533899, "step_time_ms": 218.21774689999984, "sequence_length": 79, "accuracy_position_0": 0.4877343773841858, "gpu_compute_utilization_percent_local_min": 72.0, "gpu_compute_utilization_percent_local_mean": 79.0, "gpu_compute_utilization_percent_local_max": 84.0, "gpu_memory_controller_utilization_percent_local_min": 43.0, "gpu_memory_controller_utilization_percent_local_mean": 48.06422018348624, "gpu_memory_controller_utilization_percent_local_max": 52.0, "gpu_utilization_samples_local": 109.0}, {"step": 1100, "loss": 1.2764536142349243, "lr": 0.000725181295323831, "accuracy": 0.49507811665534973, "accuracy_by_position": [0.49507811665534973], "grad_norm": 1.5405821800231934, "data_wait_ms": 6.927249719938118, "data_wait_percent": 3.133665059338976, "step_time_ms": 221.05903435000073, "sequence_length": 75, "accuracy_position_0": 0.49507811665534973, "gpu_compute_utilization_percent_local_min": 41.0, "gpu_compute_utilization_percent_local_mean": 78.12612612612612, "gpu_compute_utilization_percent_local_max": 84.0, "gpu_memory_controller_utilization_percent_local_min": 25.0, "gpu_memory_controller_utilization_percent_local_mean": 47.6036036036036, "gpu_memory_controller_utilization_percent_local_max": 52.0, "gpu_utilization_samples_local": 111.0}, {"step": 1200, "loss": 1.1986507177352905, "lr": 0.0007001750437609402, "accuracy": 0.4957812428474426, "accuracy_by_position": [0.4957812428474426], "grad_norm": 1.5286966562271118, "data_wait_ms": 6.687316639981873, "data_wait_percent": 3.04367753849819, "step_time_ms": 219.71173212000394, "sequence_length": 78, "accuracy_position_0": 0.4957812428474426, "gpu_compute_utilization_percent_local_min": 67.0, "gpu_compute_utilization_percent_local_mean": 78.77272727272727, "gpu_compute_utilization_percent_local_max": 84.0, "gpu_memory_controller_utilization_percent_local_min": 40.0, "gpu_memory_controller_utilization_percent_local_mean": 47.95454545454545, "gpu_memory_controller_utilization_percent_local_max": 52.0, "gpu_utilization_samples_local": 110.0}, {"step": 1300, "loss": 1.1437908411026, "lr": 0.0006751687921980496, "accuracy": 0.5025781393051147, "accuracy_by_position": [0.5025781393051147], "grad_norm": 1.6089882850646973, "data_wait_ms": 6.559174510020966, "data_wait_percent": 2.9997304758863, "step_time_ms": 218.65879494000183, "sequence_length": 77, "accuracy_position_0": 0.5025781393051147, "gpu_compute_utilization_percent_local_min": 70.0, "gpu_compute_utilization_percent_local_mean": 78.74545454545455, "gpu_compute_utilization_percent_local_max": 84.0, "gpu_memory_controller_utilization_percent_local_min": 41.0, "gpu_memory_controller_utilization_percent_local_mean": 47.74545454545454, "gpu_memory_controller_utilization_percent_local_max": 51.0, "gpu_utilization_samples_local": 110.0}, {"step": 1400, "loss": 1.2731870412826538, "lr": 0.0006501625406351587, "accuracy": 0.5037499666213989, "accuracy_by_position": [0.5037499666213989], "grad_norm": 1.4829517602920532, "data_wait_ms": 6.803776810083946, "data_wait_percent": 3.0956681129767363, "step_time_ms": 219.7837934099971, "sequence_length": 79, "accuracy_position_0": 0.5037499666213989, "gpu_compute_utilization_percent_local_min": 66.0, "gpu_compute_utilization_percent_local_mean": 78.82727272727273, "gpu_compute_utilization_percent_local_max": 85.0, "gpu_memory_controller_utilization_percent_local_min": 39.0, "gpu_memory_controller_utilization_percent_local_mean": 47.872727272727275, "gpu_memory_controller_utilization_percent_local_max": 52.0, "gpu_utilization_samples_local": 110.0}, {"step": 1500, "loss": 1.1257691383361816, "lr": 0.000625156289072268, "accuracy": 0.5036718845367432, "accuracy_by_position": [0.5036718845367432], "grad_norm": 1.4177734851837158, "data_wait_ms": 6.675855620023867, "data_wait_percent": 3.0565721386997264, "step_time_ms": 218.40988260999438, "sequence_length": 75, "accuracy_position_0": 0.5036718845367432, "gpu_compute_utilization_percent_local_min": 67.0, "gpu_compute_utilization_percent_local_mean": 78.83636363636364, "gpu_compute_utilization_percent_local_max": 84.0, "gpu_memory_controller_utilization_percent_local_min": 40.0, "gpu_memory_controller_utilization_percent_local_mean": 47.9, "gpu_memory_controller_utilization_percent_local_max": 52.0, "gpu_utilization_samples_local": 110.0}, {"step": 1600, "loss": 1.4540523290634155, "lr": 0.0006001500375093774, "accuracy": 0.5116406083106995, "accuracy_by_position": [0.5116406083106995], "grad_norm": 1.5564287900924683, "data_wait_ms": 6.871797730027538, "data_wait_percent": 3.1233480115679164, "step_time_ms": 220.01383466000334, "sequence_length": 78, "accuracy_position_0": 0.5116406083106995, "gpu_compute_utilization_percent_local_min": 65.0, "gpu_compute_utilization_percent_local_mean": 78.48181818181818, "gpu_compute_utilization_percent_local_max": 83.0, "gpu_memory_controller_utilization_percent_local_min": 38.0, "gpu_memory_controller_utilization_percent_local_mean": 47.663636363636364, "gpu_memory_controller_utilization_percent_local_max": 52.0, "gpu_utilization_samples_local": 110.0}, {"step": 1700, "loss": 1.3533262014389038, "lr": 0.0005751437859464867, "accuracy": 0.5182812213897705, "accuracy_by_position": [0.5182812213897705], "grad_norm": 1.498465657234192, "data_wait_ms": 7.372620589967482, "data_wait_percent": 3.3406772082886134, "step_time_ms": 220.69239649000338, "sequence_length": 78, "accuracy_position_0": 0.5182812213897705, "gpu_compute_utilization_percent_local_min": 70.0, "gpu_compute_utilization_percent_local_mean": 78.22522522522523, "gpu_compute_utilization_percent_local_max": 83.0, "gpu_memory_controller_utilization_percent_local_min": 41.0, "gpu_memory_controller_utilization_percent_local_mean": 47.6036036036036, "gpu_memory_controller_utilization_percent_local_max": 51.0, "gpu_utilization_samples_local": 111.0}, {"step": 1800, "loss": 1.1572798490524292, "lr": 0.0005501375343835959, "accuracy": 0.5189843773841858, "accuracy_by_position": [0.5189843773841858], "grad_norm": 1.4763695001602173, "data_wait_ms": 6.561682359997576, "data_wait_percent": 2.9993503346823407, "step_time_ms": 218.77012111999647, "sequence_length": 76, "accuracy_position_0": 0.5189843773841858, "gpu_compute_utilization_percent_local_min": 70.0, "gpu_compute_utilization_percent_local_mean": 79.04545454545455, "gpu_compute_utilization_percent_local_max": 84.0, "gpu_memory_controller_utilization_percent_local_min": 41.0, "gpu_memory_controller_utilization_percent_local_mean": 48.11818181818182, "gpu_memory_controller_utilization_percent_local_max": 52.0, "gpu_utilization_samples_local": 110.0}, {"step": 1900, "loss": 1.2835397720336914, "lr": 0.0005251312828207052, "accuracy": 0.5209375023841858, "accuracy_by_position": [0.5209375023841858], "grad_norm": 1.528478741645813, "data_wait_ms": 6.541577940006391, "data_wait_percent": 2.9947754122281314, "step_time_ms": 218.43300546999671, "sequence_length": 76, "accuracy_position_0": 0.5209375023841858, "gpu_compute_utilization_percent_local_min": 73.0, "gpu_compute_utilization_percent_local_mean": 78.9, "gpu_compute_utilization_percent_local_max": 84.0, "gpu_memory_controller_utilization_percent_local_min": 43.0, "gpu_memory_controller_utilization_percent_local_mean": 47.99090909090909, "gpu_memory_controller_utilization_percent_local_max": 51.0, "gpu_utilization_samples_local": 110.0}, {"step": 2000, "loss": 1.227972388267517, "lr": 0.0005001250312578145, "accuracy": 0.5267968773841858, "accuracy_by_position": [0.5267968773841858], "grad_norm": 1.3903818130493164, "data_wait_ms": 6.520164590028799, "data_wait_percent": 2.952021031365286, "step_time_ms": 220.87121063000268, "sequence_length": 81, "accuracy_position_0": 0.5267968773841858, "gpu_compute_utilization_percent_local_min": 47.0, "gpu_compute_utilization_percent_local_mean": 78.32432432432432, "gpu_compute_utilization_percent_local_max": 84.0, "gpu_memory_controller_utilization_percent_local_min": 29.0, "gpu_memory_controller_utilization_percent_local_mean": 47.765765765765764, "gpu_memory_controller_utilization_percent_local_max": 51.0, "gpu_utilization_samples_local": 111.0}, {"step": 2100, "loss": 1.342327356338501, "lr": 0.00047511877969492376, "accuracy": 0.5256249904632568, "accuracy_by_position": [0.5256249904632568], "grad_norm": 1.5395941734313965, "data_wait_ms": 6.541214909993869, "data_wait_percent": 2.9838147938940036, "step_time_ms": 219.22322133999842, "sequence_length": 76, "accuracy_position_0": 0.5256249904632568, "gpu_compute_utilization_percent_local_min": 65.0, "gpu_compute_utilization_percent_local_mean": 78.82727272727273, "gpu_compute_utilization_percent_local_max": 83.0, "gpu_memory_controller_utilization_percent_local_min": 38.0, "gpu_memory_controller_utilization_percent_local_mean": 48.054545454545455, "gpu_memory_controller_utilization_percent_local_max": 51.0, "gpu_utilization_samples_local": 110.0}, {"step": 2200, "loss": 1.0347245931625366, "lr": 0.0004501125281320331, "accuracy": 0.5294530987739563, "accuracy_by_position": [0.5294530987739563], "grad_norm": 1.3015238046646118, "data_wait_ms": 6.677592430023651, "data_wait_percent": 3.0338588175537557, "step_time_ms": 220.10228002000076, "sequence_length": 75, "accuracy_position_0": 0.5294530987739563, "gpu_compute_utilization_percent_local_min": 68.0, "gpu_compute_utilization_percent_local_mean": 78.41818181818182, "gpu_compute_utilization_percent_local_max": 84.0, "gpu_memory_controller_utilization_percent_local_min": 40.0, "gpu_memory_controller_utilization_percent_local_mean": 47.77272727272727, "gpu_memory_controller_utilization_percent_local_max": 52.0, "gpu_utilization_samples_local": 110.0}, {"step": 2300, "loss": 1.1375631093978882, "lr": 0.00042510627656914223, "accuracy": 0.5322656035423279, "accuracy_by_position": [0.5322656035423279], "grad_norm": 1.370327353477478, "data_wait_ms": 6.591185830047834, "data_wait_percent": 2.994813834559937, "step_time_ms": 220.08666294999784, "sequence_length": 76, "accuracy_position_0": 0.5322656035423279, "gpu_compute_utilization_percent_local_min": 72.0, "gpu_compute_utilization_percent_local_mean": 78.67567567567568, "gpu_compute_utilization_percent_local_max": 83.0, "gpu_memory_controller_utilization_percent_local_min": 43.0, "gpu_memory_controller_utilization_percent_local_mean": 48.072072072072075, "gpu_memory_controller_utilization_percent_local_max": 51.0, "gpu_utilization_samples_local": 111.0}, {"step": 2400, "loss": 1.190539836883545, "lr": 0.00040010002500625154, "accuracy": 0.5470312237739563, "accuracy_by_position": [0.5470312237739563], "grad_norm": 1.3728400468826294, "data_wait_ms": 7.966178179967756, "data_wait_percent": 3.6139134513476554, "step_time_ms": 220.43079579000732, "sequence_length": 79, "accuracy_position_0": 0.5470312237739563, "gpu_compute_utilization_percent_local_min": 63.0, "gpu_compute_utilization_percent_local_mean": 77.92727272727272, "gpu_compute_utilization_percent_local_max": 84.0, "gpu_memory_controller_utilization_percent_local_min": 36.0, "gpu_memory_controller_utilization_percent_local_mean": 47.38181818181818, "gpu_memory_controller_utilization_percent_local_max": 52.0, "gpu_utilization_samples_local": 110.0}, {"step": 2500, "loss": 1.1691161394119263, "lr": 0.0003750937734433608, "accuracy": 0.5575780868530273, "accuracy_by_position": [0.5575780868530273], "grad_norm": 1.3858498334884644, "data_wait_ms": 6.939550110027994, "data_wait_percent": 3.1478620177657675, "step_time_ms": 220.45280481999725, "sequence_length": 76, "accuracy_position_0": 0.5575780868530273, "gpu_compute_utilization_percent_local_min": 66.0, "gpu_compute_utilization_percent_local_mean": 78.36036036036036, "gpu_compute_utilization_percent_local_max": 84.0, "gpu_memory_controller_utilization_percent_local_min": 39.0, "gpu_memory_controller_utilization_percent_local_mean": 47.828828828828826, "gpu_memory_controller_utilization_percent_local_max": 51.0, "gpu_utilization_samples_local": 111.0}, {"step": 2600, "loss": 1.1585129499435425, "lr": 0.0003500875218804701, "accuracy": 0.5595312118530273, "accuracy_by_position": [0.5595312118530273], "grad_norm": 1.331891655921936, "data_wait_ms": 6.652300250052576, "data_wait_percent": 3.038090306745586, "step_time_ms": 218.9632163100032, "sequence_length": 77, "accuracy_position_0": 0.5595312118530273, "gpu_compute_utilization_percent_local_min": 72.0, "gpu_compute_utilization_percent_local_mean": 79.11818181818182, "gpu_compute_utilization_percent_local_max": 83.0, "gpu_memory_controller_utilization_percent_local_min": 43.0, "gpu_memory_controller_utilization_percent_local_mean": 48.25454545454546, "gpu_memory_controller_utilization_percent_local_max": 51.0, "gpu_utilization_samples_local": 110.0}, {"step": 2700, "loss": 1.2598732709884644, "lr": 0.00032508127031757937, "accuracy": 0.5523437261581421, "accuracy_by_position": [0.5523437261581421], "grad_norm": 1.437221884727478, "data_wait_ms": 6.970393060000788, "data_wait_percent": 3.166869120810964, "step_time_ms": 220.10360371999923, "sequence_length": 77, "accuracy_position_0": 0.5523437261581421, "gpu_compute_utilization_percent_local_min": 67.0, "gpu_compute_utilization_percent_local_mean": 78.39090909090909, "gpu_compute_utilization_percent_local_max": 84.0, "gpu_memory_controller_utilization_percent_local_min": 40.0, "gpu_memory_controller_utilization_percent_local_mean": 47.72727272727273, "gpu_memory_controller_utilization_percent_local_max": 52.0, "gpu_utilization_samples_local": 110.0}, {"step": 2800, "loss": 1.1771031618118286, "lr": 0.0003000750187546887, "accuracy": 0.5542187094688416, "accuracy_by_position": [0.5542187094688416], "grad_norm": 1.3402342796325684, "data_wait_ms": 7.115698289999273, "data_wait_percent": 3.2296448889562734, "step_time_ms": 220.32447945999593, "sequence_length": 79, "accuracy_position_0": 0.5542187094688416, "gpu_compute_utilization_percent_local_min": 66.0, "gpu_compute_utilization_percent_local_mean": 78.46846846846847, "gpu_compute_utilization_percent_local_max": 84.0, "gpu_memory_controller_utilization_percent_local_min": 39.0, "gpu_memory_controller_utilization_percent_local_mean": 47.9009009009009, "gpu_memory_controller_utilization_percent_local_max": 52.0, "gpu_utilization_samples_local": 111.0}, {"step": 2900, "loss": 1.1897923946380615, "lr": 0.00027506876719179794, "accuracy": 0.5606250166893005, "accuracy_by_position": [0.5606250166893005], "grad_norm": 1.3379181623458862, "data_wait_ms": 7.036832709982264, "data_wait_percent": 3.202565836444444, "step_time_ms": 219.72484156000064, "sequence_length": 79, "accuracy_position_0": 0.5606250166893005, "gpu_compute_utilization_percent_local_min": 67.0, "gpu_compute_utilization_percent_local_mean": 78.51818181818182, "gpu_compute_utilization_percent_local_max": 83.0, "gpu_memory_controller_utilization_percent_local_min": 40.0, "gpu_memory_controller_utilization_percent_local_mean": 47.836363636363636, "gpu_memory_controller_utilization_percent_local_max": 51.0, "gpu_utilization_samples_local": 110.0}, {"step": 3000, "loss": 1.2025772333145142, "lr": 0.00025006251562890725, "accuracy": 0.559765636920929, "accuracy_by_position": [0.559765636920929], "grad_norm": 1.3742098808288574, "data_wait_ms": 6.977776349995111, "data_wait_percent": 3.156207764209263, "step_time_ms": 221.08102099999996, "sequence_length": 82, "accuracy_position_0": 0.559765636920929, "gpu_compute_utilization_percent_local_min": 34.0, "gpu_compute_utilization_percent_local_mean": 78.2072072072072, "gpu_compute_utilization_percent_local_max": 84.0, "gpu_memory_controller_utilization_percent_local_min": 19.0, "gpu_memory_controller_utilization_percent_local_mean": 47.666666666666664, "gpu_memory_controller_utilization_percent_local_max": 52.0, "gpu_utilization_samples_local": 111.0}, {"step": 3100, "loss": 1.2616283893585205, "lr": 0.00022505626406601654, "accuracy": 0.5600000023841858, "accuracy_by_position": [0.5600000023841858], "grad_norm": 1.4180868864059448, "data_wait_ms": 7.093738799994753, "data_wait_percent": 3.221147984135281, "step_time_ms": 220.22393367000404, "sequence_length": 76, "accuracy_position_0": 0.5600000023841858, "gpu_compute_utilization_percent_local_min": 67.0, "gpu_compute_utilization_percent_local_mean": 78.52252252252252, "gpu_compute_utilization_percent_local_max": 83.0, "gpu_memory_controller_utilization_percent_local_min": 40.0, "gpu_memory_controller_utilization_percent_local_mean": 47.810810810810814, "gpu_memory_controller_utilization_percent_local_max": 51.0, "gpu_utilization_samples_local": 111.0}, {"step": 3200, "loss": 1.155753493309021, "lr": 0.00020005001250312582, "accuracy": 0.5586718916893005, "accuracy_by_position": [0.5586718916893005], "grad_norm": 1.3489570617675781, "data_wait_ms": 6.591584679990774, "data_wait_percent": 3.047202518975595, "step_time_ms": 216.31593695999982, "sequence_length": 79, "accuracy_position_0": 0.5586718916893005, "gpu_compute_utilization_percent_local_min": 72.0, "gpu_compute_utilization_percent_local_mean": 79.97222222222223, "gpu_compute_utilization_percent_local_max": 84.0, "gpu_memory_controller_utilization_percent_local_min": 44.0, "gpu_memory_controller_utilization_percent_local_mean": 48.648148148148145, "gpu_memory_controller_utilization_percent_local_max": 52.0, "gpu_utilization_samples_local": 108.0}, {"step": 3300, "loss": 1.1655707359313965, "lr": 0.0001750437609402351, "accuracy": 0.5598437190055847, "accuracy_by_position": [0.5598437190055847], "grad_norm": 1.4743494987487793, "data_wait_ms": 6.5329681699950015, "data_wait_percent": 3.041581997281934, "step_time_ms": 214.78849413999342, "sequence_length": 78, "accuracy_position_0": 0.5598437190055847, "gpu_compute_utilization_percent_local_min": 74.0, "gpu_compute_utilization_percent_local_mean": 80.45370370370371, "gpu_compute_utilization_percent_local_max": 84.0, "gpu_memory_controller_utilization_percent_local_min": 44.0, "gpu_memory_controller_utilization_percent_local_mean": 49.0, "gpu_memory_controller_utilization_percent_local_max": 52.0, "gpu_utilization_samples_local": 108.0}, {"step": 3400, "loss": 1.1321706771850586, "lr": 0.0001500375093773444, "accuracy": 0.5665624737739563, "accuracy_by_position": [0.5665624737739563], "grad_norm": 1.2967184782028198, "data_wait_ms": 6.3936145400111855, "data_wait_percent": 2.985767586993485, "step_time_ms": 214.1363771200031, "sequence_length": 75, "accuracy_position_0": 0.5665624737739563, "gpu_compute_utilization_percent_local_min": 77.0, "gpu_compute_utilization_percent_local_mean": 80.95370370370371, "gpu_compute_utilization_percent_local_max": 85.0, "gpu_memory_controller_utilization_percent_local_min": 44.0, "gpu_memory_controller_utilization_percent_local_mean": 49.25, "gpu_memory_controller_utilization_percent_local_max": 52.0, "gpu_utilization_samples_local": 108.0}, {"step": 3500, "loss": 1.1950407028198242, "lr": 0.00012503125781445357, "accuracy": 0.5608593821525574, "accuracy_by_position": [0.5608593821525574], "grad_norm": 1.3865143060684204, "data_wait_ms": 6.379313700017519, "data_wait_percent": 2.9807753052546864, "step_time_ms": 214.01524928000072, "sequence_length": 78, "accuracy_position_0": 0.5608593821525574, "gpu_compute_utilization_percent_local_min": 78.0, "gpu_compute_utilization_percent_local_mean": 81.03738317757009, "gpu_compute_utilization_percent_local_max": 85.0, "gpu_memory_controller_utilization_percent_local_min": 46.0, "gpu_memory_controller_utilization_percent_local_mean": 49.14018691588785, "gpu_memory_controller_utilization_percent_local_max": 52.0, "gpu_utilization_samples_local": 107.0}, {"step": 3600, "loss": 1.3085813522338867, "lr": 0.00010002500625156286, "accuracy": 0.5673437118530273, "accuracy_by_position": [0.5673437118530273], "grad_norm": 1.4485008716583252, "data_wait_ms": 6.338043719915731, "data_wait_percent": 2.962292831771355, "step_time_ms": 213.95736612999826, "sequence_length": 74, "accuracy_position_0": 0.5673437118530273, "gpu_compute_utilization_percent_local_min": 78.0, "gpu_compute_utilization_percent_local_mean": 81.07407407407408, "gpu_compute_utilization_percent_local_max": 85.0, "gpu_memory_controller_utilization_percent_local_min": 45.0, "gpu_memory_controller_utilization_percent_local_mean": 49.31481481481482, "gpu_memory_controller_utilization_percent_local_max": 52.0, "gpu_utilization_samples_local": 108.0}, {"step": 3700, "loss": 1.2063276767730713, "lr": 7.501875468867214e-05, "accuracy": 0.5596874952316284, "accuracy_by_position": [0.5596874952316284], "grad_norm": 1.3155156373977661, "data_wait_ms": 6.326500830018631, "data_wait_percent": 2.9608003345651492, "step_time_ms": 213.67536190000465, "sequence_length": 73, "accuracy_position_0": 0.5596874952316284, "gpu_compute_utilization_percent_local_min": 78.0, "gpu_compute_utilization_percent_local_mean": 81.23364485981308, "gpu_compute_utilization_percent_local_max": 85.0, "gpu_memory_controller_utilization_percent_local_min": 46.0, "gpu_memory_controller_utilization_percent_local_mean": 49.373831775700936, "gpu_memory_controller_utilization_percent_local_max": 52.0, "gpu_utilization_samples_local": 107.0}, {"step": 3800, "loss": 1.0516694784164429, "lr": 5.001250312578143e-05, "accuracy": 0.5601562261581421, "accuracy_by_position": [0.5601562261581421], "grad_norm": 1.2593241930007935, "data_wait_ms": 6.320965499980957, "data_wait_percent": 2.9517185068339753, "step_time_ms": 214.14526775999548, "sequence_length": 80, "accuracy_position_0": 0.5601562261581421, "gpu_compute_utilization_percent_local_min": 77.0, "gpu_compute_utilization_percent_local_mean": 81.03738317757009, "gpu_compute_utilization_percent_local_max": 84.0, "gpu_memory_controller_utilization_percent_local_min": 46.0, "gpu_memory_controller_utilization_percent_local_mean": 49.3177570093458, "gpu_memory_controller_utilization_percent_local_max": 52.0, "gpu_utilization_samples_local": 107.0}, {"step": 3900, "loss": 1.0862549543380737, "lr": 2.5006251562890714e-05, "accuracy": 0.5706250071525574, "accuracy_by_position": [0.5706250071525574], "grad_norm": 1.2750988006591797, "data_wait_ms": 6.339043380075964, "data_wait_percent": 2.9574626741194665, "step_time_ms": 214.34060472000056, "sequence_length": 75, "accuracy_position_0": 0.5706250071525574, "gpu_compute_utilization_percent_local_min": 54.0, "gpu_compute_utilization_percent_local_mean": 80.67592592592592, "gpu_compute_utilization_percent_local_max": 85.0, "gpu_memory_controller_utilization_percent_local_min": 34.0, "gpu_memory_controller_utilization_percent_local_mean": 49.111111111111114, "gpu_memory_controller_utilization_percent_local_max": 52.0, "gpu_utilization_samples_local": 108.0}, {"step": 4000, "loss": 1.1731289625167847, "lr": 0.0, "accuracy": 0.5677343606948853, "accuracy_by_position": [0.5677343606948853], "grad_norm": 1.3093492984771729, "data_wait_ms": 6.868519910121904, "data_wait_percent": 3.1563776552222556, "step_time_ms": 217.60767120999844, "sequence_length": 76, "accuracy_position_0": 0.5677343606948853, "gpu_compute_utilization_percent_local_min": 64.0, "gpu_compute_utilization_percent_local_mean": 79.14678899082568, "gpu_compute_utilization_percent_local_max": 84.0, "gpu_memory_controller_utilization_percent_local_min": 38.0, "gpu_memory_controller_utilization_percent_local_mean": 48.174311926605505, "gpu_memory_controller_utilization_percent_local_max": 51.0, "gpu_utilization_samples_local": 109.0}], "batch_size": 128, "evaluation_batch_size": 3072, "steps": 4000, "resumed_from_step": 0, "recovery_checkpoints_saved": 3, "trainable_parameters": 180486, "monitoring": {"train": {"event": "probe_train", "step": 4000, "steps_total": 4000, "progress_percent": 100.0, "elapsed_seconds": 874.713, "eta_seconds": 0.0, "items_processed": 512000, "items_per_sec": 585.335, "tokens_processed": 39447040, "tokens_per_sec": 45097.146, "loss": 1.1731289625167847, "lr": 0.0, "accuracy": 0.5677343606948853, "accuracy_by_position": [0.5677343606948853], "grad_norm": 1.3093492984771729, "data_wait_ms": 6.868519910121904, "data_wait_percent": 3.1563776552222556, "step_time_ms": 217.60767120999844, "sequence_length": 76, "accuracy_position_0": 0.5677343606948853, "gpu_compute_utilization_percent_local_min": 64.0, "gpu_compute_utilization_percent_local_mean": 79.14678899082568, "gpu_compute_utilization_percent_local_max": 84.0, "gpu_memory_controller_utilization_percent_local_min": 38.0, "gpu_memory_controller_utilization_percent_local_mean": 48.174311926605505, "gpu_memory_controller_utilization_percent_local_max": 51.0, "gpu_utilization_samples_local": 109.0, "gpu_memory_allocated_mb": 1140.12, "gpu_memory_reserved_mb": 13072.0, "gpu_peak_memory_allocated_mb": 9079.43, "gpu_memory_allocated_mb_max": 1140.12, "gpu_memory_reserved_mb_max": 13072.0, "gpu_peak_memory_allocated_mb_max": 9079.43, "gpu_memory_allocated_mb_total": 1140.12, "gpu_memory_reserved_mb_total": 13072.0, "gpu_memory_capacity_mb_max": 24217.31, "gpu_memory_capacity_mb_total": 24217.31, "gpu_memory_current_percent_max": 4.71, "gpu_memory_reserved_percent_max": 53.98, "gpu_memory_peak_percent_max": 37.49, "monitored_world_size": 1}, "train_evaluation": {}, "validation": {"event": "ground_truth_probe_validation", "step": 98, "batch": 98, "batches_total": 98, "progress_percent": 100.0, "elapsed_seconds": 193.805, "eta_seconds": 0.0, "items_processed": 300708, "items_per_sec": 1551.6, "tokens_processed": 24342336, "tokens_per_sec": 125602.117, "accuracy_running": 0.5546743019806589, "accuracy_by_position_running": [0.21820503611476916, 0.29035476275988664, 0.2919709485613951, 0.883654575202522, 0.9073386807135161, 0.7365218085318648], "gpu_memory_allocated_mb": 1140.24, "gpu_memory_reserved_mb": 14826.0, "gpu_peak_memory_allocated_mb": 9005.77, "gpu_memory_allocated_mb_max": 1140.24, "gpu_memory_reserved_mb_max": 14826.0, "gpu_peak_memory_allocated_mb_max": 9005.77, "gpu_memory_allocated_mb_total": 1140.24, "gpu_memory_reserved_mb_total": 14826.0, "gpu_memory_capacity_mb_max": 24217.31, "gpu_memory_capacity_mb_total": 24217.31, "gpu_memory_current_percent_max": 4.71, "gpu_memory_reserved_percent_max": 61.22, "gpu_memory_peak_percent_max": 37.19, "monitored_world_size": 1}}, "protocol": "ground_truth_first_whole_rank_matched_v1", "kind": "p", "attribute": "major", "rank": 2, "max_validation_examples": null, "seed": 1337, "reference_whole_probe_checkpoint": "/data/mini-train-sys/artifacts/synbios_moe/results/single_fsdp_4gpu/probe_pipeline/formal/training/p_major_whole.pt", "reference_whole_probe_checkpoint_sha256": "f69720125d2344026dd3e866622b6edefa567bf001759d571f83a207303211b2", "reference_whole_probe_rank": 2, "probe_cache_manifest_sha256": "9dcfd2cff38d6f3d29d7f10c2a3247b634f31395b3cda3755a755c8964ffaf5b", "backbone_checkpoint": "/data/mini-train-sys/artifacts/synbios_moe/checkpoints/synbios_moe_single_fsdp_4gpu/epoch_000540_step_000017280", "target": "whole", "class_names": ["Architecture", "Architecture1", "Architecture2", "Architecture3", "Architecture4", "Biology", "Biology1", "Biology2", "Biology3", "Biology4", "Chemistry", "Chemistry1", "Chemistry2", "Chemistry3", "Chemistry4", "Communications", "Communications1", "Communications2", "Communications3", "Communications4", "Computer Science", "Computer Science1", "Computer Science2", "Computer Science3", "Computer Science4", "Data Science", "Data Science1", "Data Science2", "Data Science3", "Data Science4", "Design", "Design1", "Design2", "Design3", "Design4", "Economics", "Economics1", "Economics2", "Economics3", "Economics4", "Engineering", "Engineering1", "Engineering2", "Engineering3", "Engineering4", "Finance", "Finance1", "Finance2", "Finance3", "Finance4", "History", "History1", "History2", "History3", "History4", "Linguistics", "Linguistics1", "Linguistics2", "Linguistics3", "Linguistics4", "Mathematics", "Mathematics1", "Mathematics2", "Mathematics3", "Mathematics4", "Music", "Music1", "Music2", "Music3", "Music4", "Philosophy", "Philosophy1", "Philosophy2", "Philosophy3", "Philosophy4", "Physics", "Physics1", "Physics2", "Physics3", "Physics4", "Political Science", "Political Science1", "Political Science2", "Political Science3", "Political Science4", "Psychology", "Psychology1", "Psychology2", "Psychology3", "Psychology4", "Sociology", "Sociology1", "Sociology2", "Sociology3", "Sociology4", "Statistics", "Statistics1", "Statistics2", "Statistics3", "Statistics4"], "classes": 100, "first_token_class_names": ["13851", "14044", "14370", "14611", "14620", "15007", "18430", "18963", "23123", "24698", "26099", "27867", "29778", "31339", "39448", "406", "6060", "7443", "7849", "8495"], "first_token_text": {"13851": " Computer", "14044": " Engineering", "14370": " Statistics", "14611": " Political", "14620": " Communications", "15007": " Finance", "18430": " Psychology", "18963": " Economics", "23123": " Physics", "24698": " Biology", "26099": " Philosophy", "27867": " Chemistry", "29778": " Architecture", "31339": " Soci", "39448": " Mathematics", "406": " L", "6060": " Data", "7443": " History", "7849": " Music", "8495": " Design"}, "ground_truth_first_token": true, "ground_truth_first_accuracy_by_position": [1.0, 1.0, 1.0, 1.0, 1.0, 1.0], "whole_accuracy_validation_by_source_position": [0.21820503611476916, 0.29035476275988664, 0.2919709485613951, 0.883654575202522, 0.9073386807135161, 0.7365218085318648], "whole_correct_validation_by_source_position": [10936, 14552, 14633, 44287, 45474, 36913], "whole_total_validation_by_source_position": [50118, 50118, 50118, 50118, 50118, 50118], "validation_examples_total": 300708, "validation_examples_evaluated": 300708, "input_protocol": "P: biography prefix through original pre-attribute readout, append cached ground-truth leading-space t1, read t1 final-layer hidden", "backbone_parameters_updated": false, "architecture_match": {"probe_class": "AttributeProbe", "rank": 2, "reference_rank": 2, "low_rank_embedding_delta": true, "normalizer": "LayerNorm", "classifier_classes": 100}, "alignment_checks": {"first_whole_sample_indices_equal": true, "first_whole_profile_indices_equal": true, "first_whole_token_offsets_equal": true, "first_whole_readout_positions_equal": true, "person_disjoint_cache_split": true}, "stage_two_trainable_components": ["low_rank_embedding_delta", "normalizer", "whole_classifier"], "data": "/data/mini-train-sys/artifacts/synbios_moe/single", "probe_cache": "/data/mini-train-sys/artifacts/synbios_moe/single/probe_cache", "probe_dir": "/data/mini-train-sys/artifacts/synbios_moe/results/single_fsdp_4gpu/probe_pipeline/formal/training", "checkpoint": "/data/mini-train-sys/artifacts/synbios_moe/checkpoints/synbios_moe_single_fsdp_4gpu/epoch_000540_step_000017280", "model_parameters": {"total": 293494272, "active_estimate": 123624960}, "provenance": {"python_version": "3.10.12", "torch_version": "2.5.1+cu118", "cuda_runtime": "11.8", "hostname": "ml-ubuntu22-04-desktop-v3-2-128gb-25m", "platform": "Linux-5.15.0-72-generic-x86_64-with-glibc2.35", "git_revision": "69fb61dc5128b168728319f052eb9b9986609e75", "git_branch": "train", "git_dirty": true, "world_size": 1}, "log_dir": "artifacts/synbios_moe/results/single_fsdp_4gpu/probe_pipeline/formal/diagnostics/ground_truth_first_whole_p_pilot4000_20260726T033800Z/operation_logs/synbios_p_ground_truth_first_whole_p_major/20260726-113707"}
[ground_truth_probe_validation] {"event": "ground_truth_probe_validation", "step": 98, "batch": 98, "batches_total": 98, "progress_percent": 100.0, "elapsed_seconds": 195.811, "eta_seconds": 0.0, "items_processed": 300708, "items_per_sec": 1535.702, "tokens_processed": 24342336, "tokens_per_sec": 124315.159, "accuracy_running": 0.8365923088178565, "accuracy_by_position_running": [0.14836984716070076, 0.9755975896883355, 0.9640448541442196, 0.9814637455604772, 0.9839179536294346, 0.9661598627239715], "gpu_memory_allocated_mb": 1141.17, "gpu_memory_reserved_mb": 16836.0, "gpu_peak_memory_allocated_mb": 8703.42, "gpu_memory_allocated_mb_max": 1141.17, "gpu_memory_reserved_mb_max": 16836.0, "gpu_peak_memory_allocated_mb_max": 8703.42, "gpu_memory_allocated_mb_total": 1141.17, "gpu_memory_reserved_mb_total": 16836.0, "gpu_memory_capacity_mb_max": 24217.31, "gpu_memory_capacity_mb_total": 24217.31, "gpu_memory_current_percent_max": 4.71, "gpu_memory_reserved_percent_max": 69.52, "gpu_memory_peak_percent_max": 35.94, "monitored_world_size": 1}
{"validation_accuracy": [0.8365923088178565], "train_accuracy": null, "loss_curve": [{"step": 1, "loss": 5.488065719604492, "lr": 0.001, "accuracy": 0.0, "accuracy_by_position": [0.0], "grad_norm": 2.5274009704589844, "data_wait_ms": 257.6120529997752, "data_wait_percent": 11.344263482172467, "step_time_ms": 2270.8574550001686, "sequence_length": 75, "accuracy_position_0": 0.0, "gpu_compute_utilization_percent_local_min": 0.0, "gpu_compute_utilization_percent_local_mean": 6.923076923076923, "gpu_compute_utilization_percent_local_max": 64.0, "gpu_memory_controller_utilization_percent_local_min": 0.0, "gpu_memory_controller_utilization_percent_local_mean": 3.3846153846153846, "gpu_memory_controller_utilization_percent_local_max": 39.0, "gpu_utilization_samples_local": 13.0}, {"step": 100, "loss": 2.5253593921661377, "lr": 0.0009752438109527382, "accuracy": 0.1732165366411209, "accuracy_by_position": [0.1732165366411209], "grad_norm": 2.435420036315918, "data_wait_ms": 15.308144575739806, "data_wait_percent": 6.7878306734020075, "step_time_ms": 225.52337134343225, "sequence_length": 78, "accuracy_position_0": 0.1732165366411209, "gpu_compute_utilization_percent_local_min": 20.0, "gpu_compute_utilization_percent_local_mean": 75.3963963963964, "gpu_compute_utilization_percent_local_max": 85.0, "gpu_memory_controller_utilization_percent_local_min": 12.0, "gpu_memory_controller_utilization_percent_local_mean": 46.44144144144144, "gpu_memory_controller_utilization_percent_local_max": 53.0, "gpu_utilization_samples_local": 111.0}, {"step": 200, "loss": 1.9452053308486938, "lr": 0.0009502375593898474, "accuracy": 0.3274218738079071, "accuracy_by_position": [0.3274218738079071], "grad_norm": 2.2473928928375244, "data_wait_ms": 13.797872589984763, "data_wait_percent": 6.043856035224687, "step_time_ms": 228.29585135000343, "sequence_length": 74, "accuracy_position_0": 0.3274218738079071, "gpu_compute_utilization_percent_local_min": 69.0, "gpu_compute_utilization_percent_local_mean": 74.68695652173913, "gpu_compute_utilization_percent_local_max": 82.0, "gpu_memory_controller_utilization_percent_local_min": 41.0, "gpu_memory_controller_utilization_percent_local_mean": 45.89565217391304, "gpu_memory_controller_utilization_percent_local_max": 52.0, "gpu_utilization_samples_local": 115.0}, {"step": 300, "loss": 1.7642954587936401, "lr": 0.0009252313078269567, "accuracy": 0.4034374952316284, "accuracy_by_position": [0.4034374952316284], "grad_norm": 2.184628486633301, "data_wait_ms": 13.97412951003389, "data_wait_percent": 6.069699016133636, "step_time_ms": 230.22771759999614, "sequence_length": 74, "accuracy_position_0": 0.4034374952316284, "gpu_compute_utilization_percent_local_min": 62.0, "gpu_compute_utilization_percent_local_mean": 74.18103448275862, "gpu_compute_utilization_percent_local_max": 84.0, "gpu_memory_controller_utilization_percent_local_min": 36.0, "gpu_memory_controller_utilization_percent_local_mean": 45.51724137931034, "gpu_memory_controller_utilization_percent_local_max": 52.0, "gpu_utilization_samples_local": 116.0}, {"step": 400, "loss": 1.6240068674087524, "lr": 0.000900225056264066, "accuracy": 0.4442187547683716, "accuracy_by_position": [0.4442187547683716], "grad_norm": 2.000121831893921, "data_wait_ms": 7.749099940001543, "data_wait_percent": 3.467147816270762, "step_time_ms": 223.50070866999886, "sequence_length": 76, "accuracy_position_0": 0.4442187547683716, "gpu_compute_utilization_percent_local_min": 63.0, "gpu_compute_utilization_percent_local_mean": 76.92857142857143, "gpu_compute_utilization_percent_local_max": 82.0, "gpu_memory_controller_utilization_percent_local_min": 36.0, "gpu_memory_controller_utilization_percent_local_mean": 47.285714285714285, "gpu_memory_controller_utilization_percent_local_max": 51.0, "gpu_utilization_samples_local": 112.0}, {"step": 500, "loss": 1.6178901195526123, "lr": 0.0008752188047011754, "accuracy": 0.48234373331069946, "accuracy_by_position": [0.48234373331069946], "grad_norm": 1.985826849937439, "data_wait_ms": 6.354871560042739, "data_wait_percent": 2.862797853189959, "step_time_ms": 221.98114872000588, "sequence_length": 75, "accuracy_position_0": 0.48234373331069946, "gpu_compute_utilization_percent_local_min": 72.0, "gpu_compute_utilization_percent_local_mean": 77.51351351351352, "gpu_compute_utilization_percent_local_max": 85.0, "gpu_memory_controller_utilization_percent_local_min": 42.0, "gpu_memory_controller_utilization_percent_local_mean": 47.47747747747748, "gpu_memory_controller_utilization_percent_local_max": 52.0, "gpu_utilization_samples_local": 111.0}, {"step": 600, "loss": 1.55733060836792, "lr": 0.0008502125531382846, "accuracy": 0.5128124952316284, "accuracy_by_position": [0.5128124952316284], "grad_norm": 1.9481415748596191, "data_wait_ms": 6.4403520000178105, "data_wait_percent": 2.8819247593153534, "step_time_ms": 223.47398137999335, "sequence_length": 79, "accuracy_position_0": 0.5128124952316284, "gpu_compute_utilization_percent_local_min": 71.0, "gpu_compute_utilization_percent_local_mean": 76.99107142857143, "gpu_compute_utilization_percent_local_max": 82.0, "gpu_memory_controller_utilization_percent_local_min": 41.0, "gpu_memory_controller_utilization_percent_local_mean": 47.285714285714285, "gpu_memory_controller_utilization_percent_local_max": 51.0, "gpu_utilization_samples_local": 112.0}, {"step": 700, "loss": 1.211848258972168, "lr": 0.0008252063015753939, "accuracy": 0.5682030916213989, "accuracy_by_position": [0.5682030916213989], "grad_norm": 1.7822760343551636, "data_wait_ms": 6.41384167999604, "data_wait_percent": 2.8414818207848374, "step_time_ms": 225.7217214299999, "sequence_length": 77, "accuracy_position_0": 0.5682030916213989, "gpu_compute_utilization_percent_local_min": 63.0, "gpu_compute_utilization_percent_local_mean": 76.12280701754386, "gpu_compute_utilization_percent_local_max": 84.0, "gpu_memory_controller_utilization_percent_local_min": 37.0, "gpu_memory_controller_utilization_percent_local_mean": 46.62280701754386, "gpu_memory_controller_utilization_percent_local_max": 51.0, "gpu_utilization_samples_local": 114.0}, {"step": 800, "loss": 1.1249070167541504, "lr": 0.0008002000500125032, "accuracy": 0.6303125023841858, "accuracy_by_position": [0.6303125023841858], "grad_norm": 1.7967363595962524, "data_wait_ms": 6.517835149979874, "data_wait_percent": 2.8851551562183033, "step_time_ms": 225.9093461900011, "sequence_length": 75, "accuracy_position_0": 0.6303125023841858, "gpu_compute_utilization_percent_local_min": 69.0, "gpu_compute_utilization_percent_local_mean": 76.11504424778761, "gpu_compute_utilization_percent_local_max": 80.0, "gpu_memory_controller_utilization_percent_local_min": 41.0, "gpu_memory_controller_utilization_percent_local_mean": 46.67256637168141, "gpu_memory_controller_utilization_percent_local_max": 50.0, "gpu_utilization_samples_local": 113.0}, {"step": 900, "loss": 0.9414911270141602, "lr": 0.0007751937984496125, "accuracy": 0.662109375, "accuracy_by_position": [0.662109375], "grad_norm": 1.5053681135177612, "data_wait_ms": 6.461303839960237, "data_wait_percent": 2.868994199519323, "step_time_ms": 225.2114640400032, "sequence_length": 78, "accuracy_position_0": 0.662109375, "gpu_compute_utilization_percent_local_min": 63.0, "gpu_compute_utilization_percent_local_mean": 76.47787610619469, "gpu_compute_utilization_percent_local_max": 84.0, "gpu_memory_controller_utilization_percent_local_min": 37.0, "gpu_memory_controller_utilization_percent_local_mean": 46.92920353982301, "gpu_memory_controller_utilization_percent_local_max": 52.0, "gpu_utilization_samples_local": 113.0}, {"step": 1000, "loss": 1.0781240463256836, "lr": 0.0007501875468867216, "accuracy": 0.6916406154632568, "accuracy_by_position": [0.6916406154632568], "grad_norm": 1.7856515645980835, "data_wait_ms": 6.383670509967487, "data_wait_percent": 2.8228265191673656, "step_time_ms": 226.14462726000056, "sequence_length": 79, "accuracy_position_0": 0.6916406154632568, "gpu_compute_utilization_percent_local_min": 69.0, "gpu_compute_utilization_percent_local_mean": 75.83333333333333, "gpu_compute_utilization_percent_local_max": 82.0, "gpu_memory_controller_utilization_percent_local_min": 40.0, "gpu_memory_controller_utilization_percent_local_mean": 46.333333333333336, "gpu_memory_controller_utilization_percent_local_max": 51.0, "gpu_utilization_samples_local": 114.0}, {"step": 1100, "loss": 1.0862568616867065, "lr": 0.000725181295323831, "accuracy": 0.7174999713897705, "accuracy_by_position": [0.7174999713897705], "grad_norm": 2.197751998901367, "data_wait_ms": 6.470182559987734, "data_wait_percent": 2.846453498039682, "step_time_ms": 227.30680702999962, "sequence_length": 75, "accuracy_position_0": 0.7174999713897705, "gpu_compute_utilization_percent_local_min": 35.0, "gpu_compute_utilization_percent_local_mean": 75.71052631578948, "gpu_compute_utilization_percent_local_max": 84.0, "gpu_memory_controller_utilization_percent_local_min": 16.0, "gpu_memory_controller_utilization_percent_local_mean": 46.24561403508772, "gpu_memory_controller_utilization_percent_local_max": 52.0, "gpu_utilization_samples_local": 114.0}, {"step": 1200, "loss": 0.9727845788002014, "lr": 0.0007001750437609402, "accuracy": 0.7289062142372131, "accuracy_by_position": [0.7289062142372131], "grad_norm": 2.596803903579712, "data_wait_ms": 6.419041670014849, "data_wait_percent": 2.8392987553307454, "step_time_ms": 226.07841664999796, "sequence_length": 78, "accuracy_position_0": 0.7289062142372131, "gpu_compute_utilization_percent_local_min": 64.0, "gpu_compute_utilization_percent_local_mean": 76.08849557522124, "gpu_compute_utilization_percent_local_max": 83.0, "gpu_memory_controller_utilization_percent_local_min": 38.0, "gpu_memory_controller_utilization_percent_local_mean": 46.530973451327434, "gpu_memory_controller_utilization_percent_local_max": 52.0, "gpu_utilization_samples_local": 113.0}, {"step": 1300, "loss": 1.0961439609527588, "lr": 0.0006751687921980496, "accuracy": 0.7436718344688416, "accuracy_by_position": [0.7436718344688416], "grad_norm": 1.6926765441894531, "data_wait_ms": 6.355671919982342, "data_wait_percent": 2.808763898264393, "step_time_ms": 226.28003456999977, "sequence_length": 77, "accuracy_position_0": 0.7436718344688416, "gpu_compute_utilization_percent_local_min": 65.0, "gpu_compute_utilization_percent_local_mean": 75.75438596491227, "gpu_compute_utilization_percent_local_max": 81.0, "gpu_memory_controller_utilization_percent_local_min": 38.0, "gpu_memory_controller_utilization_percent_local_mean": 46.14912280701754, "gpu_memory_controller_utilization_percent_local_max": 50.0, "gpu_utilization_samples_local": 114.0}, {"step": 1400, "loss": 0.8942488431930542, "lr": 0.0006501625406351587, "accuracy": 0.7564062476158142, "accuracy_by_position": [0.7564062476158142], "grad_norm": 1.5338088274002075, "data_wait_ms": 6.350290759964992, "data_wait_percent": 2.8097126032114548, "step_time_ms": 226.0121107299983, "sequence_length": 79, "accuracy_position_0": 0.7564062476158142, "gpu_compute_utilization_percent_local_min": 69.0, "gpu_compute_utilization_percent_local_mean": 76.29203539823008, "gpu_compute_utilization_percent_local_max": 82.0, "gpu_memory_controller_utilization_percent_local_min": 41.0, "gpu_memory_controller_utilization_percent_local_mean": 46.5929203539823, "gpu_memory_controller_utilization_percent_local_max": 51.0, "gpu_utilization_samples_local": 113.0}, {"step": 1500, "loss": 0.9150818586349487, "lr": 0.000625156289072268, "accuracy": 0.7676562070846558, "accuracy_by_position": [0.7676562070846558], "grad_norm": 1.756032109260559, "data_wait_ms": 6.388593610081443, "data_wait_percent": 2.8408103861711487, "step_time_ms": 224.88630854000803, "sequence_length": 75, "accuracy_position_0": 0.7676562070846558, "gpu_compute_utilization_percent_local_min": 70.0, "gpu_compute_utilization_percent_local_mean": 76.22123893805309, "gpu_compute_utilization_percent_local_max": 84.0, "gpu_memory_controller_utilization_percent_local_min": 42.0, "gpu_memory_controller_utilization_percent_local_mean": 46.47787610619469, "gpu_memory_controller_utilization_percent_local_max": 52.0, "gpu_utilization_samples_local": 113.0}, {"step": 1600, "loss": 0.8285485506057739, "lr": 0.0006001500375093774, "accuracy": 0.7766405940055847, "accuracy_by_position": [0.7766405940055847], "grad_norm": 1.4112135171890259, "data_wait_ms": 6.461037730014141, "data_wait_percent": 2.8814816568821096, "step_time_ms": 224.2262314799973, "sequence_length": 78, "accuracy_position_0": 0.7766405940055847, "gpu_compute_utilization_percent_local_min": 64.0, "gpu_compute_utilization_percent_local_mean": 76.68141592920354, "gpu_compute_utilization_percent_local_max": 82.0, "gpu_memory_controller_utilization_percent_local_min": 38.0, "gpu_memory_controller_utilization_percent_local_mean": 46.8141592920354, "gpu_memory_controller_utilization_percent_local_max": 52.0, "gpu_utilization_samples_local": 113.0}, {"step": 1700, "loss": 0.7921102643013, "lr": 0.0005751437859464867, "accuracy": 0.7827343344688416, "accuracy_by_position": [0.7827343344688416], "grad_norm": 1.4740910530090332, "data_wait_ms": 6.465470780012765, "data_wait_percent": 3.0180082054016815, "step_time_ms": 214.2297283500011, "sequence_length": 78, "accuracy_position_0": 0.7827343344688416, "gpu_compute_utilization_percent_local_min": 66.0, "gpu_compute_utilization_percent_local_mean": 80.26851851851852, "gpu_compute_utilization_percent_local_max": 85.0, "gpu_memory_controller_utilization_percent_local_min": 39.0, "gpu_memory_controller_utilization_percent_local_mean": 48.925925925925924, "gpu_memory_controller_utilization_percent_local_max": 52.0, "gpu_utilization_samples_local": 108.0}, {"step": 1800, "loss": 0.8853912949562073, "lr": 0.0005501375343835959, "accuracy": 0.7835937142372131, "accuracy_by_position": [0.7835937142372131], "grad_norm": 1.7237173318862915, "data_wait_ms": 6.594704589952016, "data_wait_percent": 3.102437906830926, "step_time_ms": 212.565240240001, "sequence_length": 76, "accuracy_position_0": 0.7835937142372131, "gpu_compute_utilization_percent_local_min": 76.0, "gpu_compute_utilization_percent_local_mean": 81.28301886792453, "gpu_compute_utilization_percent_local_max": 86.0, "gpu_memory_controller_utilization_percent_local_min": 46.0, "gpu_memory_controller_utilization_percent_local_mean": 49.66981132075472, "gpu_memory_controller_utilization_percent_local_max": 53.0, "gpu_utilization_samples_local": 106.0}, {"step": 1900, "loss": 0.837522566318512, "lr": 0.0005251312828207052, "accuracy": 0.7833593487739563, "accuracy_by_position": [0.7833593487739563], "grad_norm": 1.4135608673095703, "data_wait_ms": 6.452072190013496, "data_wait_percent": 3.0396324327925845, "step_time_ms": 212.26488177999272, "sequence_length": 76, "accuracy_position_0": 0.7833593487739563, "gpu_compute_utilization_percent_local_min": 73.0, "gpu_compute_utilization_percent_local_mean": 80.81308411214954, "gpu_compute_utilization_percent_local_max": 84.0, "gpu_memory_controller_utilization_percent_local_min": 43.0, "gpu_memory_controller_utilization_percent_local_mean": 49.271028037383175, "gpu_memory_controller_utilization_percent_local_max": 52.0, "gpu_utilization_samples_local": 107.0}, {"step": 2000, "loss": 0.6396472454071045, "lr": 0.0005001250312578145, "accuracy": 0.799609363079071, "accuracy_by_position": [0.799609363079071], "grad_norm": 2.335810422897339, "data_wait_ms": 6.430278100006035, "data_wait_percent": 3.0104364444966287, "step_time_ms": 213.59953012000005, "sequence_length": 81, "accuracy_position_0": 0.799609363079071, "gpu_compute_utilization_percent_local_min": 57.0, "gpu_compute_utilization_percent_local_mean": 80.74766355140187, "gpu_compute_utilization_percent_local_max": 84.0, "gpu_memory_controller_utilization_percent_local_min": 36.0, "gpu_memory_controller_utilization_percent_local_mean": 49.25233644859813, "gpu_memory_controller_utilization_percent_local_max": 53.0, "gpu_utilization_samples_local": 107.0}, {"step": 2100, "loss": 0.9296920895576477, "lr": 0.00047511877969492376, "accuracy": 0.7906249761581421, "accuracy_by_position": [0.7906249761581421], "grad_norm": 1.62010657787323, "data_wait_ms": 6.3459815800615615, "data_wait_percent": 2.9875604576572155, "step_time_ms": 212.4134948900064, "sequence_length": 76, "accuracy_position_0": 0.7906249761581421, "gpu_compute_utilization_percent_local_min": 71.0, "gpu_compute_utilization_percent_local_mean": 81.13084112149532, "gpu_compute_utilization_percent_local_max": 85.0, "gpu_memory_controller_utilization_percent_local_min": 43.0, "gpu_memory_controller_utilization_percent_local_mean": 49.45794392523364, "gpu_memory_controller_utilization_percent_local_max": 53.0, "gpu_utilization_samples_local": 107.0}, {"step": 2200, "loss": 0.8811357617378235, "lr": 0.0004501125281320331, "accuracy": 0.7969530820846558, "accuracy_by_position": [0.7969530820846558], "grad_norm": 1.7057124376296997, "data_wait_ms": 6.384185850038193, "data_wait_percent": 3.007864128104913, "step_time_ms": 212.2498084400013, "sequence_length": 75, "accuracy_position_0": 0.7969530820846558, "gpu_compute_utilization_percent_local_min": 74.0, "gpu_compute_utilization_percent_local_mean": 81.09345794392523, "gpu_compute_utilization_percent_local_max": 83.0, "gpu_memory_controller_utilization_percent_local_min": 45.0, "gpu_memory_controller_utilization_percent_local_mean": 49.51401869158879, "gpu_memory_controller_utilization_percent_local_max": 52.0, "gpu_utilization_samples_local": 107.0}, {"step": 2300, "loss": 0.7564910650253296, "lr": 0.00042510627656914223, "accuracy": 0.801562488079071, "accuracy_by_position": [0.801562488079071], "grad_norm": 1.3359005451202393, "data_wait_ms": 6.6594494999844756, "data_wait_percent": 3.1101280332523205, "step_time_ms": 214.12139399999432, "sequence_length": 76, "accuracy_position_0": 0.801562488079071, "gpu_compute_utilization_percent_local_min": 69.0, "gpu_compute_utilization_percent_local_mean": 80.58878504672897, "gpu_compute_utilization_percent_local_max": 84.0, "gpu_memory_controller_utilization_percent_local_min": 41.0, "gpu_memory_controller_utilization_percent_local_mean": 49.26168224299065, "gpu_memory_controller_utilization_percent_local_max": 53.0, "gpu_utilization_samples_local": 107.0}, {"step": 2400, "loss": 0.5821362137794495, "lr": 0.00040010002500625154, "accuracy": 0.8100000023841858, "accuracy_by_position": [0.8100000023841858], "grad_norm": 1.2912155389785767, "data_wait_ms": 7.37295472002188, "data_wait_percent": 3.446331872646984, "step_time_ms": 213.93629494999914, "sequence_length": 79, "accuracy_position_0": 0.8100000023841858, "gpu_compute_utilization_percent_local_min": 65.0, "gpu_compute_utilization_percent_local_mean": 80.08333333333333, "gpu_compute_utilization_percent_local_max": 85.0, "gpu_memory_controller_utilization_percent_local_min": 38.0, "gpu_memory_controller_utilization_percent_local_mean": 48.73148148148148, "gpu_memory_controller_utilization_percent_local_max": 52.0, "gpu_utilization_samples_local": 108.0}, {"step": 2500, "loss": 0.6733027696609497, "lr": 0.0003750937734433608, "accuracy": 0.819140613079071, "accuracy_by_position": [0.819140613079071], "grad_norm": 1.6540573835372925, "data_wait_ms": 6.607691110039013, "data_wait_percent": 3.093843010003095, "step_time_ms": 213.57551396999952, "sequence_length": 76, "accuracy_position_0": 0.819140613079071, "gpu_compute_utilization_percent_local_min": 71.0, "gpu_compute_utilization_percent_local_mean": 80.66355140186916, "gpu_compute_utilization_percent_local_max": 84.0, "gpu_memory_controller_utilization_percent_local_min": 42.0, "gpu_memory_controller_utilization_percent_local_mean": 49.345794392523366, "gpu_memory_controller_utilization_percent_local_max": 53.0, "gpu_utilization_samples_local": 107.0}, {"step": 2600, "loss": 0.5800528526306152, "lr": 0.0003500875218804701, "accuracy": 0.8210155963897705, "accuracy_by_position": [0.8210155963897705], "grad_norm": 1.1878225803375244, "data_wait_ms": 6.355973160034409, "data_wait_percent": 2.9915183388768276, "step_time_ms": 212.46646151000277, "sequence_length": 77, "accuracy_position_0": 0.8210155963897705, "gpu_compute_utilization_percent_local_min": 75.0, "gpu_compute_utilization_percent_local_mean": 81.24299065420561, "gpu_compute_utilization_percent_local_max": 84.0, "gpu_memory_controller_utilization_percent_local_min": 46.0, "gpu_memory_controller_utilization_percent_local_mean": 49.7196261682243, "gpu_memory_controller_utilization_percent_local_max": 52.0, "gpu_utilization_samples_local": 107.0}, {"step": 2700, "loss": 0.7027618288993835, "lr": 0.00032508127031757937, "accuracy": 0.819140613079071, "accuracy_by_position": [0.819140613079071], "grad_norm": 1.7810554504394531, "data_wait_ms": 6.483872100016015, "data_wait_percent": 3.041039774063361, "step_time_ms": 213.21234123000067, "sequence_length": 77, "accuracy_position_0": 0.819140613079071, "gpu_compute_utilization_percent_local_min": 73.0, "gpu_compute_utilization_percent_local_mean": 80.67289719626169, "gpu_compute_utilization_percent_local_max": 84.0, "gpu_memory_controller_utilization_percent_local_min": 44.0, "gpu_memory_controller_utilization_percent_local_mean": 49.26168224299065, "gpu_memory_controller_utilization_percent_local_max": 53.0, "gpu_utilization_samples_local": 107.0}, {"step": 2800, "loss": 0.7834011316299438, "lr": 0.0003000750187546887, "accuracy": 0.8216406106948853, "accuracy_by_position": [0.8216406106948853], "grad_norm": 1.5625048875808716, "data_wait_ms": 6.501625660021091, "data_wait_percent": 3.040953025358968, "step_time_ms": 213.80223915999522, "sequence_length": 79, "accuracy_position_0": 0.8216406106948853, "gpu_compute_utilization_percent_local_min": 71.0, "gpu_compute_utilization_percent_local_mean": 80.6822429906542, "gpu_compute_utilization_percent_local_max": 84.0, "gpu_memory_controller_utilization_percent_local_min": 42.0, "gpu_memory_controller_utilization_percent_local_mean": 49.373831775700936, "gpu_memory_controller_utilization_percent_local_max": 52.0, "gpu_utilization_samples_local": 107.0}, {"step": 2900, "loss": 0.6651259660720825, "lr": 0.00027506876719179794, "accuracy": 0.8221874833106995, "accuracy_by_position": [0.8221874833106995], "grad_norm": 1.2565879821777344, "data_wait_ms": 6.381055839992769, "data_wait_percent": 2.994846331379029, "step_time_ms": 213.06788843000504, "sequence_length": 79, "accuracy_position_0": 0.8221874833106995, "gpu_compute_utilization_percent_local_min": 71.0, "gpu_compute_utilization_percent_local_mean": 80.76635514018692, "gpu_compute_utilization_percent_local_max": 85.0, "gpu_memory_controller_utilization_percent_local_min": 43.0, "gpu_memory_controller_utilization_percent_local_mean": 49.308411214953274, "gpu_memory_controller_utilization_percent_local_max": 52.0, "gpu_utilization_samples_local": 107.0}, {"step": 3000, "loss": 0.6794040203094482, "lr": 0.00025006251562890725, "accuracy": 0.8258593678474426, "accuracy_by_position": [0.8258593678474426], "grad_norm": 1.218824028968811, "data_wait_ms": 6.325039509983981, "data_wait_percent": 2.943105664635189, "step_time_ms": 214.9103780399946, "sequence_length": 82, "accuracy_position_0": 0.8258593678474426, "gpu_compute_utilization_percent_local_min": 59.0, "gpu_compute_utilization_percent_local_mean": 80.13888888888889, "gpu_compute_utilization_percent_local_max": 85.0, "gpu_memory_controller_utilization_percent_local_min": 38.0, "gpu_memory_controller_utilization_percent_local_mean": 48.99074074074074, "gpu_memory_controller_utilization_percent_local_max": 52.0, "gpu_utilization_samples_local": 108.0}, {"step": 3100, "loss": 0.6849733591079712, "lr": 0.00022505626406601654, "accuracy": 0.8257812261581421, "accuracy_by_position": [0.8257812261581421], "grad_norm": 1.486665964126587, "data_wait_ms": 6.404809980040227, "data_wait_percent": 2.9883295048306757, "step_time_ms": 214.32743510000364, "sequence_length": 76, "accuracy_position_0": 0.8257812261581421, "gpu_compute_utilization_percent_local_min": 66.0, "gpu_compute_utilization_percent_local_mean": 80.29629629629629, "gpu_compute_utilization_percent_local_max": 85.0, "gpu_memory_controller_utilization_percent_local_min": 39.0, "gpu_memory_controller_utilization_percent_local_mean": 49.0, "gpu_memory_controller_utilization_percent_local_max": 52.0, "gpu_utilization_samples_local": 108.0}, {"step": 3200, "loss": 0.7011209726333618, "lr": 0.00020005001250312582, "accuracy": 0.8219531178474426, "accuracy_by_position": [0.8219531178474426], "grad_norm": 1.2618906497955322, "data_wait_ms": 6.361127599957399, "data_wait_percent": 2.9654853307159335, "step_time_ms": 214.50544819999777, "sequence_length": 79, "accuracy_position_0": 0.8219531178474426, "gpu_compute_utilization_percent_local_min": 71.0, "gpu_compute_utilization_percent_local_mean": 80.25, "gpu_compute_utilization_percent_local_max": 85.0, "gpu_memory_controller_utilization_percent_local_min": 42.0, "gpu_memory_controller_utilization_percent_local_mean": 48.96296296296296, "gpu_memory_controller_utilization_percent_local_max": 52.0, "gpu_utilization_samples_local": 108.0}, {"step": 3300, "loss": 0.8029390573501587, "lr": 0.0001750437609402351, "accuracy": 0.8199999928474426, "accuracy_by_position": [0.8199999928474426], "grad_norm": 1.39285409450531, "data_wait_ms": 6.3688163599999825, "data_wait_percent": 2.976644797479538, "step_time_ms": 213.95956835000106, "sequence_length": 78, "accuracy_position_0": 0.8199999928474426, "gpu_compute_utilization_percent_local_min": 72.0, "gpu_compute_utilization_percent_local_mean": 80.51401869158879, "gpu_compute_utilization_percent_local_max": 84.0, "gpu_memory_controller_utilization_percent_local_min": 43.0, "gpu_memory_controller_utilization_percent_local_mean": 49.09345794392523, "gpu_memory_controller_utilization_percent_local_max": 52.0, "gpu_utilization_samples_local": 107.0}, {"step": 3400, "loss": 0.6764836311340332, "lr": 0.0001500375093773444, "accuracy": 0.8256250023841858, "accuracy_by_position": [0.8256250023841858], "grad_norm": 1.236244559288025, "data_wait_ms": 6.45901931005028, "data_wait_percent": 3.0054773145470635, "step_time_ms": 214.90827026999796, "sequence_length": 75, "accuracy_position_0": 0.8256250023841858, "gpu_compute_utilization_percent_local_min": 70.0, "gpu_compute_utilization_percent_local_mean": 80.08333333333333, "gpu_compute_utilization_percent_local_max": 84.0, "gpu_memory_controller_utilization_percent_local_min": 41.0, "gpu_memory_controller_utilization_percent_local_mean": 48.916666666666664, "gpu_memory_controller_utilization_percent_local_max": 52.0, "gpu_utilization_samples_local": 108.0}, {"step": 3500, "loss": 0.6718987226486206, "lr": 0.00012503125781445357, "accuracy": 0.8240624666213989, "accuracy_by_position": [0.8240624666213989], "grad_norm": 1.2896298170089722, "data_wait_ms": 6.399713209975744, "data_wait_percent": 2.992957738736056, "step_time_ms": 213.82571251000627, "sequence_length": 78, "accuracy_position_0": 0.8240624666213989, "gpu_compute_utilization_percent_local_min": 75.0, "gpu_compute_utilization_percent_local_mean": 80.54629629629629, "gpu_compute_utilization_percent_local_max": 85.0, "gpu_memory_controller_utilization_percent_local_min": 45.0, "gpu_memory_controller_utilization_percent_local_mean": 49.2037037037037, "gpu_memory_controller_utilization_percent_local_max": 53.0, "gpu_utilization_samples_local": 108.0}, {"step": 3600, "loss": 0.571089506149292, "lr": 0.00010002500625156286, "accuracy": 0.8306249976158142, "accuracy_by_position": [0.8306249976158142], "grad_norm": 1.172722578048706, "data_wait_ms": 6.316075170043405, "data_wait_percent": 2.96275099280976, "step_time_ms": 213.18278806999842, "sequence_length": 74, "accuracy_position_0": 0.8306249976158142, "gpu_compute_utilization_percent_local_min": 76.0, "gpu_compute_utilization_percent_local_mean": 80.86915887850468, "gpu_compute_utilization_percent_local_max": 85.0, "gpu_memory_controller_utilization_percent_local_min": 46.0, "gpu_memory_controller_utilization_percent_local_mean": 49.42056074766355, "gpu_memory_controller_utilization_percent_local_max": 53.0, "gpu_utilization_samples_local": 107.0}, {"step": 3700, "loss": 0.7922800779342651, "lr": 7.501875468867214e-05, "accuracy": 0.830078125, "accuracy_by_position": [0.830078125], "grad_norm": 1.3077179193496704, "data_wait_ms": 6.433680309937699, "data_wait_percent": 2.986661581678998, "step_time_ms": 215.41376999000022, "sequence_length": 73, "accuracy_position_0": 0.830078125, "gpu_compute_utilization_percent_local_min": 71.0, "gpu_compute_utilization_percent_local_mean": 79.98148148148148, "gpu_compute_utilization_percent_local_max": 84.0, "gpu_memory_controller_utilization_percent_local_min": 43.0, "gpu_memory_controller_utilization_percent_local_mean": 48.93518518518518, "gpu_memory_controller_utilization_percent_local_max": 53.0, "gpu_utilization_samples_local": 108.0}, {"step": 3800, "loss": 0.6729795932769775, "lr": 5.001250312578143e-05, "accuracy": 0.8304687142372131, "accuracy_by_position": [0.8304687142372131], "grad_norm": 1.138771891593933, "data_wait_ms": 6.441482749987699, "data_wait_percent": 2.9946593315793053, "step_time_ms": 215.09901583999635, "sequence_length": 80, "accuracy_position_0": 0.8304687142372131, "gpu_compute_utilization_percent_local_min": 73.0, "gpu_compute_utilization_percent_local_mean": 80.12962962962963, "gpu_compute_utilization_percent_local_max": 85.0, "gpu_memory_controller_utilization_percent_local_min": 44.0, "gpu_memory_controller_utilization_percent_local_mean": 48.916666666666664, "gpu_memory_controller_utilization_percent_local_max": 52.0, "gpu_utilization_samples_local": 108.0}, {"step": 3900, "loss": 0.5191864371299744, "lr": 2.5006251562890714e-05, "accuracy": 0.8255468606948853, "accuracy_by_position": [0.8255468606948853], "grad_norm": 1.0933864116668701, "data_wait_ms": 6.325218290012344, "data_wait_percent": 2.9461809031124533, "step_time_ms": 214.69212169999992, "sequence_length": 75, "accuracy_position_0": 0.8255468606948853, "gpu_compute_utilization_percent_local_min": 50.0, "gpu_compute_utilization_percent_local_mean": 80.00925925925925, "gpu_compute_utilization_percent_local_max": 85.0, "gpu_memory_controller_utilization_percent_local_min": 31.0, "gpu_memory_controller_utilization_percent_local_mean": 48.93518518518518, "gpu_memory_controller_utilization_percent_local_max": 53.0, "gpu_utilization_samples_local": 108.0}, {"step": 4000, "loss": 0.6376131176948547, "lr": 0.0, "accuracy": 0.82874995470047, "accuracy_by_position": [0.82874995470047], "grad_norm": 1.4342479705810547, "data_wait_ms": 6.635008060111431, "data_wait_percent": 3.08294944831609, "step_time_ms": 215.21624572000292, "sequence_length": 76, "accuracy_position_0": 0.82874995470047, "gpu_compute_utilization_percent_local_min": 69.0, "gpu_compute_utilization_percent_local_mean": 79.52777777777777, "gpu_compute_utilization_percent_local_max": 83.0, "gpu_memory_controller_utilization_percent_local_min": 39.0, "gpu_memory_controller_utilization_percent_local_mean": 48.4537037037037, "gpu_memory_controller_utilization_percent_local_max": 52.0, "gpu_utilization_samples_local": 108.0}], "batch_size": 128, "evaluation_batch_size": 3072, "steps": 4000, "resumed_from_step": 0, "recovery_checkpoints_saved": 3, "trainable_parameters": 257386, "monitoring": {"train": {"event": "probe_train", "step": 4000, "steps_total": 4000, "progress_percent": 100.0, "elapsed_seconds": 876.279, "eta_seconds": 0.0, "items_processed": 512000, "items_per_sec": 584.289, "tokens_processed": 39447040, "tokens_per_sec": 45016.512, "loss": 0.6376131176948547, "lr": 0.0, "accuracy": 0.82874995470047, "accuracy_by_position": [0.82874995470047], "grad_norm": 1.4342479705810547, "data_wait_ms": 6.635008060111431, "data_wait_percent": 3.08294944831609, "step_time_ms": 215.21624572000292, "sequence_length": 76, "accuracy_position_0": 0.82874995470047, "gpu_compute_utilization_percent_local_min": 69.0, "gpu_compute_utilization_percent_local_mean": 79.52777777777777, "gpu_compute_utilization_percent_local_max": 83.0, "gpu_memory_controller_utilization_percent_local_min": 39.0, "gpu_memory_controller_utilization_percent_local_mean": 48.4537037037037, "gpu_memory_controller_utilization_percent_local_max": 52.0, "gpu_utilization_samples_local": 108.0, "gpu_memory_allocated_mb": 1141.35, "gpu_memory_reserved_mb": 13082.0, "gpu_peak_memory_allocated_mb": 9089.06, "gpu_memory_allocated_mb_max": 1141.35, "gpu_memory_reserved_mb_max": 13082.0, "gpu_peak_memory_allocated_mb_max": 9089.06, "gpu_memory_allocated_mb_total": 1141.35, "gpu_memory_reserved_mb_total": 13082.0, "gpu_memory_capacity_mb_max": 24217.31, "gpu_memory_capacity_mb_total": 24217.31, "gpu_memory_current_percent_max": 4.71, "gpu_memory_reserved_percent_max": 54.02, "gpu_memory_peak_percent_max": 37.53, "monitored_world_size": 1}, "train_evaluation": {}, "validation": {"event": "ground_truth_probe_validation", "step": 98, "batch": 98, "batches_total": 98, "progress_percent": 100.0, "elapsed_seconds": 195.811, "eta_seconds": 0.0, "items_processed": 300708, "items_per_sec": 1535.702, "tokens_processed": 24342336, "tokens_per_sec": 124315.159, "accuracy_running": 0.8365923088178565, "accuracy_by_position_running": [0.14836984716070076, 0.9755975896883355, 0.9640448541442196, 0.9814637455604772, 0.9839179536294346, 0.9661598627239715], "gpu_memory_allocated_mb": 1141.17, "gpu_memory_reserved_mb": 16836.0, "gpu_peak_memory_allocated_mb": 8703.42, "gpu_memory_allocated_mb_max": 1141.17, "gpu_memory_reserved_mb_max": 16836.0, "gpu_peak_memory_allocated_mb_max": 8703.42, "gpu_memory_allocated_mb_total": 1141.17, "gpu_memory_reserved_mb_total": 16836.0, "gpu_memory_capacity_mb_max": 24217.31, "gpu_memory_capacity_mb_total": 24217.31, "gpu_memory_current_percent_max": 4.71, "gpu_memory_reserved_percent_max": 69.52, "gpu_memory_peak_percent_max": 35.94, "monitored_world_size": 1}}, "protocol": "ground_truth_first_whole_rank_matched_v1", "kind": "p", "attribute": "birth_city", "rank": 2, "max_validation_examples": null, "seed": 1337, "reference_whole_probe_checkpoint": "/data/mini-train-sys/artifacts/synbios_moe/results/single_fsdp_4gpu/probe_pipeline/formal/training/p_birth_city_whole.pt", "reference_whole_probe_checkpoint_sha256": "6e76ba2f8680bd5856775106dec745f319f7cafb7fce36f217917c2f3b09acdb", "reference_whole_probe_rank": 2, "probe_cache_manifest_sha256": "9dcfd2cff38d6f3d29d7f10c2a3247b634f31395b3cda3755a755c8964ffaf5b", "backbone_checkpoint": "/data/mini-train-sys/artifacts/synbios_moe/checkpoints/synbios_moe_single_fsdp_4gpu/epoch_000540_step_000017280", "target": "whole", "class_names": ["Albany, GA", "Albany1, GA", "Albany2, GA", "Albany3, GA", "Albany4, GA", "Albany5, GA", "Albany6, GA", "Albany7, GA", "Albany8, GA", "Albany9, GA", "Atlanta, TX", "Atlanta1, TX", "Atlanta2, TX", "Atlanta3, TX", "Atlanta4, TX", "Atlanta5, TX", "Atlanta6, TX", "Atlanta7, TX", "Atlanta8, TX", "Atlanta9, TX", "Austin, MA", "Austin1, MA", "Austin2, MA", "Austin3, MA", "Austin4, MA", "Austin5, MA", "Austin6, MA", "Austin7, MA", "Austin8, MA", "Austin9, MA", "Boston, NY", "Boston1, NY", "Boston2, NY", "Boston3, NY", "Boston4, NY", "Boston5, NY", "Boston6, NY", "Boston7, NY", "Boston8, NY", "Boston9, NY", "Cambridge, NY", "Cambridge1, NY", "Cambridge2, NY", "Cambridge3, NY", "Cambridge4, NY", "Cambridge5, NY", "Cambridge6, NY", "Cambridge7, NY", "Cambridge8, NY", "Cambridge9, NY", "Chicago, CA", "Chicago1, CA", "Chicago2, CA", "Chicago3, CA", "Chicago4, CA", "Chicago5, CA", "Chicago6, CA", "Chicago7, CA", "Chicago8, CA", "Chicago9, CA", "Dallas, WA", "Dallas1, WA", "Dallas2, WA", "Dallas3, WA", "Dallas4, WA", "Dallas5, WA", "Dallas6, WA", "Dallas7, WA", "Dallas8, WA", "Dallas9, WA", "Denver, WA", "Denver1, WA", "Denver2, WA", "Denver3, WA", "Denver4, WA", "Denver5, WA", "Denver6, WA", "Denver7, WA", "Denver8, WA", "Denver9, WA", "Durham, GA", "Durham1, GA", "Durham2, GA", "Durham3, GA", "Durham4, GA", "Durham5, GA", "Durham6, GA", "Durham7, GA", "Durham8, GA", "Durham9, GA", "Fresno, OH", "Fresno1, OH", "Fresno2, OH", "Fresno3, OH", "Fresno4, OH", "Fresno5, OH", "Fresno6, OH", "Fresno7, OH", "Fresno8, OH", "Fresno9, OH", "Madison, PA", "Madison1, PA", "Madison2, PA", "Madison3, PA", "Madison4, PA", "Madison5, PA", "Madison6, PA", "Madison7, PA", "Madison8, PA", "Madison9, PA", "Miami, IL", "Miami1, IL", "Miami2, IL", "Miami3, IL", "Miami4, IL", "Miami5, IL", "Miami6, IL", "Miami7, IL", "Miami8, IL", "Miami9, IL", "New York, NY", "Oakland, MA", "Oakland1, MA", "Oakland2, MA", "Oakland3, MA", "Oakland4, MA", "Oakland5, MA", "Oakland6, MA", "Oakland7, MA", "Oakland8, MA", "Oakland9, MA", "Orlando, PA", "Orlando1, PA", "Orlando2, PA", "Orlando3, PA", "Orlando4, PA", "Orlando5, PA", "Orlando6, PA", "Orlando7, PA", "Orlando8, PA", "Orlando9, PA", "Phoenix, IL", "Phoenix1, IL", "Phoenix2, IL", "Phoenix3, IL", "Phoenix4, IL", "Phoenix5, IL", "Phoenix6, IL", "Phoenix7, IL", "Phoenix8, IL", "Phoenix9, IL", "Portland, OH", "Portland1, OH", "Portland2, OH", "Portland3, OH", "Portland4, OH", "Portland5, OH", "Portland6, OH", "Portland7, OH", "Portland8, OH", "Portland9, OH", "Princeton1, CA", "Princeton2, CA", "Princeton3, CA", "Princeton4, CA", "Princeton5, CA", "Princeton6, CA", "Princeton7, CA", "Princeton8, CA", "Princeton9, CA", "Raleigh, NC", "Raleigh1, NC", "Raleigh2, NC", "Raleigh3, NC", "Raleigh4, NC", "Raleigh5, NC", "Raleigh6, NC", "Raleigh7, NC", "Raleigh8, NC", "Raleigh9, NC", "Seattle, TX", "Seattle1, TX", "Seattle2, TX", "Seattle3, TX", "Seattle4, TX", "Seattle5, TX", "Seattle6, TX", "Seattle7, TX", "Seattle8, TX", "Seattle9, TX", "Tacoma, NC", "Tacoma1, NC", "Tacoma2, NC", "Tacoma3, NC", "Tacoma4, NC", "Tacoma5, NC", "Tacoma6, NC", "Tacoma7, NC", "Tacoma8, NC", "Tacoma9, NC"], "classes": 200, "first_token_class_names": ["10656", "10727", "12369", "13117", "14457", "14909", "23173", "29285", "30928", "34520", "39927", "45132", "4842", "6182", "7312", "8437", "8533", "9371", "9533", "9643", "968"], "first_token_text": {"10656": " Denver", "10727": " Portland", "12369": " Oakland", "13117": " Orlando", "14457": " Cambridge", "14909": " Madison", "23173": " Princeton", "29285": " Albany", "30928": " Durham", "34520": " Raleigh", "39927": " Fresno", "45132": " Tacoma", "4842": " Chicago", "6182": " Boston", "7312": " Seattle", "8437": " Miami", "8533": " Dallas", "9371": " Atlanta", "9533": " Austin", "9643": " Phoenix", "968": " New"}, "ground_truth_first_token": true, "ground_truth_first_accuracy_by_position": [1.0, 1.0, 1.0, 1.0, 1.0, 1.0], "whole_accuracy_validation_by_source_position": [0.14836984716070076, 0.9755975896883355, 0.9640448541442196, 0.9814637455604772, 0.9839179536294346, 0.9661598627239715], "whole_correct_validation_by_source_position": [7436, 48895, 48316, 49189, 49312, 48422], "whole_total_validation_by_source_position": [50118, 50118, 50118, 50118, 50118, 50118], "validation_examples_total": 300708, "validation_examples_evaluated": 300708, "input_protocol": "P: biography prefix through original pre-attribute readout, append cached ground-truth leading-space t1, read t1 final-layer hidden", "backbone_parameters_updated": false, "architecture_match": {"probe_class": "AttributeProbe", "rank": 2, "reference_rank": 2, "low_rank_embedding_delta": true, "normalizer": "LayerNorm", "classifier_classes": 200}, "alignment_checks": {"first_whole_sample_indices_equal": true, "first_whole_profile_indices_equal": true, "first_whole_token_offsets_equal": true, "first_whole_readout_positions_equal": true, "person_disjoint_cache_split": true}, "stage_two_trainable_components": ["low_rank_embedding_delta", "normalizer", "whole_classifier"], "data": "/data/mini-train-sys/artifacts/synbios_moe/single", "probe_cache": "/data/mini-train-sys/artifacts/synbios_moe/single/probe_cache", "probe_dir": "/data/mini-train-sys/artifacts/synbios_moe/results/single_fsdp_4gpu/probe_pipeline/formal/training", "checkpoint": "/data/mini-train-sys/artifacts/synbios_moe/checkpoints/synbios_moe_single_fsdp_4gpu/epoch_000540_step_000017280", "model_parameters": {"total": 293494272, "active_estimate": 123624960}, "provenance": {"python_version": "3.10.12", "torch_version": "2.5.1+cu118", "cuda_runtime": "11.8", "hostname": "ml-ubuntu22-04-desktop-v3-2-128gb-25m", "platform": "Linux-5.15.0-72-generic-x86_64-with-glibc2.35", "git_revision": "69fb61dc5128b168728319f052eb9b9986609e75", "git_branch": "train", "git_dirty": true, "world_size": 1}, "log_dir": "artifacts/synbios_moe/results/single_fsdp_4gpu/probe_pipeline/formal/diagnostics/ground_truth_first_whole_p_pilot4000_20260726T033800Z/operation_logs/synbios_p_ground_truth_first_whole_p_birth_city/20260726-113707"}
[ground_truth_probe_validation] {"event": "ground_truth_probe_validation", "step": 98, "batch": 98, "batches_total": 98, "progress_percent": 100.0, "elapsed_seconds": 192.278, "eta_seconds": 0.0, "items_processed": 300708, "items_per_sec": 1563.926, "tokens_processed": 24342336, "tokens_per_sec": 126599.918, "accuracy_running": 0.3881572821474653, "accuracy_by_position_running": [0.08142783032044375, 0.09776926453569576, 0.10718703858893013, 0.1493475398060577, 0.9029689931761044, 0.9902430264575601], "gpu_memory_allocated_mb": 1142.28, "gpu_memory_reserved_mb": 14786.0, "gpu_peak_memory_allocated_mb": 9131.71, "gpu_memory_allocated_mb_max": 1142.28, "gpu_memory_reserved_mb_max": 14786.0, "gpu_peak_memory_allocated_mb_max": 9131.71, "gpu_memory_allocated_mb_total": 1142.28, "gpu_memory_reserved_mb_total": 14786.0, "gpu_memory_capacity_mb_max": 24217.31, "gpu_memory_capacity_mb_total": 24217.31, "gpu_memory_current_percent_max": 4.72, "gpu_memory_reserved_percent_max": 61.06, "gpu_memory_peak_percent_max": 37.71, "monitored_world_size": 1}
{"validation_accuracy": [0.3881572821474653], "train_accuracy": null, "loss_curve": [{"step": 1, "loss": 5.690862655639648, "lr": 0.001, "accuracy": 0.0, "accuracy_by_position": [0.0], "grad_norm": 2.5472941398620605, "data_wait_ms": 119.18823299993164, "data_wait_percent": 5.593482805395481, "step_time_ms": 2130.8411439999873, "sequence_length": 75, "accuracy_position_0": 0.0, "gpu_compute_utilization_percent_local_min": 0.0, "gpu_compute_utilization_percent_local_mean": 5.75, "gpu_compute_utilization_percent_local_max": 52.0, "gpu_memory_controller_utilization_percent_local_min": 0.0, "gpu_memory_controller_utilization_percent_local_mean": 2.5833333333333335, "gpu_memory_controller_utilization_percent_local_max": 30.0, "gpu_utilization_samples_local": 12.0}, {"step": 100, "loss": 2.726912498474121, "lr": 0.0009752438109527382, "accuracy": 0.12610480189323425, "accuracy_by_position": [0.12610480189323425], "grad_norm": 2.455700635910034, "data_wait_ms": 8.634992030288736, "data_wait_percent": 4.045281218615033, "step_time_ms": 213.45838678787987, "sequence_length": 78, "accuracy_position_0": 0.12610480189323425, "gpu_compute_utilization_percent_local_min": 30.0, "gpu_compute_utilization_percent_local_mean": 81.01886792452831, "gpu_compute_utilization_percent_local_max": 87.0, "gpu_memory_controller_utilization_percent_local_min": 20.0, "gpu_memory_controller_utilization_percent_local_mean": 49.075471698113205, "gpu_memory_controller_utilization_percent_local_max": 53.0, "gpu_utilization_samples_local": 106.0}, {"step": 200, "loss": 2.4404799938201904, "lr": 0.0009502375593898474, "accuracy": 0.21585936844348907, "accuracy_by_position": [0.21585936844348907], "grad_norm": 2.2215614318847656, "data_wait_ms": 6.494960380014163, "data_wait_percent": 3.0386888502905194, "step_time_ms": 213.74219934999928, "sequence_length": 74, "accuracy_position_0": 0.21585936844348907, "gpu_compute_utilization_percent_local_min": 70.0, "gpu_compute_utilization_percent_local_mean": 81.03738317757009, "gpu_compute_utilization_percent_local_max": 86.0, "gpu_memory_controller_utilization_percent_local_min": 39.0, "gpu_memory_controller_utilization_percent_local_mean": 48.93457943925234, "gpu_memory_controller_utilization_percent_local_max": 52.0, "gpu_utilization_samples_local": 107.0}, {"step": 300, "loss": 2.3999831676483154, "lr": 0.0009252313078269567, "accuracy": 0.2824999988079071, "accuracy_by_position": [0.2824999988079071], "grad_norm": 2.234518527984619, "data_wait_ms": 6.641658199969243, "data_wait_percent": 3.053252997189713, "step_time_ms": 217.52728012000262, "sequence_length": 74, "accuracy_position_0": 0.2824999988079071, "gpu_compute_utilization_percent_local_min": 69.0, "gpu_compute_utilization_percent_local_mean": 80.47272727272727, "gpu_compute_utilization_percent_local_max": 85.0, "gpu_memory_controller_utilization_percent_local_min": 40.0, "gpu_memory_controller_utilization_percent_local_mean": 48.127272727272725, "gpu_memory_controller_utilization_percent_local_max": 51.0, "gpu_utilization_samples_local": 110.0}, {"step": 400, "loss": 2.3343160152435303, "lr": 0.000900225056264066, "accuracy": 0.3039843738079071, "accuracy_by_position": [0.3039843738079071], "grad_norm": 2.22290301322937, "data_wait_ms": 6.473697810015437, "data_wait_percent": 2.973574177714876, "step_time_ms": 217.70762802999343, "sequence_length": 76, "accuracy_position_0": 0.3039843738079071, "gpu_compute_utilization_percent_local_min": 70.0, "gpu_compute_utilization_percent_local_mean": 80.4954128440367, "gpu_compute_utilization_percent_local_max": 85.0, "gpu_memory_controller_utilization_percent_local_min": 41.0, "gpu_memory_controller_utilization_percent_local_mean": 48.31192660550459, "gpu_memory_controller_utilization_percent_local_max": 51.0, "gpu_utilization_samples_local": 109.0}, {"step": 500, "loss": 2.1791138648986816, "lr": 0.0008752188047011754, "accuracy": 0.3267187476158142, "accuracy_by_position": [0.3267187476158142], "grad_norm": 2.1104085445404053, "data_wait_ms": 6.632370789975539, "data_wait_percent": 3.0528274841996685, "step_time_ms": 217.25337656000193, "sequence_length": 75, "accuracy_position_0": 0.3267187476158142, "gpu_compute_utilization_percent_local_min": 68.0, "gpu_compute_utilization_percent_local_mean": 80.74311926605505, "gpu_compute_utilization_percent_local_max": 86.0, "gpu_memory_controller_utilization_percent_local_min": 40.0, "gpu_memory_controller_utilization_percent_local_mean": 48.46788990825688, "gpu_memory_controller_utilization_percent_local_max": 52.0, "gpu_utilization_samples_local": 109.0}, {"step": 600, "loss": 2.144657611846924, "lr": 0.0008502125531382846, "accuracy": 0.34312498569488525, "accuracy_by_position": [0.34312498569488525], "grad_norm": 2.0291049480438232, "data_wait_ms": 6.578816939936587, "data_wait_percent": 3.0189577762985618, "step_time_ms": 217.9168251900046, "sequence_length": 79, "accuracy_position_0": 0.34312498569488525, "gpu_compute_utilization_percent_local_min": 72.0, "gpu_compute_utilization_percent_local_mean": 80.7090909090909, "gpu_compute_utilization_percent_local_max": 84.0, "gpu_memory_controller_utilization_percent_local_min": 43.0, "gpu_memory_controller_utilization_percent_local_mean": 48.42727272727273, "gpu_memory_controller_utilization_percent_local_max": 52.0, "gpu_utilization_samples_local": 110.0}, {"step": 700, "loss": 2.4602465629577637, "lr": 0.0008252063015753939, "accuracy": 0.34398436546325684, "accuracy_by_position": [0.34398436546325684], "grad_norm": 2.1038053035736084, "data_wait_ms": 6.686643879966141, "data_wait_percent": 3.0684131232825074, "step_time_ms": 217.91863126999488, "sequence_length": 77, "accuracy_position_0": 0.34398436546325684, "gpu_compute_utilization_percent_local_min": 69.0, "gpu_compute_utilization_percent_local_mean": 80.57798165137615, "gpu_compute_utilization_percent_local_max": 86.0, "gpu_memory_controller_utilization_percent_local_min": 38.0, "gpu_memory_controller_utilization_percent_local_mean": 48.24770642201835, "gpu_memory_controller_utilization_percent_local_max": 52.0, "gpu_utilization_samples_local": 109.0}, {"step": 800, "loss": 2.2650561332702637, "lr": 0.0008002000500125032, "accuracy": 0.34664061665534973, "accuracy_by_position": [0.34664061665534973], "grad_norm": 1.9632048606872559, "data_wait_ms": 6.726697190015329, "data_wait_percent": 3.0851057583771238, "step_time_ms": 218.03781513000104, "sequence_length": 75, "accuracy_position_0": 0.34664061665534973, "gpu_compute_utilization_percent_local_min": 69.0, "gpu_compute_utilization_percent_local_mean": 80.59633027522936, "gpu_compute_utilization_percent_local_max": 85.0, "gpu_memory_controller_utilization_percent_local_min": 40.0, "gpu_memory_controller_utilization_percent_local_mean": 48.293577981651374, "gpu_memory_controller_utilization_percent_local_max": 53.0, "gpu_utilization_samples_local": 109.0}, {"step": 900, "loss": 2.0900604724884033, "lr": 0.0007751937984496125, "accuracy": 0.35429686307907104, "accuracy_by_position": [0.35429686307907104], "grad_norm": 1.827349066734314, "data_wait_ms": 6.672060899918506, "data_wait_percent": 3.0546180670313396, "step_time_ms": 218.42537278000236, "sequence_length": 78, "accuracy_position_0": 0.35429686307907104, "gpu_compute_utilization_percent_local_min": 69.0, "gpu_compute_utilization_percent_local_mean": 80.64545454545454, "gpu_compute_utilization_percent_local_max": 85.0, "gpu_memory_controller_utilization_percent_local_min": 39.0, "gpu_memory_controller_utilization_percent_local_mean": 48.25454545454546, "gpu_memory_controller_utilization_percent_local_max": 52.0, "gpu_utilization_samples_local": 110.0}, {"step": 1000, "loss": 2.0838632583618164, "lr": 0.0007501875468867216, "accuracy": 0.3589843809604645, "accuracy_by_position": [0.3589843809604645], "grad_norm": 1.853372573852539, "data_wait_ms": 6.568490999970891, "data_wait_percent": 3.0140724731036146, "step_time_ms": 217.9274406500008, "sequence_length": 79, "accuracy_position_0": 0.3589843809604645, "gpu_compute_utilization_percent_local_min": 75.0, "gpu_compute_utilization_percent_local_mean": 80.82727272727273, "gpu_compute_utilization_percent_local_max": 85.0, "gpu_memory_controller_utilization_percent_local_min": 44.0, "gpu_memory_controller_utilization_percent_local_mean": 48.14545454545455, "gpu_memory_controller_utilization_percent_local_max": 52.0, "gpu_utilization_samples_local": 110.0}, {"step": 1100, "loss": 2.159430742263794, "lr": 0.000725181295323831, "accuracy": 0.36796873807907104, "accuracy_by_position": [0.36796873807907104], "grad_norm": 1.862707495689392, "data_wait_ms": 6.70469877002688, "data_wait_percent": 3.0506364788984404, "step_time_ms": 219.78032506999625, "sequence_length": 75, "accuracy_position_0": 0.36796873807907104, "gpu_compute_utilization_percent_local_min": 45.0, "gpu_compute_utilization_percent_local_mean": 80.11926605504587, "gpu_compute_utilization_percent_local_max": 85.0, "gpu_memory_controller_utilization_percent_local_min": 25.0, "gpu_memory_controller_utilization_percent_local_mean": 47.825688073394495, "gpu_memory_controller_utilization_percent_local_max": 52.0, "gpu_utilization_samples_local": 109.0}, {"step": 1200, "loss": 2.1080262660980225, "lr": 0.0007001750437609402, "accuracy": 0.369453102350235, "accuracy_by_position": [0.369453102350235], "grad_norm": 1.79937744140625, "data_wait_ms": 6.796916319972297, "data_wait_percent": 3.099169333261033, "step_time_ms": 219.31413192000036, "sequence_length": 78, "accuracy_position_0": 0.369453102350235, "gpu_compute_utilization_percent_local_min": 69.0, "gpu_compute_utilization_percent_local_mean": 80.3, "gpu_compute_utilization_percent_local_max": 85.0, "gpu_memory_controller_utilization_percent_local_min": 41.0, "gpu_memory_controller_utilization_percent_local_mean": 48.14545454545455, "gpu_memory_controller_utilization_percent_local_max": 51.0, "gpu_utilization_samples_local": 110.0}, {"step": 1300, "loss": 1.911001443862915, "lr": 0.0006751687921980496, "accuracy": 0.3732031285762787, "accuracy_by_position": [0.3732031285762787], "grad_norm": 1.6702864170074463, "data_wait_ms": 6.741669300026842, "data_wait_percent": 3.0835665492700364, "step_time_ms": 218.63219724000373, "sequence_length": 77, "accuracy_position_0": 0.3732031285762787, "gpu_compute_utilization_percent_local_min": 70.0, "gpu_compute_utilization_percent_local_mean": 80.14545454545454, "gpu_compute_utilization_percent_local_max": 85.0, "gpu_memory_controller_utilization_percent_local_min": 39.0, "gpu_memory_controller_utilization_percent_local_mean": 47.82727272727273, "gpu_memory_controller_utilization_percent_local_max": 52.0, "gpu_utilization_samples_local": 110.0}, {"step": 1400, "loss": 2.2646968364715576, "lr": 0.0006501625406351587, "accuracy": 0.3703906238079071, "accuracy_by_position": [0.3703906238079071], "grad_norm": 1.790529489517212, "data_wait_ms": 6.94183253997835, "data_wait_percent": 3.157503374935395, "step_time_ms": 219.8519436300012, "sequence_length": 79, "accuracy_position_0": 0.3703906238079071, "gpu_compute_utilization_percent_local_min": 68.0, "gpu_compute_utilization_percent_local_mean": 80.13636363636364, "gpu_compute_utilization_percent_local_max": 85.0, "gpu_memory_controller_utilization_percent_local_min": 40.0, "gpu_memory_controller_utilization_percent_local_mean": 48.04545454545455, "gpu_memory_controller_utilization_percent_local_max": 52.0, "gpu_utilization_samples_local": 110.0}, {"step": 1500, "loss": 2.0810015201568604, "lr": 0.000625156289072268, "accuracy": 0.369453102350235, "accuracy_by_position": [0.369453102350235], "grad_norm": 1.7175081968307495, "data_wait_ms": 6.952514450058516, "data_wait_percent": 3.1654040925585214, "step_time_ms": 219.6406602999923, "sequence_length": 75, "accuracy_position_0": 0.369453102350235, "gpu_compute_utilization_percent_local_min": 70.0, "gpu_compute_utilization_percent_local_mean": 79.85585585585585, "gpu_compute_utilization_percent_local_max": 84.0, "gpu_memory_controller_utilization_percent_local_min": 41.0, "gpu_memory_controller_utilization_percent_local_mean": 47.83783783783784, "gpu_memory_controller_utilization_percent_local_max": 51.0, "gpu_utilization_samples_local": 111.0}, {"step": 1600, "loss": 2.085892915725708, "lr": 0.0006001500375093774, "accuracy": 0.3742968738079071, "accuracy_by_position": [0.3742968738079071], "grad_norm": 1.7239432334899902, "data_wait_ms": 6.903834989943789, "data_wait_percent": 3.1395898638153934, "step_time_ms": 219.89607845000137, "sequence_length": 78, "accuracy_position_0": 0.3742968738079071, "gpu_compute_utilization_percent_local_min": 69.0, "gpu_compute_utilization_percent_local_mean": 79.95454545454545, "gpu_compute_utilization_percent_local_max": 85.0, "gpu_memory_controller_utilization_percent_local_min": 40.0, "gpu_memory_controller_utilization_percent_local_mean": 47.88181818181818, "gpu_memory_controller_utilization_percent_local_max": 52.0, "gpu_utilization_samples_local": 110.0}, {"step": 1700, "loss": 2.1747283935546875, "lr": 0.0005751437859464867, "accuracy": 0.37328124046325684, "accuracy_by_position": [0.37328124046325684], "grad_norm": 1.7958650588989258, "data_wait_ms": 6.63898205996702, "data_wait_percent": 3.027230262986604, "step_time_ms": 219.30878999000015, "sequence_length": 78, "accuracy_position_0": 0.37328124046325684, "gpu_compute_utilization_percent_local_min": 70.0, "gpu_compute_utilization_percent_local_mean": 80.23636363636363, "gpu_compute_utilization_percent_local_max": 85.0, "gpu_memory_controller_utilization_percent_local_min": 41.0, "gpu_memory_controller_utilization_percent_local_mean": 48.04545454545455, "gpu_memory_controller_utilization_percent_local_max": 52.0, "gpu_utilization_samples_local": 110.0}, {"step": 1800, "loss": 2.051542282104492, "lr": 0.0005501375343835959, "accuracy": 0.37968748807907104, "accuracy_by_position": [0.37968748807907104], "grad_norm": 1.7347354888916016, "data_wait_ms": 6.782002889958676, "data_wait_percent": 3.0785188140175546, "step_time_ms": 220.3008426999986, "sequence_length": 76, "accuracy_position_0": 0.37968748807907104, "gpu_compute_utilization_percent_local_min": 63.0, "gpu_compute_utilization_percent_local_mean": 79.990990990991, "gpu_compute_utilization_percent_local_max": 85.0, "gpu_memory_controller_utilization_percent_local_min": 36.0, "gpu_memory_controller_utilization_percent_local_mean": 48.009009009009006, "gpu_memory_controller_utilization_percent_local_max": 52.0, "gpu_utilization_samples_local": 111.0}, {"step": 1900, "loss": 2.120655059814453, "lr": 0.0005251312828207052, "accuracy": 0.3790625035762787, "accuracy_by_position": [0.3790625035762787], "grad_norm": 1.6490074396133423, "data_wait_ms": 6.871452420009518, "data_wait_percent": 3.1296246515082116, "step_time_ms": 219.5615508300034, "sequence_length": 76, "accuracy_position_0": 0.3790625035762787, "gpu_compute_utilization_percent_local_min": 68.0, "gpu_compute_utilization_percent_local_mean": 79.77272727272727, "gpu_compute_utilization_percent_local_max": 84.0, "gpu_memory_controller_utilization_percent_local_min": 40.0, "gpu_memory_controller_utilization_percent_local_mean": 47.763636363636365, "gpu_memory_controller_utilization_percent_local_max": 51.0, "gpu_utilization_samples_local": 110.0}, {"step": 2000, "loss": 1.9893994331359863, "lr": 0.0005001250312578145, "accuracy": 0.38164061307907104, "accuracy_by_position": [0.38164061307907104], "grad_norm": 1.6331690549850464, "data_wait_ms": 6.688258909998694, "data_wait_percent": 3.030085497218219, "step_time_ms": 220.728389220003, "sequence_length": 81, "accuracy_position_0": 0.38164061307907104, "gpu_compute_utilization_percent_local_min": 35.0, "gpu_compute_utilization_percent_local_mean": 79.84684684684684, "gpu_compute_utilization_percent_local_max": 86.0, "gpu_memory_controller_utilization_percent_local_min": 17.0, "gpu_memory_controller_utilization_percent_local_mean": 47.747747747747745, "gpu_memory_controller_utilization_percent_local_max": 53.0, "gpu_utilization_samples_local": 111.0}, {"step": 2100, "loss": 1.975460171699524, "lr": 0.00047511877969492376, "accuracy": 0.3875781297683716, "accuracy_by_position": [0.3875781297683716], "grad_norm": 1.6278893947601318, "data_wait_ms": 7.471115459966313, "data_wait_percent": 3.3358106557348424, "step_time_ms": 223.9670122499956, "sequence_length": 76, "accuracy_position_0": 0.3875781297683716, "gpu_compute_utilization_percent_local_min": 65.0, "gpu_compute_utilization_percent_local_mean": 78.39285714285714, "gpu_compute_utilization_percent_local_max": 85.0, "gpu_memory_controller_utilization_percent_local_min": 37.0, "gpu_memory_controller_utilization_percent_local_mean": 47.044642857142854, "gpu_memory_controller_utilization_percent_local_max": 52.0, "gpu_utilization_samples_local": 112.0}, {"step": 2200, "loss": 2.060816526412964, "lr": 0.0004501125281320331, "accuracy": 0.3872656226158142, "accuracy_by_position": [0.3872656226158142], "grad_norm": 1.604541540145874, "data_wait_ms": 12.74410556006842, "data_wait_percent": 5.118211024139473, "step_time_ms": 248.99531301000025, "sequence_length": 75, "accuracy_position_0": 0.3872656226158142, "gpu_compute_utilization_percent_local_min": 56.0, "gpu_compute_utilization_percent_local_mean": 70.128, "gpu_compute_utilization_percent_local_max": 84.0, "gpu_memory_controller_utilization_percent_local_min": 32.0, "gpu_memory_controller_utilization_percent_local_mean": 42.424, "gpu_memory_controller_utilization_percent_local_max": 51.0, "gpu_utilization_samples_local": 125.0}, {"step": 2300, "loss": 1.8740888833999634, "lr": 0.00042510627656914223, "accuracy": 0.39156249165534973, "accuracy_by_position": [0.39156249165534973], "grad_norm": 1.6251775026321411, "data_wait_ms": 7.074654489979366, "data_wait_percent": 3.1893370803660805, "step_time_ms": 221.82210007000322, "sequence_length": 76, "accuracy_position_0": 0.39156249165534973, "gpu_compute_utilization_percent_local_min": 63.0, "gpu_compute_utilization_percent_local_mean": 79.29729729729729, "gpu_compute_utilization_percent_local_max": 85.0, "gpu_memory_controller_utilization_percent_local_min": 37.0, "gpu_memory_controller_utilization_percent_local_mean": 47.666666666666664, "gpu_memory_controller_utilization_percent_local_max": 52.0, "gpu_utilization_samples_local": 111.0}, {"step": 2400, "loss": 1.6521226167678833, "lr": 0.00040010002500625154, "accuracy": 0.3957812488079071, "accuracy_by_position": [0.3957812488079071], "grad_norm": 1.522713303565979, "data_wait_ms": 7.266193280047446, "data_wait_percent": 3.3156321924392853, "step_time_ms": 219.14955755999472, "sequence_length": 79, "accuracy_position_0": 0.3957812488079071, "gpu_compute_utilization_percent_local_min": 47.0, "gpu_compute_utilization_percent_local_mean": 79.73636363636363, "gpu_compute_utilization_percent_local_max": 84.0, "gpu_memory_controller_utilization_percent_local_min": 28.0, "gpu_memory_controller_utilization_percent_local_mean": 47.663636363636364, "gpu_memory_controller_utilization_percent_local_max": 51.0, "gpu_utilization_samples_local": 110.0}, {"step": 2500, "loss": 1.945826530456543, "lr": 0.0003750937734433608, "accuracy": 0.41398435831069946, "accuracy_by_position": [0.41398435831069946], "grad_norm": 1.6344352960586548, "data_wait_ms": 6.59693482009061, "data_wait_percent": 3.0034008669842915, "step_time_ms": 219.648828520003, "sequence_length": 76, "accuracy_position_0": 0.41398435831069946, "gpu_compute_utilization_percent_local_min": 67.0, "gpu_compute_utilization_percent_local_mean": 80.14414414414415, "gpu_compute_utilization_percent_local_max": 85.0, "gpu_memory_controller_utilization_percent_local_min": 39.0, "gpu_memory_controller_utilization_percent_local_mean": 48.0, "gpu_memory_controller_utilization_percent_local_max": 52.0, "gpu_utilization_samples_local": 111.0}, {"step": 2600, "loss": 1.8789843320846558, "lr": 0.0003500875218804701, "accuracy": 0.4158593714237213, "accuracy_by_position": [0.4158593714237213], "grad_norm": 1.5812792778015137, "data_wait_ms": 6.61730436999278, "data_wait_percent": 3.0136933231465566, "step_time_ms": 219.57457712000178, "sequence_length": 77, "accuracy_position_0": 0.4158593714237213, "gpu_compute_utilization_percent_local_min": 73.0, "gpu_compute_utilization_percent_local_mean": 80.37272727272727, "gpu_compute_utilization_percent_local_max": 85.0, "gpu_memory_controller_utilization_percent_local_min": 43.0, "gpu_memory_controller_utilization_percent_local_mean": 48.19090909090909, "gpu_memory_controller_utilization_percent_local_max": 52.0, "gpu_utilization_samples_local": 110.0}, {"step": 2700, "loss": 1.89734947681427, "lr": 0.00032508127031757937, "accuracy": 0.40312498807907104, "accuracy_by_position": [0.40312498807907104], "grad_norm": 1.5887954235076904, "data_wait_ms": 6.504526039971097, "data_wait_percent": 2.95801911369979, "step_time_ms": 219.89465888999803, "sequence_length": 77, "accuracy_position_0": 0.40312498807907104, "gpu_compute_utilization_percent_local_min": 73.0, "gpu_compute_utilization_percent_local_mean": 79.96363636363637, "gpu_compute_utilization_percent_local_max": 85.0, "gpu_memory_controller_utilization_percent_local_min": 42.0, "gpu_memory_controller_utilization_percent_local_mean": 47.90909090909091, "gpu_memory_controller_utilization_percent_local_max": 52.0, "gpu_utilization_samples_local": 110.0}, {"step": 2800, "loss": 2.0236637592315674, "lr": 0.0003000750187546887, "accuracy": 0.4099999964237213, "accuracy_by_position": [0.4099999964237213], "grad_norm": 1.5880056619644165, "data_wait_ms": 6.579503189968818, "data_wait_percent": 2.9905915480841765, "step_time_ms": 220.00674730000355, "sequence_length": 79, "accuracy_position_0": 0.4099999964237213, "gpu_compute_utilization_percent_local_min": 73.0, "gpu_compute_utilization_percent_local_mean": 80.11711711711712, "gpu_compute_utilization_percent_local_max": 85.0, "gpu_memory_controller_utilization_percent_local_min": 43.0, "gpu_memory_controller_utilization_percent_local_mean": 48.0990990990991, "gpu_memory_controller_utilization_percent_local_max": 52.0, "gpu_utilization_samples_local": 111.0}, {"step": 2900, "loss": 1.854180932044983, "lr": 0.00027506876719179794, "accuracy": 0.4150781035423279, "accuracy_by_position": [0.4150781035423279], "grad_norm": 1.6393214464187622, "data_wait_ms": 6.646642760060786, "data_wait_percent": 3.02075071303696, "step_time_ms": 220.03281274999608, "sequence_length": 79, "accuracy_position_0": 0.4150781035423279, "gpu_compute_utilization_percent_local_min": 72.0, "gpu_compute_utilization_percent_local_mean": 79.9, "gpu_compute_utilization_percent_local_max": 85.0, "gpu_memory_controller_utilization_percent_local_min": 42.0, "gpu_memory_controller_utilization_percent_local_mean": 47.8, "gpu_memory_controller_utilization_percent_local_max": 52.0, "gpu_utilization_samples_local": 110.0}, {"step": 3000, "loss": 1.8221654891967773, "lr": 0.00025006251562890725, "accuracy": 0.41093748807907104, "accuracy_by_position": [0.41093748807907104], "grad_norm": 1.5976786613464355, "data_wait_ms": 6.822229670015076, "data_wait_percent": 3.069926576234849, "step_time_ms": 222.22777974000564, "sequence_length": 82, "accuracy_position_0": 0.41093748807907104, "gpu_compute_utilization_percent_local_min": 56.0, "gpu_compute_utilization_percent_local_mean": 79.25892857142857, "gpu_compute_utilization_percent_local_max": 86.0, "gpu_memory_controller_utilization_percent_local_min": 35.0, "gpu_memory_controller_utilization_percent_local_mean": 47.4375, "gpu_memory_controller_utilization_percent_local_max": 53.0, "gpu_utilization_samples_local": 112.0}, {"step": 3100, "loss": 2.032313346862793, "lr": 0.00022505626406601654, "accuracy": 0.40757811069488525, "accuracy_by_position": [0.40757811069488525], "grad_norm": 1.6622095108032227, "data_wait_ms": 6.525980950073063, "data_wait_percent": 2.9583170266275616, "step_time_ms": 220.5977551199976, "sequence_length": 76, "accuracy_position_0": 0.40757811069488525, "gpu_compute_utilization_percent_local_min": 69.0, "gpu_compute_utilization_percent_local_mean": 79.8018018018018, "gpu_compute_utilization_percent_local_max": 85.0, "gpu_memory_controller_utilization_percent_local_min": 40.0, "gpu_memory_controller_utilization_percent_local_mean": 47.765765765765764, "gpu_memory_controller_utilization_percent_local_max": 51.0, "gpu_utilization_samples_local": 111.0}, {"step": 3200, "loss": 2.003084659576416, "lr": 0.00020005001250312582, "accuracy": 0.40953123569488525, "accuracy_by_position": [0.40953123569488525], "grad_norm": 1.6446086168289185, "data_wait_ms": 6.743228650038873, "data_wait_percent": 3.047820214839932, "step_time_ms": 221.24758596999527, "sequence_length": 79, "accuracy_position_0": 0.40953123569488525, "gpu_compute_utilization_percent_local_min": 67.0, "gpu_compute_utilization_percent_local_mean": 79.43243243243244, "gpu_compute_utilization_percent_local_max": 84.0, "gpu_memory_controller_utilization_percent_local_min": 37.0, "gpu_memory_controller_utilization_percent_local_mean": 47.54054054054054, "gpu_memory_controller_utilization_percent_local_max": 52.0, "gpu_utilization_samples_local": 111.0}, {"step": 3300, "loss": 1.9622788429260254, "lr": 0.0001750437609402351, "accuracy": 0.4105468690395355, "accuracy_by_position": [0.4105468690395355], "grad_norm": 1.58250093460083, "data_wait_ms": 6.6433291899375035, "data_wait_percent": 3.000460855825972, "step_time_ms": 221.4102935900064, "sequence_length": 78, "accuracy_position_0": 0.4105468690395355, "gpu_compute_utilization_percent_local_min": 69.0, "gpu_compute_utilization_percent_local_mean": 79.49549549549549, "gpu_compute_utilization_percent_local_max": 85.0, "gpu_memory_controller_utilization_percent_local_min": 40.0, "gpu_memory_controller_utilization_percent_local_mean": 47.6036036036036, "gpu_memory_controller_utilization_percent_local_max": 52.0, "gpu_utilization_samples_local": 111.0}, {"step": 3400, "loss": 2.009222984313965, "lr": 0.0001500375093773444, "accuracy": 0.4139062464237213, "accuracy_by_position": [0.4139062464237213], "grad_norm": 1.5870589017868042, "data_wait_ms": 6.450064949995067, "data_wait_percent": 2.93735036809227, "step_time_ms": 219.58786462999342, "sequence_length": 75, "accuracy_position_0": 0.4139062464237213, "gpu_compute_utilization_percent_local_min": 69.0, "gpu_compute_utilization_percent_local_mean": 80.2090909090909, "gpu_compute_utilization_percent_local_max": 85.0, "gpu_memory_controller_utilization_percent_local_min": 40.0, "gpu_memory_controller_utilization_percent_local_mean": 47.99090909090909, "gpu_memory_controller_utilization_percent_local_max": 52.0, "gpu_utilization_samples_local": 110.0}, {"step": 3500, "loss": 1.9395134449005127, "lr": 0.00012503125781445357, "accuracy": 0.4060937464237213, "accuracy_by_position": [0.4060937464237213], "grad_norm": 1.6089547872543335, "data_wait_ms": 6.619379840012698, "data_wait_percent": 3.0091460448697975, "step_time_ms": 219.9753598300049, "sequence_length": 78, "accuracy_position_0": 0.4060937464237213, "gpu_compute_utilization_percent_local_min": 70.0, "gpu_compute_utilization_percent_local_mean": 80.01818181818182, "gpu_compute_utilization_percent_local_max": 84.0, "gpu_memory_controller_utilization_percent_local_min": 41.0, "gpu_memory_controller_utilization_percent_local_mean": 47.8, "gpu_memory_controller_utilization_percent_local_max": 51.0, "gpu_utilization_samples_local": 110.0}, {"step": 3600, "loss": 1.9537475109100342, "lr": 0.00010002500625156286, "accuracy": 0.4087499976158142, "accuracy_by_position": [0.4087499976158142], "grad_norm": 1.6461716890335083, "data_wait_ms": 6.472686429942769, "data_wait_percent": 2.9412987592560897, "step_time_ms": 220.0621888400019, "sequence_length": 74, "accuracy_position_0": 0.4087499976158142, "gpu_compute_utilization_percent_local_min": 74.0, "gpu_compute_utilization_percent_local_mean": 80.10810810810811, "gpu_compute_utilization_percent_local_max": 84.0, "gpu_memory_controller_utilization_percent_local_min": 43.0, "gpu_memory_controller_utilization_percent_local_mean": 47.990990990990994, "gpu_memory_controller_utilization_percent_local_max": 51.0, "gpu_utilization_samples_local": 111.0}, {"step": 3700, "loss": 1.9311115741729736, "lr": 7.501875468867214e-05, "accuracy": 0.414374977350235, "accuracy_by_position": [0.414374977350235], "grad_norm": 1.5614376068115234, "data_wait_ms": 6.544358210003338, "data_wait_percent": 2.958728826941455, "step_time_ms": 221.18817210999623, "sequence_length": 73, "accuracy_position_0": 0.414374977350235, "gpu_compute_utilization_percent_local_min": 70.0, "gpu_compute_utilization_percent_local_mean": 79.66666666666667, "gpu_compute_utilization_percent_local_max": 84.0, "gpu_memory_controller_utilization_percent_local_min": 41.0, "gpu_memory_controller_utilization_percent_local_mean": 47.747747747747745, "gpu_memory_controller_utilization_percent_local_max": 51.0, "gpu_utilization_samples_local": 111.0}, {"step": 3800, "loss": 1.809617519378662, "lr": 5.001250312578143e-05, "accuracy": 0.41343748569488525, "accuracy_by_position": [0.41343748569488525], "grad_norm": 1.5512040853500366, "data_wait_ms": 6.668424819954453, "data_wait_percent": 3.016658917512794, "step_time_ms": 221.0533243000009, "sequence_length": 80, "accuracy_position_0": 0.41343748569488525, "gpu_compute_utilization_percent_local_min": 68.0, "gpu_compute_utilization_percent_local_mean": 79.73873873873873, "gpu_compute_utilization_percent_local_max": 84.0, "gpu_memory_controller_utilization_percent_local_min": 40.0, "gpu_memory_controller_utilization_percent_local_mean": 47.81981981981982, "gpu_memory_controller_utilization_percent_local_max": 52.0, "gpu_utilization_samples_local": 111.0}, {"step": 3900, "loss": 1.8128108978271484, "lr": 2.5006251562890714e-05, "accuracy": 0.41234374046325684, "accuracy_by_position": [0.41234374046325684], "grad_norm": 1.552579641342163, "data_wait_ms": 6.759981789982703, "data_wait_percent": 3.0462587664329113, "step_time_ms": 221.9109507200028, "sequence_length": 75, "accuracy_position_0": 0.41234374046325684, "gpu_compute_utilization_percent_local_min": 50.0, "gpu_compute_utilization_percent_local_mean": 79.25225225225225, "gpu_compute_utilization_percent_local_max": 85.0, "gpu_memory_controller_utilization_percent_local_min": 30.0, "gpu_memory_controller_utilization_percent_local_mean": 47.45945945945946, "gpu_memory_controller_utilization_percent_local_max": 52.0, "gpu_utilization_samples_local": 111.0}, {"step": 4000, "loss": 2.0171477794647217, "lr": 0.0, "accuracy": 0.4161718785762787, "accuracy_by_position": [0.4161718785762787], "grad_norm": 1.6345754861831665, "data_wait_ms": 7.140659769956983, "data_wait_percent": 3.215662267832892, "step_time_ms": 222.05876037999587, "sequence_length": 76, "accuracy_position_0": 0.4161718785762787, "gpu_compute_utilization_percent_local_min": 50.0, "gpu_compute_utilization_percent_local_mean": 78.73214285714286, "gpu_compute_utilization_percent_local_max": 83.0, "gpu_memory_controller_utilization_percent_local_min": 30.0, "gpu_memory_controller_utilization_percent_local_mean": 47.098214285714285, "gpu_memory_controller_utilization_percent_local_max": 52.0, "gpu_utilization_samples_local": 112.0}], "batch_size": 128, "evaluation_batch_size": 3072, "steps": 4000, "resumed_from_step": 0, "recovery_checkpoints_saved": 3, "trainable_parameters": 305833, "monitoring": {"train": {"event": "probe_train", "step": 4000, "steps_total": 4000, "progress_percent": 100.0, "elapsed_seconds": 883.053, "eta_seconds": 0.0, "items_processed": 512000, "items_per_sec": 579.806, "tokens_processed": 39447040, "tokens_per_sec": 44671.18, "loss": 2.0171477794647217, "lr": 0.0, "accuracy": 0.4161718785762787, "accuracy_by_position": [0.4161718785762787], "grad_norm": 1.6345754861831665, "data_wait_ms": 7.140659769956983, "data_wait_percent": 3.215662267832892, "step_time_ms": 222.05876037999587, "sequence_length": 76, "accuracy_position_0": 0.4161718785762787, "gpu_compute_utilization_percent_local_min": 50.0, "gpu_compute_utilization_percent_local_mean": 78.73214285714286, "gpu_compute_utilization_percent_local_max": 83.0, "gpu_memory_controller_utilization_percent_local_min": 30.0, "gpu_memory_controller_utilization_percent_local_mean": 47.098214285714285, "gpu_memory_controller_utilization_percent_local_max": 52.0, "gpu_utilization_samples_local": 112.0, "gpu_memory_allocated_mb": 1142.12, "gpu_memory_reserved_mb": 13090.0, "gpu_peak_memory_allocated_mb": 9083.89, "gpu_memory_allocated_mb_max": 1142.12, "gpu_memory_reserved_mb_max": 13090.0, "gpu_peak_memory_allocated_mb_max": 9083.89, "gpu_memory_allocated_mb_total": 1142.12, "gpu_memory_reserved_mb_total": 13090.0, "gpu_memory_capacity_mb_max": 24217.31, "gpu_memory_capacity_mb_total": 24217.31, "gpu_memory_current_percent_max": 4.72, "gpu_memory_reserved_percent_max": 54.05, "gpu_memory_peak_percent_max": 37.51, "monitored_world_size": 1}, "train_evaluation": {}, "validation": {"event": "ground_truth_probe_validation", "step": 98, "batch": 98, "batches_total": 98, "progress_percent": 100.0, "elapsed_seconds": 192.278, "eta_seconds": 0.0, "items_processed": 300708, "items_per_sec": 1563.926, "tokens_processed": 24342336, "tokens_per_sec": 126599.918, "accuracy_running": 0.3881572821474653, "accuracy_by_position_running": [0.08142783032044375, 0.09776926453569576, 0.10718703858893013, 0.1493475398060577, 0.9029689931761044, 0.9902430264575601], "gpu_memory_allocated_mb": 1142.28, "gpu_memory_reserved_mb": 14786.0, "gpu_peak_memory_allocated_mb": 9131.71, "gpu_memory_allocated_mb_max": 1142.28, "gpu_memory_reserved_mb_max": 14786.0, "gpu_peak_memory_allocated_mb_max": 9131.71, "gpu_memory_allocated_mb_total": 1142.28, "gpu_memory_reserved_mb_total": 14786.0, "gpu_memory_capacity_mb_max": 24217.31, "gpu_memory_capacity_mb_total": 24217.31, "gpu_memory_current_percent_max": 4.72, "gpu_memory_reserved_percent_max": 61.06, "gpu_memory_peak_percent_max": 37.71, "monitored_world_size": 1}}, "protocol": "ground_truth_first_whole_rank_matched_v1", "kind": "p", "attribute": "company", "rank": 2, "max_validation_examples": null, "seed": 1337, "reference_whole_probe_checkpoint": "/data/mini-train-sys/artifacts/synbios_moe/results/single_fsdp_4gpu/probe_pipeline/formal/training/p_company_whole.pt", "reference_whole_probe_checkpoint_sha256": "f3ddd8d237af498d4e751d1db991bc3d871e99bc530b298e2b2c25c67cce29f7", "reference_whole_probe_rank": 2, "probe_cache_manifest_sha256": "9dcfd2cff38d6f3d29d7f10c2a3247b634f31395b3cda3755a755c8964ffaf5b", "backbone_checkpoint": "/data/mini-train-sys/artifacts/synbios_moe/checkpoints/synbios_moe_single_fsdp_4gpu/epoch_000540_step_000017280", "target": "whole", "class_names": ["Bennett Group", "Bennett1 Group", "Bennett10 Group", "Bennett11 Group", "Bennett12 Group", "Bennett2 Group", "Bennett3 Group", "Bennett4 Group", "Bennett5 Group", "Bennett6 Group", "Bennett7 Group", "Bennett8 Group", "Bennett9 Group", "Brooks Group", "Brooks1 Group", "Brooks10 Group", "Brooks11 Group", "Brooks12 Group", "Brooks2 Group", "Brooks3 Group", "Brooks4 Group", "Brooks5 Group", "Brooks6 Group", "Brooks7 Group", "Brooks8 Group", "Brooks9 Group", "Carter Group", "Carter1 Group", "Carter10 Group", "Carter11 Group", "Carter12 Group", "Carter2 Group", "Carter3 Group", "Carter4 Group", "Carter5 Group", "Carter6 Group", "Carter7 Group", "Carter8 Group", "Carter9 Group", "Cole Group", "Cole1 Group", "Cole10 Group", "Cole11 Group", "Cole12 Group", "Cole2 Group", "Cole3 Group", "Cole4 Group", "Cole5 Group", "Cole6 Group", "Cole7 Group", "Cole8 Group", "Cole9 Group", "Cross Group", "Cross1 Group", "Cross10 Group", "Cross11 Group", "Cross12 Group", "Cross2 Group", "Cross3 Group", "Cross4 Group", "Cross5 Group", "Cross6 Group", "Cross7 Group", "Cross8 Group", "Cross9 Group", "Dennis Group", "Dennis1 Group", "Dennis10 Group", "Dennis11 Group", "Dennis12 Group", "Dennis2 Group", "Dennis3 Group", "Dennis4 Group", "Dennis5 Group", "Dennis6 Group", "Dennis7 Group", "Dennis8 Group", "Dennis9 Group", "Forger Group", "Forger1 Group", "Forger10 Group", "Forger11 Group", "Forger12 Group", "Forger13 Group", "Forger2 Group", "Forger3 Group", "Forger4 Group", "Forger5 Group", "Forger6 Group", "Forger7 Group", "Forger8 Group", "Forger9 Group", "Foster Group", "Foster1 Group", "Foster10 Group", "Foster11 Group", "Foster12 Group", "Foster2 Group", "Foster3 Group", "Foster4 Group", "Foster5 Group", "Foster6 Group", "Foster7 Group", "Foster8 Group", "Foster9 Group", "Gray Group", "Gray1 Group", "Gray10 Group", "Gray11 Group", "Gray12 Group", "Gray2 Group", "Gray3 Group", "Gray4 Group", "Gray5 Group", "Gray6 Group", "Gray7 Group", "Gray8 Group", "Gray9 Group", "Hart Group", "Hart1 Group", "Hart10 Group", "Hart11 Group", "Hart12 Group", "Hart2 Group", "Hart3 Group", "Hart4 Group", "Hart5 Group", "Hart6 Group", "Hart7 Group", "Hart8 Group", "Hart9 Group", "Hayes Group", "Hayes1 Group", "Hayes10 Group", "Hayes11 Group", "Hayes12 Group", "Hayes2 Group", "Hayes3 Group", "Hayes4 Group", "Hayes5 Group", "Hayes6 Group", "Hayes7 Group", "Hayes8 Group", "Hayes9 Group", "Kenny Group", "Kenny1 Group", "Kenny10 Group", "Kenny11 Group", "Kenny12 Group", "Kenny2 Group", "Kenny3 Group", "Kenny4 Group", "Kenny5 Group", "Kenny6 Group", "Kenny7 Group", "Kenny8 Group", "Kenny9 Group", "Lane Group", "Lane1 Group", "Lane10 Group", "Lane11 Group", "Lane12 Group", "Lane2 Group", "Lane3 Group", "Lane4 Group", "Lane5 Group", "Lane6 Group", "Lane7 Group", "Lane8 Group", "Lane9 Group", "Price Group", "Price1 Group", "Price10 Group", "Price11 Group", "Price12 Group", "Price2 Group", "Price3 Group", "Price4 Group", "Price5 Group", "Price6 Group", "Price7 Group", "Price8 Group", "Price9 Group", "Reed Group", "Reed1 Group", "Reed10 Group", "Reed11 Group", "Reed12 Group", "Reed2 Group", "Reed3 Group", "Reed4 Group", "Reed5 Group", "Reed6 Group", "Reed7 Group", "Reed8 Group", "Reed9 Group", "Rooney Group", "Rooney1 Group", "Rooney10 Group", "Rooney11 Group", "Rooney12 Group", "Rooney13 Group", "Rooney2 Group", "Rooney3 Group", "Rooney4 Group", "Rooney5 Group", "Rooney6 Group", "Rooney7 Group", "Rooney8 Group", "Rooney9 Group", "Stokes Group", "Stokes1 Group", "Stokes10 Group", "Stokes11 Group", "Stokes12 Group", "Stokes13 Group", "Stokes2 Group", "Stokes3 Group", "Stokes4 Group", "Stokes5 Group", "Stokes6 Group", "Stokes7 Group", "Stokes8 Group", "Stokes9 Group", "Stone Group", "Stone1 Group", "Stone10 Group", "Stone11 Group", "Stone12 Group", "Stone2 Group", "Stone3 Group", "Stone4 Group", "Stone5 Group", "Stone6 Group", "Stone7 Group", "Stone8 Group", "Stone9 Group", "Wade Group", "Wade1 Group", "Wade10 Group", "Wade11 Group", "Wade12 Group", "Wade2 Group", "Wade3 Group", "Wade4 Group", "Wade5 Group", "Wade6 Group", "Wade7 Group", "Wade8 Group", "Wade9 Group", "Ward Group", "Ward1 Group", "Ward10 Group", "Ward11 Group", "Ward12 Group", "Ward2 Group", "Ward3 Group", "Ward4 Group", "Ward5 Group", "Ward6 Group", "Ward7 Group", "Ward8 Group", "Ward9 Group"], "classes": 263, "first_token_class_names": ["10831", "1114", "11345", "11768", "12150", "12723", "15016", "16105", "16902", "17468", "17704", "18489", "19136", "22102", "25109", "33925", "520", "6372", "7886", "8026"], "first_token_text": {"10831": " Carter", "1114": " For", "11345": " Hart", "11768": " Cole", "12150": " Ward", "12723": " Gray", "15016": " Lane", "16105": " Reed", "16902": " Dennis", "17468": " Bennett", "17704": " Brooks", "18489": " Foster", "19136": " Wade", "22102": " Kenny", "25109": " Hayes", "33925": " Rooney", "520": " St", "6372": " Cross", "7886": " Price", "8026": " Stone"}, "ground_truth_first_token": true, "ground_truth_first_accuracy_by_position": [1.0, 1.0, 1.0, 1.0, 1.0, 1.0], "whole_accuracy_validation_by_source_position": [0.08142783032044375, 0.09776926453569576, 0.10718703858893013, 0.1493475398060577, 0.9029689931761044, 0.9902430264575601], "whole_correct_validation_by_source_position": [4081, 4900, 5372, 7485, 45255, 49629], "whole_total_validation_by_source_position": [50118, 50118, 50118, 50118, 50118, 50118], "validation_examples_total": 300708, "validation_examples_evaluated": 300708, "input_protocol": "P: biography prefix through original pre-attribute readout, append cached ground-truth leading-space t1, read t1 final-layer hidden", "backbone_parameters_updated": false, "architecture_match": {"probe_class": "AttributeProbe", "rank": 2, "reference_rank": 2, "low_rank_embedding_delta": true, "normalizer": "LayerNorm", "classifier_classes": 263}, "alignment_checks": {"first_whole_sample_indices_equal": true, "first_whole_profile_indices_equal": true, "first_whole_token_offsets_equal": true, "first_whole_readout_positions_equal": true, "person_disjoint_cache_split": true}, "stage_two_trainable_components": ["low_rank_embedding_delta", "normalizer", "whole_classifier"], "data": "/data/mini-train-sys/artifacts/synbios_moe/single", "probe_cache": "/data/mini-train-sys/artifacts/synbios_moe/single/probe_cache", "probe_dir": "/data/mini-train-sys/artifacts/synbios_moe/results/single_fsdp_4gpu/probe_pipeline/formal/training", "checkpoint": "/data/mini-train-sys/artifacts/synbios_moe/checkpoints/synbios_moe_single_fsdp_4gpu/epoch_000540_step_000017280", "model_parameters": {"total": 293494272, "active_estimate": 123624960}, "provenance": {"python_version": "3.10.12", "torch_version": "2.5.1+cu118", "cuda_runtime": "11.8", "hostname": "ml-ubuntu22-04-desktop-v3-2-128gb-25m", "platform": "Linux-5.15.0-72-generic-x86_64-with-glibc2.35", "git_revision": "69fb61dc5128b168728319f052eb9b9986609e75", "git_branch": "train", "git_dirty": true, "world_size": 1}, "log_dir": "artifacts/synbios_moe/results/single_fsdp_4gpu/probe_pipeline/formal/diagnostics/ground_truth_first_whole_p_pilot4000_20260726T033800Z/operation_logs/synbios_p_ground_truth_first_whole_p_company/20260726-113707"}
[probe_train] step 100/4000 | loss 2.12848 | lr 9.752e-04 | acc 0.2697 | grad 2.142 | data-wait 3.5% | tok/s 45,238.5 | gpu-peak 8.77/23.65 GiB | gpu-util 82.8% | 2.5% | ETA 0:14:10
[probe_train] step 200/4000 | loss 1.97496 | lr 9.502e-04 | acc 0.3499 | grad 2.098 | data-wait 3.3% | tok/s 45,726.4 | gpu-peak 8.77/23.65 GiB | gpu-util 81.8% | 5.0% | ETA 0:13:38
[probe_train] step 300/4000 | loss 1.74960 | lr 9.252e-04 | acc 0.3703 | grad 1.992 | data-wait 3.1% | tok/s 45,882.5 | gpu-peak 8.77/23.65 GiB | gpu-util 81.7% | 7.5% | ETA 0:13:14
[probe_train] step 400/4000 | loss 1.84995 | lr 9.002e-04 | acc 0.3679 | grad 1.952 | data-wait 3.1% | tok/s 45,906.1 | gpu-peak 8.77/23.65 GiB | gpu-util 81.3% | 10.0% | ETA 0:12:53
[probe_train] step 500/4000 | loss 1.96569 | lr 8.752e-04 | acc 0.3666 | grad 1.992 | data-wait 3.1% | tok/s 45,937.7 | gpu-peak 8.77/23.65 GiB | gpu-util 81.3% | 12.5% | ETA 0:12:31
[probe_train] step 600/4000 | loss 1.76181 | lr 8.502e-04 | acc 0.3757 | grad 1.776 | data-wait 3.1% | tok/s 45,900.9 | gpu-peak 8.77/23.65 GiB | gpu-util 80.5% | 15.0% | ETA 0:12:10
[probe_train] step 700/4000 | loss 1.90900 | lr 8.252e-04 | acc 0.3772 | grad 1.833 | data-wait 3.0% | tok/s 45,892.7 | gpu-peak 8.77/23.65 GiB | gpu-util 80.8% | 17.5% | ETA 0:11:49
[probe_train] step 800/4000 | loss 1.94583 | lr 8.002e-04 | acc 0.3787 | grad 1.742 | data-wait 3.1% | tok/s 45,886.1 | gpu-peak 8.87/23.65 GiB | gpu-util 80.7% | 20.0% | ETA 0:11:27
[probe_train] step 900/4000 | loss 1.96702 | lr 7.752e-04 | acc 0.3736 | grad 1.700 | data-wait 3.0% | tok/s 45,897.5 | gpu-peak 8.87/23.65 GiB | gpu-util 81.0% | 22.5% | ETA 0:11:06
[probe_train] step 1000/4000 | loss 1.87623 | lr 7.502e-04 | acc 0.3713 | grad 1.685 | data-wait 3.0% | tok/s 45,907.2 | gpu-peak 8.87/23.65 GiB | gpu-util 80.9% | 25.0% | ETA 0:10:44
[probe_checkpoint] step 1000/4000 saved /data/mini-train-sys/artifacts/synbios_moe/results/single_fsdp_4gpu/probe_pipeline/formal/diagnostics/ground_truth_first_whole_p_pilot4000_20260726T033800Z/p_company_city.recovery.pt
[probe_train] step 1100/4000 | loss 1.84780 | lr 7.252e-04 | acc 0.3761 | grad 1.634 | data-wait 3.0% | tok/s 45,906.5 | gpu-peak 8.87/23.65 GiB | gpu-util 80.4% | 27.5% | ETA 0:10:23
[probe_train] step 1200/4000 | loss 1.76222 | lr 7.002e-04 | acc 0.3821 | grad 1.564 | data-wait 3.0% | tok/s 45,927.9 | gpu-peak 8.87/23.65 GiB | gpu-util 81.0% | 30.0% | ETA 0:10:01
[probe_train] step 1300/4000 | loss 1.58016 | lr 6.752e-04 | acc 0.3775 | grad 1.482 | data-wait 3.1% | tok/s 45,930.9 | gpu-peak 8.87/23.65 GiB | gpu-util 80.5% | 32.5% | ETA 0:09:39
[probe_train] step 1400/4000 | loss 1.72792 | lr 6.502e-04 | acc 0.3824 | grad 1.509 | data-wait 3.1% | tok/s 45,928.0 | gpu-peak 8.87/23.65 GiB | gpu-util 80.5% | 35.0% | ETA 0:09:18
[probe_train] step 1500/4000 | loss 1.82129 | lr 6.252e-04 | acc 0.3814 | grad 1.515 | data-wait 3.0% | tok/s 45,929.1 | gpu-peak 8.87/23.65 GiB | gpu-util 80.5% | 37.5% | ETA 0:08:56
[probe_train] step 1600/4000 | loss 1.70626 | lr 6.002e-04 | acc 0.3854 | grad 1.417 | data-wait 3.1% | tok/s 45,928.2 | gpu-peak 8.87/23.65 GiB | gpu-util 80.5% | 40.0% | ETA 0:08:35
[probe_train] step 1700/4000 | loss 1.68779 | lr 5.751e-04 | acc 0.3884 | grad 1.499 | data-wait 3.0% | tok/s 45,935.8 | gpu-peak 8.87/23.65 GiB | gpu-util 80.7% | 42.5% | ETA 0:08:13
[probe_train] step 1800/4000 | loss 1.51642 | lr 5.501e-04 | acc 0.3841 | grad 1.374 | data-wait 3.1% | tok/s 45,931.8 | gpu-peak 8.87/23.65 GiB | gpu-util 80.3% | 45.0% | ETA 0:07:52
[probe_train] step 1900/4000 | loss 1.68511 | lr 5.251e-04 | acc 0.3807 | grad 1.435 | data-wait 3.1% | tok/s 45,933.6 | gpu-peak 8.87/23.65 GiB | gpu-util 80.5% | 47.5% | ETA 0:07:30
[probe_train] step 2000/4000 | loss 1.72559 | lr 5.001e-04 | acc 0.3796 | grad 1.384 | data-wait 3.0% | tok/s 45,931.6 | gpu-peak 8.87/23.65 GiB | gpu-util 80.4% | 50.0% | ETA 0:07:09
[probe_checkpoint] step 2000/4000 saved /data/mini-train-sys/artifacts/synbios_moe/results/single_fsdp_4gpu/probe_pipeline/formal/diagnostics/ground_truth_first_whole_p_pilot4000_20260726T033800Z/p_company_city.recovery.pt
[probe_train] step 2100/4000 | loss 1.65526 | lr 4.751e-04 | acc 0.3817 | grad 1.371 | data-wait 3.0% | tok/s 45,937.6 | gpu-peak 8.87/23.65 GiB | gpu-util 80.6% | 52.5% | ETA 0:06:47
[probe_train] step 2200/4000 | loss 1.69637 | lr 4.501e-04 | acc 0.3873 | grad 1.404 | data-wait 3.0% | tok/s 45,940.2 | gpu-peak 8.87/23.65 GiB | gpu-util 80.5% | 55.0% | ETA 0:06:26
[probe_train] step 2300/4000 | loss 1.64084 | lr 4.251e-04 | acc 0.3970 | grad 1.345 | data-wait 3.1% | tok/s 45,942.7 | gpu-peak 8.87/23.65 GiB | gpu-util 80.6% | 57.5% | ETA 0:06:04
[probe_train] step 2400/4000 | loss 1.51895 | lr 4.001e-04 | acc 0.4084 | grad 1.323 | data-wait 3.3% | tok/s 45,929.4 | gpu-peak 8.87/23.65 GiB | gpu-util 80.0% | 60.0% | ETA 0:05:43
[probe_train] step 2500/4000 | loss 1.69041 | lr 3.751e-04 | acc 0.4115 | grad 1.428 | data-wait 3.1% | tok/s 45,910.7 | gpu-peak 8.87/23.65 GiB | gpu-util 79.7% | 62.5% | ETA 0:05:22
[probe_train] step 2600/4000 | loss 1.63234 | lr 3.501e-04 | acc 0.4176 | grad 1.418 | data-wait 3.3% | tok/s 45,889.6 | gpu-peak 8.87/23.65 GiB | gpu-util 79.5% | 65.0% | ETA 0:05:00
[probe_train] step 2700/4000 | loss 1.56337 | lr 3.251e-04 | acc 0.4110 | grad 1.369 | data-wait 3.2% | tok/s 45,872.3 | gpu-peak 8.87/23.65 GiB | gpu-util 79.7% | 67.5% | ETA 0:04:39
[probe_train] step 2800/4000 | loss 1.53530 | lr 3.001e-04 | acc 0.4122 | grad 1.329 | data-wait 3.1% | tok/s 45,862.1 | gpu-peak 8.87/23.65 GiB | gpu-util 79.9% | 70.0% | ETA 0:04:18
[probe_train] step 2900/4000 | loss 1.71528 | lr 2.751e-04 | acc 0.4156 | grad 1.518 | data-wait 3.0% | tok/s 45,857.7 | gpu-peak 8.87/23.65 GiB | gpu-util 80.3% | 72.5% | ETA 0:03:56
[probe_train] step 3000/4000 | loss 1.66467 | lr 2.501e-04 | acc 0.4121 | grad 1.370 | data-wait 3.1% | tok/s 45,847.7 | gpu-peak 8.87/23.65 GiB | gpu-util 79.9% | 75.0% | ETA 0:03:35
[probe_checkpoint] step 3000/4000 saved /data/mini-train-sys/artifacts/synbios_moe/results/single_fsdp_4gpu/probe_pipeline/formal/diagnostics/ground_truth_first_whole_p_pilot4000_20260726T033800Z/p_company_city.recovery.pt
[probe_train] step 3100/4000 | loss 1.57640 | lr 2.251e-04 | acc 0.4170 | grad 1.343 | data-wait 3.1% | tok/s 45,842.1 | gpu-peak 8.87/23.65 GiB | gpu-util 80.2% | 77.5% | ETA 0:03:13
[probe_train] step 3200/4000 | loss 1.60069 | lr 2.001e-04 | acc 0.4136 | grad 1.372 | data-wait 3.2% | tok/s 45,835.0 | gpu-peak 8.87/23.65 GiB | gpu-util 80.0% | 80.0% | ETA 0:02:52
[probe_train] step 3300/4000 | loss 1.68152 | lr 1.750e-04 | acc 0.4147 | grad 1.381 | data-wait 3.0% | tok/s 45,832.1 | gpu-peak 8.87/23.65 GiB | gpu-util 80.2% | 82.5% | ETA 0:02:30
[probe_train] step 3400/4000 | loss 1.73675 | lr 1.500e-04 | acc 0.4205 | grad 1.396 | data-wait 3.1% | tok/s 45,821.9 | gpu-peak 8.88/23.65 GiB | gpu-util 79.7% | 85.0% | ETA 0:02:09
[probe_train] step 3500/4000 | loss 1.56280 | lr 1.250e-04 | acc 0.4146 | grad 1.318 | data-wait 3.0% | tok/s 45,819.1 | gpu-peak 8.88/23.65 GiB | gpu-util 80.2% | 87.5% | ETA 0:01:47
[probe_train] step 3600/4000 | loss 1.79705 | lr 1.000e-04 | acc 0.4123 | grad 1.507 | data-wait 3.1% | tok/s 45,812.5 | gpu-peak 8.88/23.65 GiB | gpu-util 79.9% | 90.0% | ETA 0:01:26
[probe_train] step 3700/4000 | loss 1.56748 | lr 7.502e-05 | acc 0.4216 | grad 1.364 | data-wait 3.1% | tok/s 45,807.5 | gpu-peak 8.88/23.65 GiB | gpu-util 80.0% | 92.5% | ETA 0:01:04
[probe_train] step 3800/4000 | loss 1.68480 | lr 5.001e-05 | acc 0.4258 | grad 1.386 | data-wait 3.1% | tok/s 45,804.5 | gpu-peak 8.88/23.65 GiB | gpu-util 80.1% | 95.0% | ETA 0:00:43
[probe_train] step 3900/4000 | loss 1.57774 | lr 2.501e-05 | acc 0.4202 | grad 1.271 | data-wait 3.0% | tok/s 45,795.9 | gpu-peak 8.88/23.65 GiB | gpu-util 79.6% | 97.5% | ETA 0:00:21
[probe_train] step 4000/4000 | loss 1.65843 | lr 0.000e+00 | acc 0.4105 | grad 1.372 | data-wait 3.1% | tok/s 45,790.2 | gpu-peak 8.88/23.65 GiB | gpu-util 79.6% | 100.0% | ETA 0:00:00
[ground_truth_probe_validation] {"event": "ground_truth_probe_validation", "step": 1, "batch": 1, "batches_total": 98, "progress_percent": 1.02, "elapsed_seconds": 2.178, "eta_seconds": 211.262, "items_processed": 3072, "items_per_sec": 1410.495, "tokens_processed": 251904, "tokens_per_sec": 115660.551, "accuracy_running": 0.3942057291666667, "accuracy_by_position_running": [0.263671875, 0.27734375, 0.267578125, 0.26171875, 0.294921875, 1.0], "gpu_memory_allocated_mb": 1141.7, "gpu_memory_reserved_mb": 9290.0, "gpu_peak_memory_allocated_mb": 9005.29, "gpu_memory_allocated_mb_max": 1141.7, "gpu_memory_reserved_mb_max": 9290.0, "gpu_peak_memory_allocated_mb_max": 9005.29, "gpu_memory_allocated_mb_total": 1141.7, "gpu_memory_reserved_mb_total": 9290.0, "gpu_memory_capacity_mb_max": 24217.31, "gpu_memory_capacity_mb_total": 24217.31, "gpu_memory_current_percent_max": 4.71, "gpu_memory_reserved_percent_max": 38.36, "gpu_memory_peak_percent_max": 37.19, "monitored_world_size": 1}
[ground_truth_probe_validation] {"event": "ground_truth_probe_validation", "step": 98, "batch": 98, "batches_total": 98, "progress_percent": 100.0, "elapsed_seconds": 187.339, "eta_seconds": 0.0, "items_processed": 300708, "items_per_sec": 1605.152, "tokens_processed": 24342336, "tokens_per_sec": 129937.151, "accuracy_running": 0.36754259946526197, "accuracy_by_position_running": [0.23237160301688017, 0.23690091384332973, 0.23316971946206952, 0.23538449259746996, 0.2674288678718225, 1.0], "gpu_memory_allocated_mb": 1141.17, "gpu_memory_reserved_mb": 14920.0, "gpu_peak_memory_allocated_mb": 9223.12, "gpu_memory_allocated_mb_max": 1141.17, "gpu_memory_reserved_mb_max": 14920.0, "gpu_peak_memory_allocated_mb_max": 9223.12, "gpu_memory_allocated_mb_total": 1141.17, "gpu_memory_reserved_mb_total": 14920.0, "gpu_memory_capacity_mb_max": 24217.31, "gpu_memory_capacity_mb_total": 24217.31, "gpu_memory_current_percent_max": 4.71, "gpu_memory_reserved_percent_max": 61.61, "gpu_memory_peak_percent_max": 38.08, "monitored_world_size": 1}
{"validation_accuracy": [0.36754259946526197], "train_accuracy": null, "loss_curve": [{"step": 1, "loss": 5.174851417541504, "lr": 0.001, "accuracy": 0.0078125, "accuracy_by_position": [0.0078125], "grad_norm": 5.155915260314941, "data_wait_ms": 49.73353000059433, "data_wait_percent": 5.092276779261191, "step_time_ms": 976.6462460002003, "sequence_length": 75, "accuracy_position_0": 0.0078125, "gpu_compute_utilization_percent_local_min": 1.0, "gpu_compute_utilization_percent_local_mean": 10.0, "gpu_compute_utilization_percent_local_max": 43.0, "gpu_memory_controller_utilization_percent_local_min": 0.0, "gpu_memory_controller_utilization_percent_local_mean": 3.8333333333333335, "gpu_memory_controller_utilization_percent_local_max": 23.0, "gpu_utilization_samples_local": 6.0}, {"step": 100, "loss": 2.128476619720459, "lr": 0.0009752438109527382, "accuracy": 0.26972854137420654, "accuracy_by_position": [0.26972854137420654], "grad_norm": 2.1418521404266357, "data_wait_ms": 7.307549656524307, "data_wait_percent": 3.474278848497131, "step_time_ms": 210.33284820201845, "sequence_length": 78, "accuracy_position_0": 0.26972854137420654, "gpu_compute_utilization_percent_local_min": 43.0, "gpu_compute_utilization_percent_local_mean": 82.75238095238095, "gpu_compute_utilization_percent_local_max": 87.0, "gpu_memory_controller_utilization_percent_local_min": 23.0, "gpu_memory_controller_utilization_percent_local_mean": 49.82857142857143, "gpu_memory_controller_utilization_percent_local_max": 53.0, "gpu_utilization_samples_local": 105.0}, {"step": 200, "loss": 1.9749559164047241, "lr": 0.0009502375593898474, "accuracy": 0.349921852350235, "accuracy_by_position": [0.349921852350235], "grad_norm": 2.097674608230591, "data_wait_ms": 6.982699259988294, "data_wait_percent": 3.279253513758121, "step_time_ms": 212.93563400000494, "sequence_length": 74, "accuracy_position_0": 0.349921852350235, "gpu_compute_utilization_percent_local_min": 72.0, "gpu_compute_utilization_percent_local_mean": 81.84905660377359, "gpu_compute_utilization_percent_local_max": 85.0, "gpu_memory_controller_utilization_percent_local_min": 41.0, "gpu_memory_controller_utilization_percent_local_mean": 49.198113207547166, "gpu_memory_controller_utilization_percent_local_max": 52.0, "gpu_utilization_samples_local": 106.0}, {"step": 300, "loss": 1.7495996952056885, "lr": 0.0009252313078269567, "accuracy": 0.37031248211860657, "accuracy_by_position": [0.37031248211860657], "grad_norm": 1.9921821355819702, "data_wait_ms": 6.584494109965817, "data_wait_percent": 3.087943409883891, "step_time_ms": 213.23234385999967, "sequence_length": 74, "accuracy_position_0": 0.37031248211860657, "gpu_compute_utilization_percent_local_min": 72.0, "gpu_compute_utilization_percent_local_mean": 81.74074074074075, "gpu_compute_utilization_percent_local_max": 86.0, "gpu_memory_controller_utilization_percent_local_min": 42.0, "gpu_memory_controller_utilization_percent_local_mean": 49.175925925925924, "gpu_memory_controller_utilization_percent_local_max": 52.0, "gpu_utilization_samples_local": 108.0}, {"step": 400, "loss": 1.8499492406845093, "lr": 0.000900225056264066, "accuracy": 0.3678906261920929, "accuracy_by_position": [0.3678906261920929], "grad_norm": 1.951662540435791, "data_wait_ms": 6.739759299971411, "data_wait_percent": 3.1378988336516263, "step_time_ms": 214.78574222000134, "sequence_length": 76, "accuracy_position_0": 0.3678906261920929, "gpu_compute_utilization_percent_local_min": 75.0, "gpu_compute_utilization_percent_local_mean": 81.30841121495327, "gpu_compute_utilization_percent_local_max": 86.0, "gpu_memory_controller_utilization_percent_local_min": 45.0, "gpu_memory_controller_utilization_percent_local_mean": 49.13084112149533, "gpu_memory_controller_utilization_percent_local_max": 53.0, "gpu_utilization_samples_local": 107.0}, {"step": 500, "loss": 1.9656867980957031, "lr": 0.0008752188047011754, "accuracy": 0.3666406273841858, "accuracy_by_position": [0.3666406273841858], "grad_norm": 1.992160677909851, "data_wait_ms": 6.5887785400263965, "data_wait_percent": 3.0750739324095027, "step_time_ms": 214.26406924999355, "sequence_length": 75, "accuracy_position_0": 0.3666406273841858, "gpu_compute_utilization_percent_local_min": 73.0, "gpu_compute_utilization_percent_local_mean": 81.25925925925925, "gpu_compute_utilization_percent_local_max": 85.0, "gpu_memory_controller_utilization_percent_local_min": 43.0, "gpu_memory_controller_utilization_percent_local_mean": 48.94444444444444, "gpu_memory_controller_utilization_percent_local_max": 52.0, "gpu_utilization_samples_local": 108.0}, {"step": 600, "loss": 1.7618086338043213, "lr": 0.0008502125531382846, "accuracy": 0.3757031261920929, "accuracy_by_position": [0.3757031261920929], "grad_norm": 1.7761605978012085, "data_wait_ms": 6.780737280005269, "data_wait_percent": 3.137159443840381, "step_time_ms": 216.14257743000053, "sequence_length": 79, "accuracy_position_0": 0.3757031261920929, "gpu_compute_utilization_percent_local_min": 71.0, "gpu_compute_utilization_percent_local_mean": 80.48148148148148, "gpu_compute_utilization_percent_local_max": 85.0, "gpu_memory_controller_utilization_percent_local_min": 42.0, "gpu_memory_controller_utilization_percent_local_mean": 48.611111111111114, "gpu_memory_controller_utilization_percent_local_max": 52.0, "gpu_utilization_samples_local": 108.0}, {"step": 700, "loss": 1.9090008735656738, "lr": 0.0008252063015753939, "accuracy": 0.37718749046325684, "accuracy_by_position": [0.37718749046325684], "grad_norm": 1.832619309425354, "data_wait_ms": 6.537092690014106, "data_wait_percent": 3.0386458649001002, "step_time_ms": 215.1317718700011, "sequence_length": 77, "accuracy_position_0": 0.37718749046325684, "gpu_compute_utilization_percent_local_min": 73.0, "gpu_compute_utilization_percent_local_mean": 80.77777777777777, "gpu_compute_utilization_percent_local_max": 86.0, "gpu_memory_controller_utilization_percent_local_min": 43.0, "gpu_memory_controller_utilization_percent_local_mean": 48.75925925925926, "gpu_memory_controller_utilization_percent_local_max": 52.0, "gpu_utilization_samples_local": 108.0}, {"step": 800, "loss": 1.9458308219909668, "lr": 0.0008002000500125032, "accuracy": 0.3787499964237213, "accuracy_by_position": [0.3787499964237213], "grad_norm": 1.742256760597229, "data_wait_ms": 6.7079601099430874, "data_wait_percent": 3.1165841631829885, "step_time_ms": 215.23436425, "sequence_length": 75, "accuracy_position_0": 0.3787499964237213, "gpu_compute_utilization_percent_local_min": 70.0, "gpu_compute_utilization_percent_local_mean": 80.66666666666667, "gpu_compute_utilization_percent_local_max": 86.0, "gpu_memory_controller_utilization_percent_local_min": 41.0, "gpu_memory_controller_utilization_percent_local_mean": 48.611111111111114, "gpu_memory_controller_utilization_percent_local_max": 53.0, "gpu_utilization_samples_local": 108.0}, {"step": 900, "loss": 1.9670178890228271, "lr": 0.0007751937984496125, "accuracy": 0.3735937476158142, "accuracy_by_position": [0.3735937476158142], "grad_norm": 1.6999691724777222, "data_wait_ms": 6.495204130014827, "data_wait_percent": 3.0236792970422197, "step_time_ms": 214.81127764999655, "sequence_length": 78, "accuracy_position_0": 0.3735937476158142, "gpu_compute_utilization_percent_local_min": 75.0, "gpu_compute_utilization_percent_local_mean": 80.97222222222223, "gpu_compute_utilization_percent_local_max": 86.0, "gpu_memory_controller_utilization_percent_local_min": 45.0, "gpu_memory_controller_utilization_percent_local_mean": 48.7962962962963, "gpu_memory_controller_utilization_percent_local_max": 54.0, "gpu_utilization_samples_local": 108.0}, {"step": 1000, "loss": 1.8762288093566895, "lr": 0.0007501875468867216, "accuracy": 0.37132811546325684, "accuracy_by_position": [0.37132811546325684], "grad_norm": 1.6850543022155762, "data_wait_ms": 6.379962459968738, "data_wait_percent": 2.983470153282555, "step_time_ms": 213.84368310000355, "sequence_length": 79, "accuracy_position_0": 0.37132811546325684, "gpu_compute_utilization_percent_local_min": 72.0, "gpu_compute_utilization_percent_local_mean": 80.89814814814815, "gpu_compute_utilization_percent_local_max": 85.0, "gpu_memory_controller_utilization_percent_local_min": 43.0, "gpu_memory_controller_utilization_percent_local_mean": 48.43518518518518, "gpu_memory_controller_utilization_percent_local_max": 52.0, "gpu_utilization_samples_local": 108.0}, {"step": 1100, "loss": 1.8477978706359863, "lr": 0.000725181295323831, "accuracy": 0.3760937452316284, "accuracy_by_position": [0.3760937452316284], "grad_norm": 1.6337426900863647, "data_wait_ms": 6.359989440043137, "data_wait_percent": 2.9603489261322933, "step_time_ms": 214.83918277000157, "sequence_length": 75, "accuracy_position_0": 0.3760937452316284, "gpu_compute_utilization_percent_local_min": 64.0, "gpu_compute_utilization_percent_local_mean": 80.41121495327103, "gpu_compute_utilization_percent_local_max": 85.0, "gpu_memory_controller_utilization_percent_local_min": 39.0, "gpu_memory_controller_utilization_percent_local_mean": 48.149532710280376, "gpu_memory_controller_utilization_percent_local_max": 53.0, "gpu_utilization_samples_local": 107.0}, {"step": 1200, "loss": 1.7622183561325073, "lr": 0.0007001750437609402, "accuracy": 0.3821093738079071, "accuracy_by_position": [0.3821093738079071], "grad_norm": 1.5636465549468994, "data_wait_ms": 6.336810319999131, "data_wait_percent": 2.9641858172458546, "step_time_ms": 213.77911880999818, "sequence_length": 78, "accuracy_position_0": 0.3821093738079071, "gpu_compute_utilization_percent_local_min": 75.0, "gpu_compute_utilization_percent_local_mean": 81.0, "gpu_compute_utilization_percent_local_max": 85.0, "gpu_memory_controller_utilization_percent_local_min": 44.0, "gpu_memory_controller_utilization_percent_local_mean": 48.52777777777778, "gpu_memory_controller_utilization_percent_local_max": 51.0, "gpu_utilization_samples_local": 108.0}, {"step": 1300, "loss": 1.5801575183868408, "lr": 0.0006751687921980496, "accuracy": 0.3774999976158142, "accuracy_by_position": [0.3774999976158142], "grad_norm": 1.482279658317566, "data_wait_ms": 6.628657479986941, "data_wait_percent": 3.096047971844552, "step_time_ms": 214.10060633000285, "sequence_length": 77, "accuracy_position_0": 0.3774999976158142, "gpu_compute_utilization_percent_local_min": 74.0, "gpu_compute_utilization_percent_local_mean": 80.50467289719626, "gpu_compute_utilization_percent_local_max": 85.0, "gpu_memory_controller_utilization_percent_local_min": 43.0, "gpu_memory_controller_utilization_percent_local_mean": 48.149532710280376, "gpu_memory_controller_utilization_percent_local_max": 52.0, "gpu_utilization_samples_local": 107.0}, {"step": 1400, "loss": 1.7279198169708252, "lr": 0.0006501625406351587, "accuracy": 0.3824218809604645, "accuracy_by_position": [0.3824218809604645], "grad_norm": 1.508835792541504, "data_wait_ms": 6.639912160017047, "data_wait_percent": 3.079576346719358, "step_time_ms": 215.6112209099956, "sequence_length": 79, "accuracy_position_0": 0.3824218809604645, "gpu_compute_utilization_percent_local_min": 70.0, "gpu_compute_utilization_percent_local_mean": 80.45370370370371, "gpu_compute_utilization_percent_local_max": 84.0, "gpu_memory_controller_utilization_percent_local_min": 41.0, "gpu_memory_controller_utilization_percent_local_mean": 48.2037037037037, "gpu_memory_controller_utilization_percent_local_max": 53.0, "gpu_utilization_samples_local": 108.0}, {"step": 1500, "loss": 1.8212881088256836, "lr": 0.000625156289072268, "accuracy": 0.3814062476158142, "accuracy_by_position": [0.3814062476158142], "grad_norm": 1.515480875968933, "data_wait_ms": 6.450361170054748, "data_wait_percent": 3.0135696082090115, "step_time_ms": 214.04387516000497, "sequence_length": 75, "accuracy_position_0": 0.3814062476158142, "gpu_compute_utilization_percent_local_min": 73.0, "gpu_compute_utilization_percent_local_mean": 80.45370370370371, "gpu_compute_utilization_percent_local_max": 84.0, "gpu_memory_controller_utilization_percent_local_min": 43.0, "gpu_memory_controller_utilization_percent_local_mean": 48.05555555555556, "gpu_memory_controller_utilization_percent_local_max": 51.0, "gpu_utilization_samples_local": 108.0}, {"step": 1600, "loss": 1.7062573432922363, "lr": 0.0006001500375093774, "accuracy": 0.38539060950279236, "accuracy_by_position": [0.38539060950279236], "grad_norm": 1.4168766736984253, "data_wait_ms": 6.562362380000195, "data_wait_percent": 3.0563194417297495, "step_time_ms": 214.71454489999815, "sequence_length": 78, "accuracy_position_0": 0.38539060950279236, "gpu_compute_utilization_percent_local_min": 71.0, "gpu_compute_utilization_percent_local_mean": 80.5, "gpu_compute_utilization_percent_local_max": 84.0, "gpu_memory_controller_utilization_percent_local_min": 40.0, "gpu_memory_controller_utilization_percent_local_mean": 48.18518518518518, "gpu_memory_controller_utilization_percent_local_max": 52.0, "gpu_utilization_samples_local": 108.0}, {"step": 1700, "loss": 1.6877895593643188, "lr": 0.0005751437859464867, "accuracy": 0.3884374797344208, "accuracy_by_position": [0.3884374797344208], "grad_norm": 1.498753547668457, "data_wait_ms": 6.491243249975014, "data_wait_percent": 3.0318652895812788, "step_time_ms": 214.10064861000137, "sequence_length": 78, "accuracy_position_0": 0.3884374797344208, "gpu_compute_utilization_percent_local_min": 73.0, "gpu_compute_utilization_percent_local_mean": 80.67289719626169, "gpu_compute_utilization_percent_local_max": 86.0, "gpu_memory_controller_utilization_percent_local_min": 43.0, "gpu_memory_controller_utilization_percent_local_mean": 48.25233644859813, "gpu_memory_controller_utilization_percent_local_max": 52.0, "gpu_utilization_samples_local": 107.0}, {"step": 1800, "loss": 1.5164151191711426, "lr": 0.0005501375343835959, "accuracy": 0.3840624988079071, "accuracy_by_position": [0.3840624988079071], "grad_norm": 1.3740938901901245, "data_wait_ms": 6.7341618300451955, "data_wait_percent": 3.1250237766215525, "step_time_ms": 215.49153898999975, "sequence_length": 76, "accuracy_position_0": 0.3840624988079071, "gpu_compute_utilization_percent_local_min": 73.0, "gpu_compute_utilization_percent_local_mean": 80.32407407407408, "gpu_compute_utilization_percent_local_max": 84.0, "gpu_memory_controller_utilization_percent_local_min": 43.0, "gpu_memory_controller_utilization_percent_local_mean": 48.23148148148148, "gpu_memory_controller_utilization_percent_local_max": 52.0, "gpu_utilization_samples_local": 108.0}, {"step": 1900, "loss": 1.685113787651062, "lr": 0.0005251312828207052, "accuracy": 0.3807031214237213, "accuracy_by_position": [0.3807031214237213], "grad_norm": 1.43455970287323, "data_wait_ms": 6.5643497300243325, "data_wait_percent": 3.0715208096840745, "step_time_ms": 213.7165963299958, "sequence_length": 76, "accuracy_position_0": 0.3807031214237213, "gpu_compute_utilization_percent_local_min": 75.0, "gpu_compute_utilization_percent_local_mean": 80.53271028037383, "gpu_compute_utilization_percent_local_max": 84.0, "gpu_memory_controller_utilization_percent_local_min": 44.0, "gpu_memory_controller_utilization_percent_local_mean": 48.1588785046729, "gpu_memory_controller_utilization_percent_local_max": 51.0, "gpu_utilization_samples_local": 107.0}, {"step": 2000, "loss": 1.7255921363830566, "lr": 0.0005001250312578145, "accuracy": 0.3796093761920929, "accuracy_by_position": [0.3796093761920929], "grad_norm": 1.3839281797409058, "data_wait_ms": 6.497693050014277, "data_wait_percent": 3.0193527529977717, "step_time_ms": 215.20152103999862, "sequence_length": 81, "accuracy_position_0": 0.3796093761920929, "gpu_compute_utilization_percent_local_min": 46.0, "gpu_compute_utilization_percent_local_mean": 80.38888888888889, "gpu_compute_utilization_percent_local_max": 85.0, "gpu_memory_controller_utilization_percent_local_min": 28.0, "gpu_memory_controller_utilization_percent_local_mean": 48.18518518518518, "gpu_memory_controller_utilization_percent_local_max": 52.0, "gpu_utilization_samples_local": 108.0}, {"step": 2100, "loss": 1.6552618741989136, "lr": 0.00047511877969492376, "accuracy": 0.3817187547683716, "accuracy_by_position": [0.3817187547683716], "grad_norm": 1.370929479598999, "data_wait_ms": 6.481755630011321, "data_wait_percent": 3.0269407715351475, "step_time_ms": 214.13552888000595, "sequence_length": 76, "accuracy_position_0": 0.3817187547683716, "gpu_compute_utilization_percent_local_min": 67.0, "gpu_compute_utilization_percent_local_mean": 80.58333333333333, "gpu_compute_utilization_percent_local_max": 85.0, "gpu_memory_controller_utilization_percent_local_min": 39.0, "gpu_memory_controller_utilization_percent_local_mean": 48.416666666666664, "gpu_memory_controller_utilization_percent_local_max": 53.0, "gpu_utilization_samples_local": 108.0}, {"step": 2200, "loss": 1.696367621421814, "lr": 0.0004501125281320331, "accuracy": 0.3872656226158142, "accuracy_by_position": [0.3872656226158142], "grad_norm": 1.4035067558288574, "data_wait_ms": 6.502611489950141, "data_wait_percent": 3.0353005537120437, "step_time_ms": 214.23287001999597, "sequence_length": 75, "accuracy_position_0": 0.3872656226158142, "gpu_compute_utilization_percent_local_min": 70.0, "gpu_compute_utilization_percent_local_mean": 80.52777777777777, "gpu_compute_utilization_percent_local_max": 84.0, "gpu_memory_controller_utilization_percent_local_min": 41.0, "gpu_memory_controller_utilization_percent_local_mean": 48.30555555555556, "gpu_memory_controller_utilization_percent_local_max": 52.0, "gpu_utilization_samples_local": 108.0}, {"step": 2300, "loss": 1.6408439874649048, "lr": 0.00042510627656914223, "accuracy": 0.3970312476158142, "accuracy_by_position": [0.3970312476158142], "grad_norm": 1.345299482345581, "data_wait_ms": 6.550829929910833, "data_wait_percent": 3.0501500768558194, "step_time_ms": 214.77074127000378, "sequence_length": 76, "accuracy_position_0": 0.3970312476158142, "gpu_compute_utilization_percent_local_min": 71.0, "gpu_compute_utilization_percent_local_mean": 80.61682242990655, "gpu_compute_utilization_percent_local_max": 86.0, "gpu_memory_controller_utilization_percent_local_min": 44.0, "gpu_memory_controller_utilization_percent_local_mean": 48.47663551401869, "gpu_memory_controller_utilization_percent_local_max": 52.0, "gpu_utilization_samples_local": 107.0}, {"step": 2400, "loss": 1.5189454555511475, "lr": 0.00040010002500625154, "accuracy": 0.40843749046325684, "accuracy_by_position": [0.40843749046325684], "grad_norm": 1.3229529857635498, "data_wait_ms": 7.010489870026504, "data_wait_percent": 3.262635612832627, "step_time_ms": 214.87198394000188, "sequence_length": 79, "accuracy_position_0": 0.40843749046325684, "gpu_compute_utilization_percent_local_min": 61.0, "gpu_compute_utilization_percent_local_mean": 80.00925925925925, "gpu_compute_utilization_percent_local_max": 85.0, "gpu_memory_controller_utilization_percent_local_min": 38.0, "gpu_memory_controller_utilization_percent_local_mean": 47.76851851851852, "gpu_memory_controller_utilization_percent_local_max": 52.0, "gpu_utilization_samples_local": 108.0}, {"step": 2500, "loss": 1.690413236618042, "lr": 0.0003750937734433608, "accuracy": 0.41148436069488525, "accuracy_by_position": [0.41148436069488525], "grad_norm": 1.4277278184890747, "data_wait_ms": 6.73579083992081, "data_wait_percent": 3.10362278651243, "step_time_ms": 217.02994542999477, "sequence_length": 76, "accuracy_position_0": 0.41148436069488525, "gpu_compute_utilization_percent_local_min": 61.0, "gpu_compute_utilization_percent_local_mean": 79.73394495412845, "gpu_compute_utilization_percent_local_max": 84.0, "gpu_memory_controller_utilization_percent_local_min": 35.0, "gpu_memory_controller_utilization_percent_local_mean": 47.862385321100916, "gpu_memory_controller_utilization_percent_local_max": 52.0, "gpu_utilization_samples_local": 109.0}, {"step": 2600, "loss": 1.632340669631958, "lr": 0.0003500875218804701, "accuracy": 0.4175781011581421, "accuracy_by_position": [0.4175781011581421], "grad_norm": 1.4182437658309937, "data_wait_ms": 7.154583889969217, "data_wait_percent": 3.2849995788245816, "step_time_ms": 217.79558013000496, "sequence_length": 77, "accuracy_position_0": 0.4175781011581421, "gpu_compute_utilization_percent_local_min": 66.0, "gpu_compute_utilization_percent_local_mean": 79.4954128440367, "gpu_compute_utilization_percent_local_max": 85.0, "gpu_memory_controller_utilization_percent_local_min": 38.0, "gpu_memory_controller_utilization_percent_local_mean": 47.71559633027523, "gpu_memory_controller_utilization_percent_local_max": 52.0, "gpu_utilization_samples_local": 109.0}, {"step": 2700, "loss": 1.5633716583251953, "lr": 0.00032508127031757937, "accuracy": 0.4110156297683716, "accuracy_by_position": [0.4110156297683716], "grad_norm": 1.3691579103469849, "data_wait_ms": 6.829502759974275, "data_wait_percent": 3.1500773713297985, "step_time_ms": 216.8042862099992, "sequence_length": 77, "accuracy_position_0": 0.4110156297683716, "gpu_compute_utilization_percent_local_min": 65.0, "gpu_compute_utilization_percent_local_mean": 79.65137614678899, "gpu_compute_utilization_percent_local_max": 84.0, "gpu_memory_controller_utilization_percent_local_min": 37.0, "gpu_memory_controller_utilization_percent_local_mean": 47.678899082568805, "gpu_memory_controller_utilization_percent_local_max": 51.0, "gpu_utilization_samples_local": 109.0}, {"step": 2800, "loss": 1.5352963209152222, "lr": 0.0003000750187546887, "accuracy": 0.41218748688697815, "accuracy_by_position": [0.41218748688697815], "grad_norm": 1.3288971185684204, "data_wait_ms": 6.6998595299628505, "data_wait_percent": 3.0942556731554776, "step_time_ms": 216.52572500999668, "sequence_length": 79, "accuracy_position_0": 0.41218748688697815, "gpu_compute_utilization_percent_local_min": 68.0, "gpu_compute_utilization_percent_local_mean": 79.94495412844037, "gpu_compute_utilization_percent_local_max": 85.0, "gpu_memory_controller_utilization_percent_local_min": 40.0, "gpu_memory_controller_utilization_percent_local_mean": 47.862385321100916, "gpu_memory_controller_utilization_percent_local_max": 51.0, "gpu_utilization_samples_local": 109.0}, {"step": 2900, "loss": 1.7152820825576782, "lr": 0.00027506876719179794, "accuracy": 0.4156249761581421, "accuracy_by_position": [0.4156249761581421], "grad_norm": 1.5177583694458008, "data_wait_ms": 6.504007089934021, "data_wait_percent": 3.0191976878234055, "step_time_ms": 215.42170345999693, "sequence_length": 79, "accuracy_position_0": 0.4156249761581421, "gpu_compute_utilization_percent_local_min": 73.0, "gpu_compute_utilization_percent_local_mean": 80.27777777777777, "gpu_compute_utilization_percent_local_max": 85.0, "gpu_memory_controller_utilization_percent_local_min": 42.0, "gpu_memory_controller_utilization_percent_local_mean": 47.99074074074074, "gpu_memory_controller_utilization_percent_local_max": 51.0, "gpu_utilization_samples_local": 108.0}, {"step": 3000, "loss": 1.6646722555160522, "lr": 0.00025006251562890725, "accuracy": 0.412109375, "accuracy_by_position": [0.412109375], "grad_norm": 1.3701449632644653, "data_wait_ms": 6.685604779995629, "data_wait_percent": 3.0845041668413766, "step_time_ms": 216.74811958000646, "sequence_length": 82, "accuracy_position_0": 0.412109375, "gpu_compute_utilization_percent_local_min": 48.0, "gpu_compute_utilization_percent_local_mean": 79.90825688073394, "gpu_compute_utilization_percent_local_max": 84.0, "gpu_memory_controller_utilization_percent_local_min": 29.0, "gpu_memory_controller_utilization_percent_local_mean": 47.71559633027523, "gpu_memory_controller_utilization_percent_local_max": 52.0, "gpu_utilization_samples_local": 109.0}, {"step": 3100, "loss": 1.5764042139053345, "lr": 0.00022505626406601654, "accuracy": 0.4170312285423279, "accuracy_by_position": [0.4170312285423279], "grad_norm": 1.3434096574783325, "data_wait_ms": 6.612927060059519, "data_wait_percent": 3.062139863495405, "step_time_ms": 215.95770783999797, "sequence_length": 76, "accuracy_position_0": 0.4170312285423279, "gpu_compute_utilization_percent_local_min": 73.0, "gpu_compute_utilization_percent_local_mean": 80.16666666666667, "gpu_compute_utilization_percent_local_max": 85.0, "gpu_memory_controller_utilization_percent_local_min": 44.0, "gpu_memory_controller_utilization_percent_local_mean": 47.888888888888886, "gpu_memory_controller_utilization_percent_local_max": 52.0, "gpu_utilization_samples_local": 108.0}, {"step": 3200, "loss": 1.600690484046936, "lr": 0.00020005001250312582, "accuracy": 0.41359373927116394, "accuracy_by_position": [0.41359373927116394], "grad_norm": 1.372448205947876, "data_wait_ms": 6.845463540030323, "data_wait_percent": 3.164647060404822, "step_time_ms": 216.31048926999938, "sequence_length": 79, "accuracy_position_0": 0.41359373927116394, "gpu_compute_utilization_percent_local_min": 72.0, "gpu_compute_utilization_percent_local_mean": 80.03669724770643, "gpu_compute_utilization_percent_local_max": 85.0, "gpu_memory_controller_utilization_percent_local_min": 43.0, "gpu_memory_controller_utilization_percent_local_mean": 47.77981651376147, "gpu_memory_controller_utilization_percent_local_max": 53.0, "gpu_utilization_samples_local": 109.0}, {"step": 3300, "loss": 1.6815202236175537, "lr": 0.0001750437609402351, "accuracy": 0.41468748450279236, "accuracy_by_position": [0.41468748450279236], "grad_norm": 1.3813716173171997, "data_wait_ms": 6.5685172099802, "data_wait_percent": 3.0461397736489384, "step_time_ms": 215.63413691000278, "sequence_length": 78, "accuracy_position_0": 0.41468748450279236, "gpu_compute_utilization_percent_local_min": 70.0, "gpu_compute_utilization_percent_local_mean": 80.22222222222223, "gpu_compute_utilization_percent_local_max": 84.0, "gpu_memory_controller_utilization_percent_local_min": 41.0, "gpu_memory_controller_utilization_percent_local_mean": 47.925925925925924, "gpu_memory_controller_utilization_percent_local_max": 51.0, "gpu_utilization_samples_local": 108.0}, {"step": 3400, "loss": 1.7367511987686157, "lr": 0.0001500375093773444, "accuracy": 0.4204687476158142, "accuracy_by_position": [0.4204687476158142], "grad_norm": 1.3958220481872559, "data_wait_ms": 6.8057581800349, "data_wait_percent": 3.1354103925121612, "step_time_ms": 217.06116035999912, "sequence_length": 75, "accuracy_position_0": 0.4204687476158142, "gpu_compute_utilization_percent_local_min": 72.0, "gpu_compute_utilization_percent_local_mean": 79.74311926605505, "gpu_compute_utilization_percent_local_max": 84.0, "gpu_memory_controller_utilization_percent_local_min": 42.0, "gpu_memory_controller_utilization_percent_local_mean": 47.71559633027523, "gpu_memory_controller_utilization_percent_local_max": 53.0, "gpu_utilization_samples_local": 109.0}, {"step": 3500, "loss": 1.5627957582473755, "lr": 0.00012503125781445357, "accuracy": 0.4146093726158142, "accuracy_by_position": [0.4146093726158142], "grad_norm": 1.3179935216903687, "data_wait_ms": 6.572618930040335, "data_wait_percent": 3.045558342830716, "step_time_ms": 215.80998260999877, "sequence_length": 78, "accuracy_position_0": 0.4146093726158142, "gpu_compute_utilization_percent_local_min": 71.0, "gpu_compute_utilization_percent_local_mean": 80.18518518518519, "gpu_compute_utilization_percent_local_max": 85.0, "gpu_memory_controller_utilization_percent_local_min": 42.0, "gpu_memory_controller_utilization_percent_local_mean": 47.94444444444444, "gpu_memory_controller_utilization_percent_local_max": 52.0, "gpu_utilization_samples_local": 108.0}, {"step": 3600, "loss": 1.7970455884933472, "lr": 0.00010002500625156286, "accuracy": 0.4122656285762787, "accuracy_by_position": [0.4122656285762787], "grad_norm": 1.5066627264022827, "data_wait_ms": 6.774109949992635, "data_wait_percent": 3.129352664185248, "step_time_ms": 216.47000760000083, "sequence_length": 74, "accuracy_position_0": 0.4122656285762787, "gpu_compute_utilization_percent_local_min": 71.0, "gpu_compute_utilization_percent_local_mean": 79.90825688073394, "gpu_compute_utilization_percent_local_max": 84.0, "gpu_memory_controller_utilization_percent_local_min": 41.0, "gpu_memory_controller_utilization_percent_local_mean": 47.72477064220183, "gpu_memory_controller_utilization_percent_local_max": 51.0, "gpu_utilization_samples_local": 109.0}, {"step": 3700, "loss": 1.5674790143966675, "lr": 7.501875468867214e-05, "accuracy": 0.4216406047344208, "accuracy_by_position": [0.4216406047344208], "grad_norm": 1.3639534711837769, "data_wait_ms": 6.6775775300175155, "data_wait_percent": 3.083779843534351, "step_time_ms": 216.53872418999526, "sequence_length": 73, "accuracy_position_0": 0.4216406047344208, "gpu_compute_utilization_percent_local_min": 68.0, "gpu_compute_utilization_percent_local_mean": 79.97247706422019, "gpu_compute_utilization_percent_local_max": 84.0, "gpu_memory_controller_utilization_percent_local_min": 43.0, "gpu_memory_controller_utilization_percent_local_mean": 47.91743119266055, "gpu_memory_controller_utilization_percent_local_max": 52.0, "gpu_utilization_samples_local": 109.0}, {"step": 3800, "loss": 1.684797763824463, "lr": 5.001250312578143e-05, "accuracy": 0.42578125, "accuracy_by_position": [0.42578125], "grad_norm": 1.3858094215393066, "data_wait_ms": 6.607223490036631, "data_wait_percent": 3.054825791659137, "step_time_ms": 216.2880616000075, "sequence_length": 80, "accuracy_position_0": 0.42578125, "gpu_compute_utilization_percent_local_min": 73.0, "gpu_compute_utilization_percent_local_mean": 80.14814814814815, "gpu_compute_utilization_percent_local_max": 85.0, "gpu_memory_controller_utilization_percent_local_min": 43.0, "gpu_memory_controller_utilization_percent_local_mean": 48.03703703703704, "gpu_memory_controller_utilization_percent_local_max": 52.0, "gpu_utilization_samples_local": 108.0}, {"step": 3900, "loss": 1.5777385234832764, "lr": 2.5006251562890714e-05, "accuracy": 0.420234352350235, "accuracy_by_position": [0.420234352350235], "grad_norm": 1.2709331512451172, "data_wait_ms": 6.545211909997306, "data_wait_percent": 3.017747188290201, "step_time_ms": 216.89066384999933, "sequence_length": 75, "accuracy_position_0": 0.420234352350235, "gpu_compute_utilization_percent_local_min": 36.0, "gpu_compute_utilization_percent_local_mean": 79.63302752293578, "gpu_compute_utilization_percent_local_max": 85.0, "gpu_memory_controller_utilization_percent_local_min": 17.0, "gpu_memory_controller_utilization_percent_local_mean": 47.57798165137615, "gpu_memory_controller_utilization_percent_local_max": 52.0, "gpu_utilization_samples_local": 109.0}, {"step": 4000, "loss": 1.6584322452545166, "lr": 0.0, "accuracy": 0.410468727350235, "accuracy_by_position": [0.410468727350235], "grad_norm": 1.3724536895751953, "data_wait_ms": 6.606013339978745, "data_wait_percent": 3.0661371052943025, "step_time_ms": 215.45068315999742, "sequence_length": 76, "accuracy_position_0": 0.410468727350235, "gpu_compute_utilization_percent_local_min": 36.0, "gpu_compute_utilization_percent_local_mean": 79.60185185185185, "gpu_compute_utilization_percent_local_max": 84.0, "gpu_memory_controller_utilization_percent_local_min": 17.0, "gpu_memory_controller_utilization_percent_local_mean": 47.4537037037037, "gpu_memory_controller_utilization_percent_local_max": 52.0, "gpu_utilization_samples_local": 108.0}], "batch_size": 128, "evaluation_batch_size": 3072, "steps": 4000, "resumed_from_step": 0, "recovery_checkpoints_saved": 3, "trainable_parameters": 257386, "monitoring": {"train": {"event": "probe_train", "step": 4000, "steps_total": 4000, "progress_percent": 100.0, "elapsed_seconds": 861.474, "eta_seconds": 0.0, "items_processed": 512000, "items_per_sec": 594.33, "tokens_processed": 39447040, "tokens_per_sec": 45790.174, "loss": 1.6584322452545166, "lr": 0.0, "accuracy": 0.410468727350235, "accuracy_by_position": [0.410468727350235], "grad_norm": 1.3724536895751953, "data_wait_ms": 6.606013339978745, "data_wait_percent": 3.0661371052943025, "step_time_ms": 215.45068315999742, "sequence_length": 76, "accuracy_position_0": 0.410468727350235, "gpu_compute_utilization_percent_local_min": 36.0, "gpu_compute_utilization_percent_local_mean": 79.60185185185185, "gpu_compute_utilization_percent_local_max": 84.0, "gpu_memory_controller_utilization_percent_local_min": 17.0, "gpu_memory_controller_utilization_percent_local_mean": 47.4537037037037, "gpu_memory_controller_utilization_percent_local_max": 52.0, "gpu_utilization_samples_local": 108.0, "gpu_memory_allocated_mb": 1141.35, "gpu_memory_reserved_mb": 13100.0, "gpu_peak_memory_allocated_mb": 9088.34, "gpu_memory_allocated_mb_max": 1141.35, "gpu_memory_reserved_mb_max": 13100.0, "gpu_peak_memory_allocated_mb_max": 9088.34, "gpu_memory_allocated_mb_total": 1141.35, "gpu_memory_reserved_mb_total": 13100.0, "gpu_memory_capacity_mb_max": 24217.31, "gpu_memory_capacity_mb_total": 24217.31, "gpu_memory_current_percent_max": 4.71, "gpu_memory_reserved_percent_max": 54.09, "gpu_memory_peak_percent_max": 37.53, "monitored_world_size": 1}, "train_evaluation": {}, "validation": {"event": "ground_truth_probe_validation", "step": 98, "batch": 98, "batches_total": 98, "progress_percent": 100.0, "elapsed_seconds": 187.339, "eta_seconds": 0.0, "items_processed": 300708, "items_per_sec": 1605.152, "tokens_processed": 24342336, "tokens_per_sec": 129937.151, "accuracy_running": 0.36754259946526197, "accuracy_by_position_running": [0.23237160301688017, 0.23690091384332973, 0.23316971946206952, 0.23538449259746996, 0.2674288678718225, 1.0], "gpu_memory_allocated_mb": 1141.17, "gpu_memory_reserved_mb": 14920.0, "gpu_peak_memory_allocated_mb": 9223.12, "gpu_memory_allocated_mb_max": 1141.17, "gpu_memory_reserved_mb_max": 14920.0, "gpu_peak_memory_allocated_mb_max": 9223.12, "gpu_memory_allocated_mb_total": 1141.17, "gpu_memory_reserved_mb_total": 14920.0, "gpu_memory_capacity_mb_max": 24217.31, "gpu_memory_capacity_mb_total": 24217.31, "gpu_memory_current_percent_max": 4.71, "gpu_memory_reserved_percent_max": 61.61, "gpu_memory_peak_percent_max": 38.08, "monitored_world_size": 1}}, "protocol": "ground_truth_first_whole_rank_matched_v1", "kind": "p", "attribute": "company_city", "rank": 2, "max_validation_examples": null, "seed": 1337, "reference_whole_probe_checkpoint": "/data/mini-train-sys/artifacts/synbios_moe/results/single_fsdp_4gpu/probe_pipeline/formal/training/p_company_city_whole.pt", "reference_whole_probe_checkpoint_sha256": "7f01ede2d59ec6d1645d15d52023e8af15b7fa11625aff8d2d91e5bb028326cf", "reference_whole_probe_rank": 2, "probe_cache_manifest_sha256": "9dcfd2cff38d6f3d29d7f10c2a3247b634f31395b3cda3755a755c8964ffaf5b", "backbone_checkpoint": "/data/mini-train-sys/artifacts/synbios_moe/checkpoints/synbios_moe_single_fsdp_4gpu/epoch_000540_step_000017280", "target": "whole", "class_names": ["Albany, GA", "Albany1, GA", "Albany2, GA", "Albany3, GA", "Albany4, GA", "Albany5, GA", "Albany6, GA", "Albany7, GA", "Albany8, GA", "Albany9, GA", "Atlanta, TX", "Atlanta1, TX", "Atlanta2, TX", "Atlanta3, TX", "Atlanta4, TX", "Atlanta5, TX", "Atlanta6, TX", "Atlanta7, TX", "Atlanta8, TX", "Atlanta9, TX", "Austin, MA", "Austin1, MA", "Austin2, MA", "Austin3, MA", "Austin4, MA", "Austin5, MA", "Austin6, MA", "Austin7, MA", "Austin8, MA", "Austin9, MA", "Boston, NY", "Boston1, NY", "Boston2, NY", "Boston3, NY", "Boston4, NY", "Boston5, NY", "Boston6, NY", "Boston7, NY", "Boston8, NY", "Boston9, NY", "Cambridge, NY", "Cambridge1, NY", "Cambridge2, NY", "Cambridge3, NY", "Cambridge4, NY", "Cambridge5, NY", "Cambridge6, NY", "Cambridge7, NY", "Cambridge8, NY", "Cambridge9, NY", "Chicago, CA", "Chicago1, CA", "Chicago2, CA", "Chicago3, CA", "Chicago4, CA", "Chicago5, CA", "Chicago6, CA", "Chicago7, CA", "Chicago8, CA", "Chicago9, CA", "Dallas, WA", "Dallas1, WA", "Dallas2, WA", "Dallas3, WA", "Dallas4, WA", "Dallas5, WA", "Dallas6, WA", "Dallas7, WA", "Dallas8, WA", "Dallas9, WA", "Denver, WA", "Denver1, WA", "Denver2, WA", "Denver3, WA", "Denver4, WA", "Denver5, WA", "Denver6, WA", "Denver7, WA", "Denver8, WA", "Denver9, WA", "Durham, GA", "Durham1, GA", "Durham2, GA", "Durham3, GA", "Durham4, GA", "Durham5, GA", "Durham6, GA", "Durham7, GA", "Durham8, GA", "Durham9, GA", "Fresno, OH", "Fresno1, OH", "Fresno2, OH", "Fresno3, OH", "Fresno4, OH", "Fresno5, OH", "Fresno6, OH", "Fresno7, OH", "Fresno8, OH", "Fresno9, OH", "Madison, PA", "Madison1, PA", "Madison2, PA", "Madison3, PA", "Madison4, PA", "Madison5, PA", "Madison6, PA", "Madison7, PA", "Madison8, PA", "Madison9, PA", "Miami, IL", "Miami1, IL", "Miami2, IL", "Miami3, IL", "Miami4, IL", "Miami5, IL", "Miami6, IL", "Miami7, IL", "Miami8, IL", "Miami9, IL", "New York, NY", "Oakland, MA", "Oakland1, MA", "Oakland2, MA", "Oakland3, MA", "Oakland4, MA", "Oakland5, MA", "Oakland6, MA", "Oakland7, MA", "Oakland8, MA", "Oakland9, MA", "Orlando, PA", "Orlando1, PA", "Orlando2, PA", "Orlando3, PA", "Orlando4, PA", "Orlando5, PA", "Orlando6, PA", "Orlando7, PA", "Orlando8, PA", "Orlando9, PA", "Phoenix, IL", "Phoenix1, IL", "Phoenix2, IL", "Phoenix3, IL", "Phoenix4, IL", "Phoenix5, IL", "Phoenix6, IL", "Phoenix7, IL", "Phoenix8, IL", "Phoenix9, IL", "Portland, OH", "Portland1, OH", "Portland2, OH", "Portland3, OH", "Portland4, OH", "Portland5, OH", "Portland6, OH", "Portland7, OH", "Portland8, OH", "Portland9, OH", "Princeton1, CA", "Princeton2, CA", "Princeton3, CA", "Princeton4, CA", "Princeton5, CA", "Princeton6, CA", "Princeton7, CA", "Princeton8, CA", "Princeton9, CA", "Raleigh, NC", "Raleigh1, NC", "Raleigh2, NC", "Raleigh3, NC", "Raleigh4, NC", "Raleigh5, NC", "Raleigh6, NC", "Raleigh7, NC", "Raleigh8, NC", "Raleigh9, NC", "Seattle, TX", "Seattle1, TX", "Seattle2, TX", "Seattle3, TX", "Seattle4, TX", "Seattle5, TX", "Seattle6, TX", "Seattle7, TX", "Seattle8, TX", "Seattle9, TX", "Tacoma, NC", "Tacoma1, NC", "Tacoma2, NC", "Tacoma3, NC", "Tacoma4, NC", "Tacoma5, NC", "Tacoma6, NC", "Tacoma7, NC", "Tacoma8, NC", "Tacoma9, NC"], "classes": 200, "first_token_class_names": ["10656", "10727", "12369", "13117", "14457", "14909", "23173", "29285", "30928", "34520", "39927", "45132", "4842", "6182", "7312", "8437", "8533", "9371", "9533", "9643", "968"], "first_token_text": {"10656": " Denver", "10727": " Portland", "12369": " Oakland", "13117": " Orlando", "14457": " Cambridge", "14909": " Madison", "23173": " Princeton", "29285": " Albany", "30928": " Durham", "34520": " Raleigh", "39927": " Fresno", "45132": " Tacoma", "4842": " Chicago", "6182": " Boston", "7312": " Seattle", "8437": " Miami", "8533": " Dallas", "9371": " Atlanta", "9533": " Austin", "9643": " Phoenix", "968": " New"}, "ground_truth_first_token": true, "ground_truth_first_accuracy_by_position": [1.0, 1.0, 1.0, 1.0, 1.0, 1.0], "whole_accuracy_validation_by_source_position": [0.23237160301688017, 0.23690091384332973, 0.23316971946206952, 0.23538449259746996, 0.2674288678718225, 1.0], "whole_correct_validation_by_source_position": [11646, 11873, 11686, 11797, 13403, 50118], "whole_total_validation_by_source_position": [50118, 50118, 50118, 50118, 50118, 50118], "validation_examples_total": 300708, "validation_examples_evaluated": 300708, "input_protocol": "P: biography prefix through original pre-attribute readout, append cached ground-truth leading-space t1, read t1 final-layer hidden", "backbone_parameters_updated": false, "architecture_match": {"probe_class": "AttributeProbe", "rank": 2, "reference_rank": 2, "low_rank_embedding_delta": true, "normalizer": "LayerNorm", "classifier_classes": 200}, "alignment_checks": {"first_whole_sample_indices_equal": true, "first_whole_profile_indices_equal": true, "first_whole_token_offsets_equal": true, "first_whole_readout_positions_equal": true, "person_disjoint_cache_split": true}, "stage_two_trainable_components": ["low_rank_embedding_delta", "normalizer", "whole_classifier"], "data": "/data/mini-train-sys/artifacts/synbios_moe/single", "probe_cache": "/data/mini-train-sys/artifacts/synbios_moe/single/probe_cache", "probe_dir": "/data/mini-train-sys/artifacts/synbios_moe/results/single_fsdp_4gpu/probe_pipeline/formal/training", "checkpoint": "/data/mini-train-sys/artifacts/synbios_moe/checkpoints/synbios_moe_single_fsdp_4gpu/epoch_000540_step_000017280", "model_parameters": {"total": 293494272, "active_estimate": 123624960}, "provenance": {"python_version": "3.10.12", "torch_version": "2.5.1+cu118", "cuda_runtime": "11.8", "hostname": "ml-ubuntu22-04-desktop-v3-2-128gb-25m", "platform": "Linux-5.15.0-72-generic-x86_64-with-glibc2.35", "git_revision": "69fb61dc5128b168728319f052eb9b9986609e75", "git_branch": "train", "git_dirty": true, "world_size": 1}, "log_dir": "artifacts/synbios_moe/results/single_fsdp_4gpu/probe_pipeline/formal/diagnostics/ground_truth_first_whole_p_pilot4000_20260726T033800Z/operation_logs/synbios_p_ground_truth_first_whole_p_company_city/20260726-115459"}
{
  "schema_version": 2,
  "protocol": "ground_truth_first_whole_rank_matched_v1",
  "condition": "single",
  "identity": {
    "data": "/data/mini-train-sys/artifacts/synbios_moe/single",
    "probe_cache": "/data/mini-train-sys/artifacts/synbios_moe/single/probe_cache",
    "probe_dir": "/data/mini-train-sys/artifacts/synbios_moe/results/single_fsdp_4gpu/probe_pipeline/formal/training",
    "checkpoint": "/data/mini-train-sys/artifacts/synbios_moe/checkpoints/synbios_moe_single_fsdp_4gpu/epoch_000540_step_000017280",
    "probe_cache_manifest_sha256": "9dcfd2cff38d6f3d29d7f10c2a3247b634f31395b3cda3755a755c8964ffaf5b"
  },
  "tasks": 5,
  "baseline": {
    "summary": "/data/mini-train-sys/artifacts/synbios_moe/results/single_fsdp_4gpu/probe_pipeline/formal/summary/summary.json",
    "sha256": "bf2757a303efa261a970e315782f9523ac855f0ac9687e76c08f70f0d3ac054a",
    "protocol": "original_formal_whole_probe"
  },
  "rows": [
    {
      "kind": "p",
      "attribute": "birth_city",
      "source_position": 0,
      "source_position_label": "birth date",
      "first_accuracy": 1.0,
      "original_whole_accuracy": 0.0071032363921403885,
      "whole_accuracy": 0.14836984716070076,
      "delta_vs_original_whole": 0.14126661076856037,
      "recovery_gap": -0.8516301528392992,
      "classes": 200,
      "steps": 4000,
      "batch_size": 128
    },
    {
      "kind": "p",
      "attribute": "birth_city",
      "source_position": 1,
      "source_position_label": "birth city",
      "first_accuracy": 1.0,
      "original_whole_accuracy": 0.5255995988845825,
      "whole_accuracy": 0.9755975896883355,
      "delta_vs_original_whole": 0.449997990803753,
      "recovery_gap": -0.024402410311664458,
      "classes": 200,
      "steps": 4000,
      "batch_size": 128
    },
    {
      "kind": "p",
      "attribute": "birth_city",
      "source_position": 2,
      "source_position_label": "university",
      "first_accuracy": 1.0,
      "original_whole_accuracy": 0.9973263144493103,
      "whole_accuracy": 0.9640448541442196,
      "delta_vs_original_whole": -0.033281460305090715,
      "recovery_gap": -0.03595514585578041,
      "classes": 200,
      "steps": 4000,
      "batch_size": 128
    },
    {
      "kind": "p",
      "attribute": "birth_city",
      "source_position": 3,
      "source_position_label": "major",
      "first_accuracy": 1.0,
      "original_whole_accuracy": 0.9968873262405396,
      "whole_accuracy": 0.9814637455604772,
      "delta_vs_original_whole": -0.015423580680062332,
      "recovery_gap": -0.01853625443952278,
      "classes": 200,
      "steps": 4000,
      "batch_size": 128
    },
    {
      "kind": "p",
      "attribute": "birth_city",
      "source_position": 4,
      "source_position_label": "company",
      "first_accuracy": 1.0,
      "original_whole_accuracy": 0.9969272613525391,
      "whole_accuracy": 0.9839179536294346,
      "delta_vs_original_whole": -0.01300930772310449,
      "recovery_gap": -0.016082046370565428,
      "classes": 200,
      "steps": 4000,
      "batch_size": 128
    },
    {
      "kind": "p",
      "attribute": "birth_city",
      "source_position": 5,
      "source_position_label": "company city",
      "first_accuracy": 1.0,
      "original_whole_accuracy": 0.9970070719718933,
      "whole_accuracy": 0.9661598627239715,
      "delta_vs_original_whole": -0.030847209247921836,
      "recovery_gap": -0.033840137276028526,
      "classes": 200,
      "steps": 4000,
      "batch_size": 128
    },
    {
      "kind": "p",
      "attribute": "university",
      "source_position": 0,
      "source_position_label": "birth date",
      "first_accuracy": 1.0,
      "original_whole_accuracy": 0.003731194417923689,
      "whole_accuracy": 0.0805698551418652,
      "delta_vs_original_whole": 0.07683866072394151,
      "recovery_gap": -0.9194301448581348,
      "classes": 300,
      "steps": 4000,
      "batch_size": 128
    },
    {
      "kind": "p",
      "attribute": "university",
      "source_position": 1,
      "source_position_label": "birth city",
      "first_accuracy": 1.0,
      "original_whole_accuracy": 0.013887226581573486,
      "whole_accuracy": 0.09900634502573925,
      "delta_vs_original_whole": 0.08511911844416577,
      "recovery_gap": -0.9009936549742608,
      "classes": 300,
      "steps": 4000,
      "batch_size": 128
    },
    {
      "kind": "p",
      "attribute": "university",
      "source_position": 2,
      "source_position_label": "university",
      "first_accuracy": 1.0,
      "original_whole_accuracy": 0.1286962777376175,
      "whole_accuracy": 0.94227622810168,
      "delta_vs_original_whole": 0.8135799503640625,
      "recovery_gap": -0.05772377189832001,
      "classes": 300,
      "steps": 4000,
      "batch_size": 128
    },
    {
      "kind": "p",
      "attribute": "university",
      "source_position": 3,
      "source_position_label": "major",
      "first_accuracy": 1.0,
      "original_whole_accuracy": 0.9961091876029968,
      "whole_accuracy": 0.9714673370844806,
      "delta_vs_original_whole": -0.024641850518516195,
      "recovery_gap": -0.02853266291551937,
      "classes": 300,
      "steps": 4000,
      "batch_size": 128
    },
    {
      "kind": "p",
      "attribute": "university",
      "source_position": 4,
      "source_position_label": "company",
      "first_accuracy": 1.0,
      "original_whole_accuracy": 0.9969472289085388,
      "whole_accuracy": 0.9833193662955425,
      "delta_vs_original_whole": -0.013627862612996311,
      "recovery_gap": -0.016680633704457493,
      "classes": 300,
      "steps": 4000,
      "batch_size": 128
    },
    {
      "kind": "p",
      "attribute": "university",
      "source_position": 5,
      "source_position_label": "company city",
      "first_accuracy": 1.0,
      "original_whole_accuracy": 0.998623251914978,
      "whole_accuracy": 0.9833193662955425,
      "delta_vs_original_whole": -0.01530388561943552,
      "recovery_gap": -0.016680633704457493,
      "classes": 300,
      "steps": 4000,
      "batch_size": 128
    },
    {
      "kind": "p",
      "attribute": "major",
      "source_position": 0,
      "source_position_label": "birth date",
      "first_accuracy": 1.0,
      "original_whole_accuracy": 0.012071510776877403,
      "whole_accuracy": 0.21820503611476916,
      "delta_vs_original_whole": 0.20613352533789175,
      "recovery_gap": -0.7817949638852308,
      "classes": 100,
      "steps": 4000,
      "batch_size": 128
    },
    {
      "kind": "p",
      "attribute": "major",
      "source_position": 1,
      "source_position_label": "birth city",
      "first_accuracy": 1.0,
      "original_whole_accuracy": 0.017239315435290337,
      "whole_accuracy": 0.29035476275988664,
      "delta_vs_original_whole": 0.2731154473245963,
      "recovery_gap": -0.7096452372401134,
      "classes": 100,
      "steps": 4000,
      "batch_size": 128
    },
    {
      "kind": "p",
      "attribute": "major",
      "source_position": 2,
      "source_position_label": "university",
      "first_accuracy": 1.0,
      "original_whole_accuracy": 0.01927451230585575,
      "whole_accuracy": 0.2919709485613951,
      "delta_vs_original_whole": 0.27269643625553935,
      "recovery_gap": -0.708029051438605,
      "classes": 100,
      "steps": 4000,
      "batch_size": 128
    },
    {
      "kind": "p",
      "attribute": "major",
      "source_position": 3,
      "source_position_label": "major",
      "first_accuracy": 1.0,
      "original_whole_accuracy": 0.7707011699676514,
      "whole_accuracy": 0.883654575202522,
      "delta_vs_original_whole": 0.11295340523487063,
      "recovery_gap": -0.116345424797478,
      "classes": 100,
      "steps": 4000,
      "batch_size": 128
    },
    {
      "kind": "p",
      "attribute": "major",
      "source_position": 4,
      "source_position_label": "company",
      "first_accuracy": 1.0,
      "original_whole_accuracy": 0.9962488412857056,
      "whole_accuracy": 0.9073386807135161,
      "delta_vs_original_whole": -0.08891016057218948,
      "recovery_gap": -0.09266131928648391,
      "classes": 100,
      "steps": 4000,
      "batch_size": 128
    },
    {
      "kind": "p",
      "attribute": "major",
      "source_position": 5,
      "source_position_label": "company city",
      "first_accuracy": 1.0,
      "original_whole_accuracy": 0.9651222825050354,
      "whole_accuracy": 0.7365218085318648,
      "delta_vs_original_whole": -0.22860047397317063,
      "recovery_gap": -0.2634781914681352,
      "classes": 100,
      "steps": 4000,
      "batch_size": 128
    },
    {
      "kind": "p",
      "attribute": "company",
      "source_position": 0,
      "source_position_label": "birth date",
      "first_accuracy": 1.0,
      "original_whole_accuracy": 0.004210064187645912,
      "whole_accuracy": 0.08142783032044375,
      "delta_vs_original_whole": 0.07721776613279784,
      "recovery_gap": -0.9185721696795562,
      "classes": 263,
      "steps": 4000,
      "batch_size": 128
    },
    {
      "kind": "p",
      "attribute": "company",
      "source_position": 1,
      "source_position_label": "birth city",
      "first_accuracy": 1.0,
      "original_whole_accuracy": 0.005087992176413536,
      "whole_accuracy": 0.09776926453569576,
      "delta_vs_original_whole": 0.09268127235928222,
      "recovery_gap": -0.9022307354643042,
      "classes": 263,
      "steps": 4000,
      "batch_size": 128
    },
    {
      "kind": "p",
      "attribute": "company",
      "source_position": 2,
      "source_position_label": "university",
      "first_accuracy": 1.0,
      "original_whole_accuracy": 0.004908415954560041,
      "whole_accuracy": 0.10718703858893013,
      "delta_vs_original_whole": 0.10227862263437008,
      "recovery_gap": -0.8928129614110699,
      "classes": 263,
      "steps": 4000,
      "batch_size": 128
    },
    {
      "kind": "p",
      "attribute": "company",
      "source_position": 3,
      "source_position_label": "major",
      "first_accuracy": 1.0,
      "original_whole_accuracy": 0.006145496852695942,
      "whole_accuracy": 0.1493475398060577,
      "delta_vs_original_whole": 0.14320204295336175,
      "recovery_gap": -0.8506524601939423,
      "classes": 263,
      "steps": 4000,
      "batch_size": 128
    },
    {
      "kind": "p",
      "attribute": "company",
      "source_position": 4,
      "source_position_label": "company",
      "first_accuracy": 1.0,
      "original_whole_accuracy": 0.1354004591703415,
      "whole_accuracy": 0.9029689931761044,
      "delta_vs_original_whole": 0.7675685340057629,
      "recovery_gap": -0.09703100682389565,
      "classes": 263,
      "steps": 4000,
      "batch_size": 128
    },
    {
      "kind": "p",
      "attribute": "company",
      "source_position": 5,
      "source_position_label": "company city",
      "first_accuracy": 1.0,
      "original_whole_accuracy": 0.999800443649292,
      "whole_accuracy": 0.9902430264575601,
      "delta_vs_original_whole": -0.009557417191731865,
      "recovery_gap": -0.009756973542439873,
      "classes": 263,
      "steps": 4000,
      "batch_size": 128
    },
    {
      "kind": "p",
      "attribute": "company_city",
      "source_position": 0,
      "source_position_label": "birth date",
      "first_accuracy": 1.0,
      "original_whole_accuracy": 0.1309908628463745,
      "whole_accuracy": 0.23237160301688017,
      "delta_vs_original_whole": 0.10138074017050566,
      "recovery_gap": -0.7676283969831198,
      "classes": 200,
      "steps": 4000,
      "batch_size": 128
    },
    {
      "kind": "p",
      "attribute": "company_city",
      "source_position": 1,
      "source_position_label": "birth city",
      "first_accuracy": 1.0,
      "original_whole_accuracy": 0.13420328497886658,
      "whole_accuracy": 0.23690091384332973,
      "delta_vs_original_whole": 0.10269762886446315,
      "recovery_gap": -0.7630990861566702,
      "classes": 200,
      "steps": 4000,
      "batch_size": 128
    },
    {
      "kind": "p",
      "attribute": "company_city",
      "source_position": 2,
      "source_position_label": "university",
      "first_accuracy": 1.0,
      "original_whole_accuracy": 0.13404366374015808,
      "whole_accuracy": 0.23316971946206952,
      "delta_vs_original_whole": 0.09912605572191144,
      "recovery_gap": -0.7668302805379305,
      "classes": 200,
      "steps": 4000,
      "batch_size": 128
    },
    {
      "kind": "p",
      "attribute": "company_city",
      "source_position": 3,
      "source_position_label": "major",
      "first_accuracy": 1.0,
      "original_whole_accuracy": 0.1323077529668808,
      "whole_accuracy": 0.23538449259746996,
      "delta_vs_original_whole": 0.10307673963058916,
      "recovery_gap": -0.76461550740253,
      "classes": 200,
      "steps": 4000,
      "batch_size": 128
    },
    {
      "kind": "p",
      "attribute": "company_city",
      "source_position": 4,
      "source_position_label": "company",
      "first_accuracy": 1.0,
      "original_whole_accuracy": 0.14180533587932587,
      "whole_accuracy": 0.2674288678718225,
      "delta_vs_original_whole": 0.12562353199249665,
      "recovery_gap": -0.7325711321281775,
      "classes": 200,
      "steps": 4000,
      "batch_size": 128
    },
    {
      "kind": "p",
      "attribute": "company_city",
      "source_position": 5,
      "source_position_label": "company city",
      "first_accuracy": 1.0,
      "original_whole_accuracy": 1.0,
      "whole_accuracy": 1.0,
      "delta_vs_original_whole": 0.0,
      "recovery_gap": 0.0,
      "classes": 200,
      "steps": 4000,
      "batch_size": 128
    }
  ],
  "figures": [
    "figures/ground_truth_first_p_overview.png",
    "figures/ground_truth_first_p_overview.pdf"
  ]
}
