{
  "protocol": "progressive_original_biography_cloze_greedy",
  "protocol_note": "the six source fact spans are removed and generated in their original text order; earlier predictions replace earlier holes before later fields are generated",
  "start_index": 250000,
  "biographies": 125000,
  "fields": 750000,
  "attribute_accuracy": {
    "birth_date": 0.999976,
    "birth_city": 0.999968,
    "university": 0.999944,
    "major": 0.999776,
    "company": 0.999928,
    "company_city": 0.999928
  },
  "attribute_mean_character_similarity": {
    "birth_date": 0.9999842619047619,
    "birth_city": 0.9999796363636362,
    "university": 0.9999806385964912,
    "major": 0.9998130308430303,
    "company": 0.99997133999334,
    "company_city": 0.9999477575757576
  },
  "mean_character_similarity": 0.9999461108795029,
  "fuzzy_accuracy_by_threshold": {
    "0.5": {
      "birth_date": 0.999976,
      "birth_city": 0.999976,
      "university": 1.0,
      "major": 0.999776,
      "company": 0.999992,
      "company_city": 0.999936
    },
    "0.8": {
      "birth_date": 0.999976,
      "birth_city": 0.999968,
      "university": 0.999944,
      "major": 0.999776,
      "company": 0.999936,
      "company_city": 0.999928
    },
    "0.9": {
      "birth_date": 0.999976,
      "birth_city": 0.999968,
      "university": 0.999944,
      "major": 0.999776,
      "company": 0.999928,
      "company_city": 0.999928
    }
  },
  "micro_fuzzy_accuracy_by_threshold": {
    "0.5": 0.9999426666666666,
    "0.8": 0.9999213333333333,
    "0.9": 0.99992
  },
  "micro_field_accuracy": 0.99992,
  "biography_all_fields_accuracy": 0.999688,
  "mean_correct_fields_per_biography": 5.99952,
  "biography_correct_field_count_histogram": {
    "0": 1,
    "1": 1,
    "2": 1,
    "3": 3,
    "4": 3,
    "5": 30,
    "6": 124961
  },
  "correct_fields": {
    "birth_date": 124997,
    "birth_city": 124996,
    "university": 124993,
    "major": 124972,
    "company": 124991,
    "company_city": 124991
  },
  "total_fields": {
    "birth_date": 125000,
    "birth_city": 125000,
    "university": 125000,
    "major": 125000,
    "company": 125000,
    "company_city": 125000
  },
  "unterminated_fields": 0,
  "elapsed_seconds": 2424.622090236,
  "biographies_per_second": 51.5544259467805,
  "model_tokens_processed": 167961885,
  "samples": [
    {
      "person_id": 50000,
      "original_text": "Jonah17 Alexa12 Lane5 had a professional role at Ward9 Group. Notably, She studied History2. In life, She was born on April 9, 1982. It is recorded that She calls Madison7, PA a birthplace. Public records show She received mentorship at Denver8 University. In particular, She was professionally based in Albany5, GA.",
      "filled_text": "Jonah17 Alexa12 Lane5 had a professional role at Ward9 Group. Notably, She studied History2. In life, She was born on April 9, 1982. It is recorded that She calls Madison7, PA a birthplace. Public records show She received mentorship at Denver8 University. In particular, She was professionally based in Albany5, GA.",
      "expected": {
        "company": "Ward9 Group",
        "major": "History2",
        "birth_date": "April 9, 1982",
        "birth_city": "Madison7, PA",
        "university": "Denver8 University",
        "company_city": "Albany5, GA"
      },
      "predicted": {
        "company": "Ward9 Group",
        "major": "History2",
        "birth_date": "April 9, 1982",
        "birth_city": "Madison7, PA",
        "university": "Denver8 University",
        "company_city": "Albany5, GA"
      },
      "correct": {
        "company": true,
        "major": true,
        "birth_date": true,
        "birth_city": true,
        "university": true,
        "company_city": true
      },
      "character_similarity": {
        "company": 1.0,
        "major": 1.0,
        "birth_date": 1.0,
        "birth_city": 1.0,
        "university": 1.0,
        "company_city": 1.0
      },
      "exact_fields": 6
    },
    {
      "person_id": 50000,
      "original_text": "Jonah17 Alexa12 Lane5 owes early roots to Madison7, PA. Public records show She has an annual celebration on April 9, 1982. Biographical notes say She attended Denver8 University. Notably, She was professionally based in Albany5, GA. Notably, She had a professional role at Ward9 Group. In particular, She developed a foundation in History2.",
      "filled_text": "Jonah17 Alexa12 Lane5 owes early roots to Madison7, PA. Public records show She has an annual celebration on April 9, 1982. Biographical notes say She attended Denver8 University. Notably, She was professionally based in Albany5, GA. Notably, She had a professional role at Ward9 Group. In particular, She developed a foundation in History2.",
      "expected": {
        "birth_city": "Madison7, PA",
        "birth_date": "April 9, 1982",
        "university": "Denver8 University",
        "company_city": "Albany5, GA",
        "company": "Ward9 Group",
        "major": "History2"
      },
      "predicted": {
        "birth_city": "Madison7, PA",
        "birth_date": "April 9, 1982",
        "university": "Denver8 University",
        "company_city": "Albany5, GA",
        "company": "Ward9 Group",
        "major": "History2"
      },
      "correct": {
        "birth_city": true,
        "birth_date": true,
        "university": true,
        "company_city": true,
        "company": true,
        "major": true
      },
      "character_similarity": {
        "birth_city": 1.0,
        "birth_date": 1.0,
        "university": 1.0,
        "company_city": 1.0,
        "company": 1.0,
        "major": 1.0
      },
      "exact_fields": 6
    },
    {
      "person_id": 50000,
      "original_text": "Biographical notes say Jonah17 Alexa12 Lane5 developed a foundation in History2. It is recorded that She grew up in Madison7, PA. It is recorded that She worked in Albany5, GA. Notably, She studied at Denver8 University. In life, She worked for Ward9 Group. Notably, She celebrates a birthday on April 9, 1982.",
      "filled_text": "Biographical notes say Jonah17 Alexa12 Lane5 developed a foundation in History2. It is recorded that She grew up in Madison7, PA. It is recorded that She worked in Albany5, GA. Notably, She studied at Denver8 University. In life, She worked for Ward9 Group. Notably, She celebrates a birthday on April 9, 1982.",
      "expected": {
        "major": "History2",
        "birth_city": "Madison7, PA",
        "company_city": "Albany5, GA",
        "university": "Denver8 University",
        "company": "Ward9 Group",
        "birth_date": "April 9, 1982"
      },
      "predicted": {
        "major": "History2",
        "birth_city": "Madison7, PA",
        "company_city": "Albany5, GA",
        "university": "Denver8 University",
        "company": "Ward9 Group",
        "birth_date": "April 9, 1982"
      },
      "correct": {
        "major": true,
        "birth_city": true,
        "company_city": true,
        "university": true,
        "company": true,
        "birth_date": true
      },
      "character_similarity": {
        "major": 1.0,
        "birth_city": 1.0,
        "company_city": 1.0,
        "university": 1.0,
        "company": 1.0,
        "birth_date": 1.0
      },
      "exact_fields": 6
    },
    {
      "person_id": 50000,
      "original_text": "In particular, Jonah17 Alexa12 Lane5 was professionally based in Albany5, GA. In particular, She has an annual celebration on April 9, 1982. The profile states She studied at Denver8 University. Biographical notes say She was born in Madison7, PA. Public records show She specialized in History2. Public records show She was employed by Ward9 Group.",