{
  "schema_version": 1,
  "case_identity": "552e1bd4e85fe0b7284e6486ef6fa973d54b9587618962e85d52e9eaec2e1349",
  "timestamp_utc": "2026-07-20T19:53:12.789833+00:00",
  "strategy": "fsdp",
  "world_size": 4,
  "local_batch_size": 32,
  "global_batch_size": 128,
  "seq_len": 512,
  "global_tokens_per_step": 65536,
  "warmup_steps": 3,
  "measure_steps": 5,
  "repeat": 0,
  "parameter_count": 293494272,
  "precision": "bf16",
  "workers_per_rank": 4,
  "workers_per_node": 16,
  "prefetch_factor": 2,
  "step_time_ms_mean": 229.03211919947353,
  "step_time_ms_p50": 229.09608299960382,
  "step_time_ms_p95": 231.17536939898855,
  "throughput_tokens_per_sec": 286156.54797631205,
  "data_wait_ms_mean": 0.5803195996122668,
  "data_wait_ms_p95": 1.2017608001769986,
  "data_stall_percent": 0.2533791337392475,
  "peak_memory_allocated_mb": 6763.06103515625,
  "peak_memory_reserved_mb": 7990.0,
  "system_peak_memory_allocated_mb": 27049.9404296875,
  "system_peak_memory_reserved_mb": 31804.0,
  "gpu_memory_total_mb": 24217.3125,
  "system_gpu_memory_total_mb": 96869.25,
  "memory_utilization_percent": 27.92655475357247,
  "system_memory_utilization_percent": 27.9241765882233,
  "last_loss": 10.973052978515625,
  "torch_version": "2.5.1+cu118",
  "cuda_version": "11.8",
  "gpu_name": "NVIDIA GeForce RTX 4090"
}
