{
  "schema_version": 1,
  "case_identity": "b6a084defa9d1ae9120acf07b30a925ea70684243933ef8913112e1163bdbe76",
  "timestamp_utc": "2026-07-20T19:52:39.164713+00:00",
  "strategy": "fsdp",
  "world_size": 4,
  "local_batch_size": 8,
  "global_batch_size": 32,
  "seq_len": 512,
  "global_tokens_per_step": 16384,
  "warmup_steps": 3,
  "measure_steps": 5,
  "repeat": 0,
  "parameter_count": 293494272,
  "precision": "bf16",
  "workers_per_rank": 4,
  "workers_per_node": 16,
  "prefetch_factor": 2,
  "step_time_ms_mean": 160.20368139979837,
  "step_time_ms_p50": 160.27947399925324,
  "step_time_ms_p95": 161.2930837996828,
  "throughput_tokens_per_sec": 102273.0223970269,
  "data_wait_ms_mean": 0.2817955999489641,
  "data_wait_ms_p95": 0.3429113992751809,
  "data_stall_percent": 0.175898329855308,
  "peak_memory_allocated_mb": 2563.1103515625,
  "peak_memory_reserved_mb": 3496.0,
  "system_peak_memory_allocated_mb": 10242.68798828125,
  "system_peak_memory_reserved_mb": 13978.0,
  "gpu_memory_total_mb": 24217.3125,
  "system_gpu_memory_total_mb": 96869.25,
  "memory_utilization_percent": 10.583793521938077,
  "system_memory_utilization_percent": 10.573724879960617,
  "last_loss": 10.981634140014648,
  "torch_version": "2.5.1+cu118",
  "cuda_version": "11.8",
  "gpu_name": "NVIDIA GeForce RTX 4090"
}
